ISO-10303-21;
HEADER;
FILE_DESCRIPTION(('KiCad electronic assembly'),'2;1');
FILE_NAME('DisplayDevice.step','2026-02-15T13:38:03',('Pcbnew'),('Kicad'
    ),'Open CASCADE STEP processor 7.9','KiCad to STEP converter',
  'Unknown');
FILE_SCHEMA(('AUTOMOTIVE_DESIGN { 1 0 10303 214 1 1 1 1 }'));
ENDSEC;
DATA;
#1 = APPLICATION_PROTOCOL_DEFINITION('international standard',
  'automotive_design',2000,#2);
#2 = APPLICATION_CONTEXT(
  'core data for automotive mechanical design processes');
#3 = SHAPE_DEFINITION_REPRESENTATION(#4,#10);
#4 = PRODUCT_DEFINITION_SHAPE('','',#5);
#5 = PRODUCT_DEFINITION('design','',#6,#9);
#6 = PRODUCT_DEFINITION_FORMATION('','',#7);
#7 = PRODUCT('DisplayDevice 1','DisplayDevice 1','',(#8));
#8 = PRODUCT_CONTEXT('',#2,'mechanical');
#9 = PRODUCT_DEFINITION_CONTEXT('part definition',#2,'design');
#10 = SHAPE_REPRESENTATION('',(#11,#15,#19,#23,#27,#31,#35,#39),#43);
#11 = AXIS2_PLACEMENT_3D('',#12,#13,#14);
#12 = CARTESIAN_POINT('',(0.,0.,0.));
#13 = DIRECTION('',(0.,0.,1.));
#14 = DIRECTION('',(1.,0.,-0.));
#15 = AXIS2_PLACEMENT_3D('',#16,#17,#18);
#16 = CARTESIAN_POINT('',(200.6,-71.,1.595));
#17 = DIRECTION('',(0.,0.,1.));
#18 = DIRECTION('',(-1.,1.224646799147E-16,0.));
#19 = AXIS2_PLACEMENT_3D('',#20,#21,#22);
#20 = CARTESIAN_POINT('',(132.2875,-67.8,1.595));
#21 = DIRECTION('',(0.,0.,1.));
#22 = DIRECTION('',(-1.,1.224646799147E-16,0.));
#23 = AXIS2_PLACEMENT_3D('',#24,#25,#26);
#24 = CARTESIAN_POINT('',(133.55,-82.1,1.595));
#25 = DIRECTION('',(0.,0.,1.));
#26 = DIRECTION('',(-1.,1.224646799147E-16,0.));
#27 = AXIS2_PLACEMENT_3D('',#28,#29,#30);
#28 = CARTESIAN_POINT('',(132.2,-60.65,1.595));
#29 = DIRECTION('',(0.,0.,1.));
#30 = DIRECTION('',(-1.,1.224646799147E-16,0.));
#31 = AXIS2_PLACEMENT_3D('',#32,#33,#34);
#32 = CARTESIAN_POINT('',(132.0875,-75.7,1.595));
#33 = DIRECTION('',(0.,0.,1.));
#34 = DIRECTION('',(-1.,1.224646799147E-16,0.));
#35 = AXIS2_PLACEMENT_3D('',#36,#37,#38);
#36 = CARTESIAN_POINT('',(179.7,-65.44,1.595));
#37 = DIRECTION('',(0.,0.,1.));
#38 = DIRECTION('',(-1.,1.224646799147E-16,0.));
#39 = AXIS2_PLACEMENT_3D('',#40,#41,#42);
#40 = CARTESIAN_POINT('',(0.,0.,0.));
#41 = DIRECTION('',(0.,0.,1.));
#42 = DIRECTION('',(1.,0.,-0.));
#43 = ( GEOMETRIC_REPRESENTATION_CONTEXT(3) 
GLOBAL_UNCERTAINTY_ASSIGNED_CONTEXT((#47)) GLOBAL_UNIT_ASSIGNED_CONTEXT(
(#44,#45,#46)) REPRESENTATION_CONTEXT('Context #1',
  '3D Context with UNIT and UNCERTAINTY') );
#44 = ( LENGTH_UNIT() NAMED_UNIT(*) SI_UNIT(.MILLI.,.METRE.) );
#45 = ( NAMED_UNIT(*) PLANE_ANGLE_UNIT() SI_UNIT($,.RADIAN.) );
#46 = ( NAMED_UNIT(*) SI_UNIT($,.STERADIAN.) SOLID_ANGLE_UNIT() );
#47 = UNCERTAINTY_MEASURE_WITH_UNIT(LENGTH_MEASURE(1.E-07),#44,
  'distance_accuracy_value','confusion accuracy');
#48 = PRODUCT_RELATED_PRODUCT_CATEGORY('part',$,(#7));
#49 = SHAPE_DEFINITION_REPRESENTATION(#50,#56);
#50 = PRODUCT_DEFINITION_SHAPE('','',#51);
#51 = PRODUCT_DEFINITION('design','',#52,#55);
#52 = PRODUCT_DEFINITION_FORMATION('','',#53);
#53 = PRODUCT('LED_WS2812B_PLCC4_5.0x5.0mm_P3.2mm',
  'LED_WS2812B_PLCC4_5.0x5.0mm_P3.2mm','',(#54));
#54 = PRODUCT_CONTEXT('',#2,'mechanical');
#55 = PRODUCT_DEFINITION_CONTEXT('part definition',#2,'design');
#56 = ADVANCED_BREP_SHAPE_REPRESENTATION('',(#11,#57),#2324);
#57 = MANIFOLD_SOLID_BREP('',#58);
#58 = CLOSED_SHELL('',(#59,#118,#143,#176,#201,#226,#251,#268,#293,#324,
    #364,#495,#619,#636,#645,#656,#824,#855,#886,#917,#1002,#1026,#1104,
    #1135,#1220,#1244,#1322,#1353,#1384,#1415,#1500,#1524,#1602,#1633,
    #1718,#1742,#1820,#1837,#1854,#1871,#1888,#1905,#1922,#1939,#1961,
    #1973,#1985,#2002,#2014,#2031,#2053,#2065,#2082,#2094,#2106,#2123,
    #2140,#2157,#2179,#2191,#2208,#2220,#2232,#2249,#2271,#2283,#2300,
    #2312));
#59 = ADVANCED_FACE('',(#60,#71),#113,.T.);
#60 = FACE_BOUND('',#61,.T.);
#61 = EDGE_LOOP('',(#62));
#62 = ORIENTED_EDGE('',*,*,#63,.T.);
#63 = EDGE_CURVE('',#64,#64,#66,.T.);
#64 = VERTEX_POINT('',#65);
#65 = CARTESIAN_POINT('',(-1.966666666667,2.408472038323E-16,1.6));
#66 = CIRCLE('',#67,1.966666666667);
#67 = AXIS2_PLACEMENT_3D('',#68,#69,#70);
#68 = CARTESIAN_POINT('',(0.,0.,1.6));
#69 = DIRECTION('',(0.,0.,-1.));
#70 = DIRECTION('',(-1.,1.224646799147E-16,0.));
#71 = FACE_BOUND('',#72,.T.);
#72 = EDGE_LOOP('',(#73,#83,#91,#99,#107));
#73 = ORIENTED_EDGE('',*,*,#74,.T.);
#74 = EDGE_CURVE('',#75,#77,#79,.T.);
#75 = VERTEX_POINT('',#76);
#76 = CARTESIAN_POINT('',(1.433400076889,-2.425,1.6));
#77 = VERTEX_POINT('',#78);
#78 = CARTESIAN_POINT('',(2.425,-1.433400076889,1.6));
#79 = LINE('',#80,#81);
#80 = CARTESIAN_POINT('',(1.411433085478,-2.446966991411,1.6));
#81 = VECTOR('',#82,1.);
#82 = DIRECTION('',(0.707106781187,0.707106781187,0.));
#83 = ORIENTED_EDGE('',*,*,#84,.T.);
#84 = EDGE_CURVE('',#77,#85,#87,.T.);
#85 = VERTEX_POINT('',#86);
#86 = CARTESIAN_POINT('',(2.425,2.425,1.6));
#87 = LINE('',#88,#89);
#88 = CARTESIAN_POINT('',(2.425,-1.464466094067,1.6));
#89 = VECTOR('',#90,1.);
#90 = DIRECTION('',(1.224646799147E-16,1.,0.));
#91 = ORIENTED_EDGE('',*,*,#92,.T.);
#92 = EDGE_CURVE('',#85,#93,#95,.T.);
#93 = VERTEX_POINT('',#94);
#94 = CARTESIAN_POINT('',(-2.425,2.425,1.6));
#95 = LINE('',#96,#97);
#96 = CARTESIAN_POINT('',(2.5,2.425,1.6));
#97 = VECTOR('',#98,1.);
#98 = DIRECTION('',(-1.,1.224646799147E-16,0.));
#99 = ORIENTED_EDGE('',*,*,#100,.T.);
#100 = EDGE_CURVE('',#93,#101,#103,.T.);
#101 = VERTEX_POINT('',#102);
#102 = CARTESIAN_POINT('',(-2.425,-2.425,1.6));
#103 = LINE('',#104,#105);
#104 = CARTESIAN_POINT('',(-2.425,2.5,1.6));
#105 = VECTOR('',#106,1.);
#106 = DIRECTION('',(-1.224646799147E-16,-1.,0.));
#107 = ORIENTED_EDGE('',*,*,#108,.T.);
#108 = EDGE_CURVE('',#101,#75,#109,.T.);
#109 = LINE('',#110,#111);
#110 = CARTESIAN_POINT('',(-2.5,-2.425,1.6));
#111 = VECTOR('',#112,1.);
#112 = DIRECTION('',(1.,-1.224646799147E-16,0.));
#113 = PLANE('',#114);
#114 = AXIS2_PLACEMENT_3D('',#115,#116,#117);
#115 = CARTESIAN_POINT('',(0.,0.,1.6));
#116 = DIRECTION('',(0.,0.,1.));
#117 = DIRECTION('',(-1.,1.224646799147E-16,0.));
#118 = ADVANCED_FACE('',(#119),#138,.F.);
#119 = FACE_BOUND('',#120,.F.);
#120 = EDGE_LOOP('',(#121,#129,#130,#131));
#121 = ORIENTED_EDGE('',*,*,#122,.F.);
#122 = EDGE_CURVE('',#64,#123,#125,.T.);
#123 = VERTEX_POINT('',#124);
#124 = CARTESIAN_POINT('',(-1.666666666667,2.041077998579E-16,1.3));
#125 = LINE('',#126,#127);
#126 = CARTESIAN_POINT('',(-1.666666666667,2.041077998579E-16,1.3));
#127 = VECTOR('',#128,1.);
#128 = DIRECTION('',(0.707106781187,-8.659560562349E-17,-0.707106781187)
  );
#129 = ORIENTED_EDGE('',*,*,#63,.T.);
#130 = ORIENTED_EDGE('',*,*,#122,.T.);
#131 = ORIENTED_EDGE('',*,*,#132,.F.);
#132 = EDGE_CURVE('',#123,#123,#133,.T.);
#133 = CIRCLE('',#134,1.666666666667);
#134 = AXIS2_PLACEMENT_3D('',#135,#136,#137);
#135 = CARTESIAN_POINT('',(0.,0.,1.3));
#136 = DIRECTION('',(0.,0.,-1.));
#137 = DIRECTION('',(-1.,1.224646799147E-16,0.));
#138 = CONICAL_SURFACE('',#139,1.666666666667,0.785398163397);
#139 = AXIS2_PLACEMENT_3D('',#140,#141,#142);
#140 = CARTESIAN_POINT('',(0.,0.,1.3));
#141 = DIRECTION('',(0.,0.,1.));
#142 = DIRECTION('',(-1.,1.224646799147E-16,0.));
#143 = ADVANCED_FACE('',(#144),#171,.T.);
#144 = FACE_BOUND('',#145,.T.);
#145 = EDGE_LOOP('',(#146,#155,#163,#170));
#146 = ORIENTED_EDGE('',*,*,#147,.T.);
#147 = EDGE_CURVE('',#75,#148,#150,.T.);
#148 = VERTEX_POINT('',#149);
#149 = CARTESIAN_POINT('',(1.464466094067,-2.5,1.525));
#150 = ELLIPSE('',#151,8.117941502193E-02,7.5E-02);
#151 = AXIS2_PLACEMENT_3D('',#152,#153,#154);
#152 = CARTESIAN_POINT('',(1.433400076889,-2.425,1.525));
#153 = DIRECTION('',(0.923879532511,0.382683432365,-0.));
#154 = DIRECTION('',(-0.382683432365,0.923879532511,0.));
#155 = ORIENTED_EDGE('',*,*,#156,.T.);
#156 = EDGE_CURVE('',#148,#157,#159,.T.);
#157 = VERTEX_POINT('',#158);
#158 = CARTESIAN_POINT('',(2.5,-1.464466094067,1.525));
#159 = LINE('',#160,#161);
#160 = CARTESIAN_POINT('',(1.464466094067,-2.5,1.525));
#161 = VECTOR('',#162,1.);
#162 = DIRECTION('',(0.707106781187,0.707106781187,0.));
#163 = ORIENTED_EDGE('',*,*,#164,.F.);
#164 = EDGE_CURVE('',#77,#157,#165,.T.);
#165 = ELLIPSE('',#166,8.117941502193E-02,7.5E-02);
#166 = AXIS2_PLACEMENT_3D('',#167,#168,#169);
#167 = CARTESIAN_POINT('',(2.425,-1.433400076889,1.525));
#168 = DIRECTION('',(0.382683432365,0.923879532511,0.));
#169 = DIRECTION('',(0.923879532511,-0.382683432365,0.));
#170 = ORIENTED_EDGE('',*,*,#74,.F.);
#171 = CYLINDRICAL_SURFACE('',#172,7.5E-02);
#172 = AXIS2_PLACEMENT_3D('',#173,#174,#175);
#173 = CARTESIAN_POINT('',(1.411433085478,-2.446966991411,1.525));
#174 = DIRECTION('',(0.707106781187,0.707106781187,0.));
#175 = DIRECTION('',(0.,-0.,1.));
#176 = ADVANCED_FACE('',(#177),#196,.T.);
#177 = FACE_BOUND('',#178,.T.);
#178 = EDGE_LOOP('',(#179,#188,#194,#195));
#179 = ORIENTED_EDGE('',*,*,#180,.F.);
#180 = EDGE_CURVE('',#181,#101,#183,.T.);
#181 = VERTEX_POINT('',#182);
#182 = CARTESIAN_POINT('',(-2.5,-2.5,1.525));
#183 = ELLIPSE('',#184,0.106066017178,7.5E-02);
#184 = AXIS2_PLACEMENT_3D('',#185,#186,#187);
#185 = CARTESIAN_POINT('',(-2.425,-2.425,1.525));
#186 = DIRECTION('',(-0.707106781187,0.707106781187,0.));
#187 = DIRECTION('',(-0.707106781187,-0.707106781187,0.));
#188 = ORIENTED_EDGE('',*,*,#189,.T.);
#189 = EDGE_CURVE('',#181,#148,#190,.T.);
#190 = LINE('',#191,#192);
#191 = CARTESIAN_POINT('',(-2.5,-2.5,1.525));
#192 = VECTOR('',#193,1.);
#193 = DIRECTION('',(1.,-1.224646799147E-16,0.));
#194 = ORIENTED_EDGE('',*,*,#147,.F.);
#195 = ORIENTED_EDGE('',*,*,#108,.F.);
#196 = CYLINDRICAL_SURFACE('',#197,7.5E-02);
#197 = AXIS2_PLACEMENT_3D('',#198,#199,#200);
#198 = CARTESIAN_POINT('',(-2.5,-2.425,1.525));
#199 = DIRECTION('',(1.,-1.224646799147E-16,0.));
#200 = DIRECTION('',(0.,0.,1.));
#201 = ADVANCED_FACE('',(#202),#221,.T.);
#202 = FACE_BOUND('',#203,.T.);
#203 = EDGE_LOOP('',(#204,#212,#219,#220));
#204 = ORIENTED_EDGE('',*,*,#205,.T.);
#205 = EDGE_CURVE('',#157,#206,#208,.T.);
#206 = VERTEX_POINT('',#207);
#207 = CARTESIAN_POINT('',(2.5,2.5,1.525));
#208 = LINE('',#209,#210);
#209 = CARTESIAN_POINT('',(2.5,-1.464466094067,1.525));
#210 = VECTOR('',#211,1.);
#211 = DIRECTION('',(1.224646799147E-16,1.,0.));
#212 = ORIENTED_EDGE('',*,*,#213,.T.);
#213 = EDGE_CURVE('',#206,#85,#214,.T.);
#214 = ELLIPSE('',#215,0.106066017178,7.5E-02);
#215 = AXIS2_PLACEMENT_3D('',#216,#217,#218);
#216 = CARTESIAN_POINT('',(2.425,2.425,1.525));
#217 = DIRECTION('',(0.707106781187,-0.707106781187,-0.));
#218 = DIRECTION('',(-0.707106781187,-0.707106781187,0.));
#219 = ORIENTED_EDGE('',*,*,#84,.F.);
#220 = ORIENTED_EDGE('',*,*,#164,.T.);
#221 = CYLINDRICAL_SURFACE('',#222,7.5E-02);
#222 = AXIS2_PLACEMENT_3D('',#223,#224,#225);
#223 = CARTESIAN_POINT('',(2.425,-1.464466094067,1.525));
#224 = DIRECTION('',(1.224646799147E-16,1.,0.));
#225 = DIRECTION('',(1.,-1.224646799147E-16,0.));
#226 = ADVANCED_FACE('',(#227),#246,.T.);
#227 = FACE_BOUND('',#228,.T.);
#228 = EDGE_LOOP('',(#229,#237,#238,#239));
#229 = ORIENTED_EDGE('',*,*,#230,.T.);
#230 = EDGE_CURVE('',#231,#181,#233,.T.);
#231 = VERTEX_POINT('',#232);
#232 = CARTESIAN_POINT('',(-2.5,2.5,1.525));
#233 = LINE('',#234,#235);
#234 = CARTESIAN_POINT('',(-2.5,2.5,1.525));
#235 = VECTOR('',#236,1.);
#236 = DIRECTION('',(-1.224646799147E-16,-1.,0.));
#237 = ORIENTED_EDGE('',*,*,#180,.T.);
#238 = ORIENTED_EDGE('',*,*,#100,.F.);
#239 = ORIENTED_EDGE('',*,*,#240,.F.);
#240 = EDGE_CURVE('',#231,#93,#241,.T.);
#241 = ELLIPSE('',#242,0.106066017178,7.5E-02);
#242 = AXIS2_PLACEMENT_3D('',#243,#244,#245);
#243 = CARTESIAN_POINT('',(-2.425,2.425,1.525));
#244 = DIRECTION('',(0.707106781187,0.707106781187,-0.));
#245 = DIRECTION('',(-0.707106781187,0.707106781187,0.));
#246 = CYLINDRICAL_SURFACE('',#247,7.5E-02);
#247 = AXIS2_PLACEMENT_3D('',#248,#249,#250);
#248 = CARTESIAN_POINT('',(-2.425,2.5,1.525));
#249 = DIRECTION('',(-1.224646799147E-16,-1.,0.));
#250 = DIRECTION('',(-1.,1.224646799147E-16,0.));
#251 = ADVANCED_FACE('',(#252),#263,.T.);
#252 = FACE_BOUND('',#253,.T.);
#253 = EDGE_LOOP('',(#254,#260,#261,#262));
#254 = ORIENTED_EDGE('',*,*,#255,.T.);
#255 = EDGE_CURVE('',#206,#231,#256,.T.);
#256 = LINE('',#257,#258);
#257 = CARTESIAN_POINT('',(2.5,2.5,1.525));
#258 = VECTOR('',#259,1.);
#259 = DIRECTION('',(-1.,1.224646799147E-16,0.));
#260 = ORIENTED_EDGE('',*,*,#240,.T.);
#261 = ORIENTED_EDGE('',*,*,#92,.F.);
#262 = ORIENTED_EDGE('',*,*,#213,.F.);
#263 = CYLINDRICAL_SURFACE('',#264,7.5E-02);
#264 = AXIS2_PLACEMENT_3D('',#265,#266,#267);
#265 = CARTESIAN_POINT('',(2.5,2.425,1.525));
#266 = DIRECTION('',(-1.,1.224646799147E-16,0.));
#267 = DIRECTION('',(1.224646799147E-16,1.,0.));
#268 = ADVANCED_FACE('',(#269),#288,.F.);
#269 = FACE_BOUND('',#270,.F.);
#270 = EDGE_LOOP('',(#271,#279,#280,#281));
#271 = ORIENTED_EDGE('',*,*,#272,.T.);
#272 = EDGE_CURVE('',#273,#123,#275,.T.);
#273 = VERTEX_POINT('',#274);
#274 = CARTESIAN_POINT('',(-1.666666666667,2.041077998579E-16,1.225));
#275 = LINE('',#276,#277);
#276 = CARTESIAN_POINT('',(-1.666666666667,2.041077998579E-16,0.85));
#277 = VECTOR('',#278,1.);
#278 = DIRECTION('',(0.,0.,1.));
#279 = ORIENTED_EDGE('',*,*,#132,.T.);
#280 = ORIENTED_EDGE('',*,*,#272,.F.);
#281 = ORIENTED_EDGE('',*,*,#282,.T.);
#282 = EDGE_CURVE('',#273,#273,#283,.T.);
#283 = CIRCLE('',#284,1.666666666667);
#284 = AXIS2_PLACEMENT_3D('',#285,#286,#287);
#285 = CARTESIAN_POINT('',(0.,0.,1.225));
#286 = DIRECTION('',(0.,0.,1.));
#287 = DIRECTION('',(-1.,1.224646799147E-16,0.));
#288 = CYLINDRICAL_SURFACE('',#289,1.666666666667);
#289 = AXIS2_PLACEMENT_3D('',#290,#291,#292);
#290 = CARTESIAN_POINT('',(0.,0.,0.85));
#291 = DIRECTION('',(0.,0.,-1.));
#292 = DIRECTION('',(-1.,1.224646799147E-16,0.));
#293 = ADVANCED_FACE('',(#294),#319,.T.);
#294 = FACE_BOUND('',#295,.T.);
#295 = EDGE_LOOP('',(#296,#304,#312,#318));
#296 = ORIENTED_EDGE('',*,*,#297,.T.);
#297 = EDGE_CURVE('',#148,#298,#300,.T.);
#298 = VERTEX_POINT('',#299);
#299 = CARTESIAN_POINT('',(1.464466094067,-2.5,1.3));
#300 = LINE('',#301,#302);
#301 = CARTESIAN_POINT('',(1.464466094067,-2.5,0.7));
#302 = VECTOR('',#303,1.);
#303 = DIRECTION('',(0.,0.,-1.));
#304 = ORIENTED_EDGE('',*,*,#305,.F.);
#305 = EDGE_CURVE('',#306,#298,#308,.T.);
#306 = VERTEX_POINT('',#307);
#307 = CARTESIAN_POINT('',(2.5,-1.464466094067,1.3));
#308 = LINE('',#309,#310);
#309 = CARTESIAN_POINT('',(3.75,-0.214466094067,1.3));
#310 = VECTOR('',#311,1.);
#311 = DIRECTION('',(-0.707106781187,-0.707106781187,0.));
#312 = ORIENTED_EDGE('',*,*,#313,.T.);
#313 = EDGE_CURVE('',#306,#157,#314,.T.);
#314 = LINE('',#315,#316);
#315 = CARTESIAN_POINT('',(2.5,-1.464466094067,0.7));
#316 = VECTOR('',#317,1.);
#317 = DIRECTION('',(0.,0.,1.));
#318 = ORIENTED_EDGE('',*,*,#156,.F.);
#319 = PLANE('',#320);
#320 = AXIS2_PLACEMENT_3D('',#321,#322,#323);
#321 = CARTESIAN_POINT('',(3.75,-0.214466094067,1.3));
#322 = DIRECTION('',(0.707106781187,-0.707106781187,0.));
#323 = DIRECTION('',(-0.707106781187,-0.707106781187,0.));
#324 = ADVANCED_FACE('',(#325),#359,.F.);
#325 = FACE_BOUND('',#326,.F.);
#326 = EDGE_LOOP('',(#327,#328,#336,#344,#352,#358));
#327 = ORIENTED_EDGE('',*,*,#297,.T.);
#328 = ORIENTED_EDGE('',*,*,#329,.T.);
#329 = EDGE_CURVE('',#298,#330,#332,.T.);
#330 = VERTEX_POINT('',#331);
#331 = CARTESIAN_POINT('',(2.5,-2.5,1.3));
#332 = LINE('',#333,#334);
#333 = CARTESIAN_POINT('',(0.625,-2.5,1.3));
#334 = VECTOR('',#335,1.);
#335 = DIRECTION('',(1.,-1.224646799147E-16,0.));
#336 = ORIENTED_EDGE('',*,*,#337,.F.);
#337 = EDGE_CURVE('',#338,#330,#340,.T.);
#338 = VERTEX_POINT('',#339);
#339 = CARTESIAN_POINT('',(2.5,-2.5,0.1));
#340 = LINE('',#341,#342);
#341 = CARTESIAN_POINT('',(2.5,-2.5,0.1));
#342 = VECTOR('',#343,1.);
#343 = DIRECTION('',(0.,0.,1.));
#344 = ORIENTED_EDGE('',*,*,#345,.F.);
#345 = EDGE_CURVE('',#346,#338,#348,.T.);
#346 = VERTEX_POINT('',#347);
#347 = CARTESIAN_POINT('',(-2.5,-2.5,0.1));
#348 = LINE('',#349,#350);
#349 = CARTESIAN_POINT('',(-2.5,-2.5,0.1));
#350 = VECTOR('',#351,1.);
#351 = DIRECTION('',(1.,-1.224646799147E-16,0.));
#352 = ORIENTED_EDGE('',*,*,#353,.T.);
#353 = EDGE_CURVE('',#346,#181,#354,.T.);
#354 = LINE('',#355,#356);
#355 = CARTESIAN_POINT('',(-2.5,-2.5,0.1));
#356 = VECTOR('',#357,1.);
#357 = DIRECTION('',(0.,0.,1.));
#358 = ORIENTED_EDGE('',*,*,#189,.T.);
#359 = PLANE('',#360);
#360 = AXIS2_PLACEMENT_3D('',#361,#362,#363);
#361 = CARTESIAN_POINT('',(-2.5,-2.5,0.1));
#362 = DIRECTION('',(1.224646799147E-16,1.,0.));
#363 = DIRECTION('',(1.,-1.224646799147E-16,0.));
#364 = ADVANCED_FACE('',(#365,#422,#456),#490,.F.);
#365 = FACE_BOUND('',#366,.F.);
#366 = EDGE_LOOP('',(#367,#375,#383,#391,#399,#407,#413,#414,#420,#421)
  );
#367 = ORIENTED_EDGE('',*,*,#368,.F.);
#368 = EDGE_CURVE('',#369,#206,#371,.T.);
#369 = VERTEX_POINT('',#370);
#370 = CARTESIAN_POINT('',(2.5,2.5,0.1));
#371 = LINE('',#372,#373);
#372 = CARTESIAN_POINT('',(2.5,2.5,0.1));
#373 = VECTOR('',#374,1.);
#374 = DIRECTION('',(0.,0.,1.));
#375 = ORIENTED_EDGE('',*,*,#376,.F.);
#376 = EDGE_CURVE('',#377,#369,#379,.T.);
#377 = VERTEX_POINT('',#378);
#378 = CARTESIAN_POINT('',(2.5,2.1,0.1));
#379 = LINE('',#380,#381);
#380 = CARTESIAN_POINT('',(2.5,-2.5,0.1));
#381 = VECTOR('',#382,1.);
#382 = DIRECTION('',(1.224646799147E-16,1.,0.));
#383 = ORIENTED_EDGE('',*,*,#384,.F.);
#384 = EDGE_CURVE('',#385,#377,#387,.T.);
#385 = VERTEX_POINT('',#386);
#386 = CARTESIAN_POINT('',(2.5,1.2,0.1));
#387 = LINE('',#388,#389);
#388 = CARTESIAN_POINT('',(2.5,-2.5,0.1));
#389 = VECTOR('',#390,1.);
#390 = DIRECTION('',(1.224646799147E-16,1.,0.));
#391 = ORIENTED_EDGE('',*,*,#392,.F.);
#392 = EDGE_CURVE('',#393,#385,#395,.T.);
#393 = VERTEX_POINT('',#394);
#394 = CARTESIAN_POINT('',(2.5,-1.2,0.1));
#395 = LINE('',#396,#397);
#396 = CARTESIAN_POINT('',(2.5,-2.5,0.1));
#397 = VECTOR('',#398,1.);
#398 = DIRECTION('',(1.224646799147E-16,1.,0.));
#399 = ORIENTED_EDGE('',*,*,#400,.F.);
#400 = EDGE_CURVE('',#401,#393,#403,.T.);
#401 = VERTEX_POINT('',#402);
#402 = CARTESIAN_POINT('',(2.5,-2.1,0.1));
#403 = LINE('',#404,#405);
#404 = CARTESIAN_POINT('',(2.5,-2.5,0.1));
#405 = VECTOR('',#406,1.);
#406 = DIRECTION('',(1.224646799147E-16,1.,0.));
#407 = ORIENTED_EDGE('',*,*,#408,.F.);
#408 = EDGE_CURVE('',#338,#401,#409,.T.);
#409 = LINE('',#410,#411);
#410 = CARTESIAN_POINT('',(2.5,-2.5,0.1));
#411 = VECTOR('',#412,1.);
#412 = DIRECTION('',(1.224646799147E-16,1.,0.));
#413 = ORIENTED_EDGE('',*,*,#337,.T.);
#414 = ORIENTED_EDGE('',*,*,#415,.T.);
#415 = EDGE_CURVE('',#330,#306,#416,.T.);
#416 = LINE('',#417,#418);
#417 = CARTESIAN_POINT('',(2.5,-3.125,1.3));
#418 = VECTOR('',#419,1.);
#419 = DIRECTION('',(1.224646799147E-16,1.,0.));
#420 = ORIENTED_EDGE('',*,*,#313,.T.);
#421 = ORIENTED_EDGE('',*,*,#205,.T.);
#422 = FACE_BOUND('',#423,.F.);
#423 = EDGE_LOOP('',(#424,#434,#442,#450));
#424 = ORIENTED_EDGE('',*,*,#425,.T.);
#425 = EDGE_CURVE('',#426,#428,#430,.T.);
#426 = VERTEX_POINT('',#427);
#427 = CARTESIAN_POINT('',(2.5,1.2,0.9));
#428 = VERTEX_POINT('',#429);
#429 = CARTESIAN_POINT('',(2.5,2.1,0.9));
#430 = LINE('',#431,#432);
#431 = CARTESIAN_POINT('',(2.5,-0.425,0.9));
#432 = VECTOR('',#433,1.);
#433 = DIRECTION('',(1.224646799147E-16,1.,-1.556307025767E-32));
#434 = ORIENTED_EDGE('',*,*,#435,.T.);
#435 = EDGE_CURVE('',#428,#436,#438,.T.);
#436 = VERTEX_POINT('',#437);
#437 = CARTESIAN_POINT('',(2.5,2.1,1.));
#438 = LINE('',#439,#440);
#439 = CARTESIAN_POINT('',(2.5,2.1,5.E-02));
#440 = VECTOR('',#441,1.);
#441 = DIRECTION('',(0.,0.,1.));
#442 = ORIENTED_EDGE('',*,*,#443,.F.);
#443 = EDGE_CURVE('',#444,#436,#446,.T.);
#444 = VERTEX_POINT('',#445);
#445 = CARTESIAN_POINT('',(2.5,1.2,1.));
#446 = LINE('',#447,#448);
#447 = CARTESIAN_POINT('',(2.5,-0.425,1.));
#448 = VECTOR('',#449,1.);
#449 = DIRECTION('',(1.224646799147E-16,1.,0.));
#450 = ORIENTED_EDGE('',*,*,#451,.T.);
#451 = EDGE_CURVE('',#444,#426,#452,.T.);
#452 = LINE('',#453,#454);
#453 = CARTESIAN_POINT('',(2.5,1.2,5.E-02));
#454 = VECTOR('',#455,1.);
#455 = DIRECTION('',(-0.,0.,-1.));
#456 = FACE_BOUND('',#457,.F.);
#457 = EDGE_LOOP('',(#458,#468,#476,#484));
#458 = ORIENTED_EDGE('',*,*,#459,.F.);
#459 = EDGE_CURVE('',#460,#462,#464,.T.);
#460 = VERTEX_POINT('',#461);
#461 = CARTESIAN_POINT('',(2.5,-2.1,1.));
#462 = VERTEX_POINT('',#463);
#463 = CARTESIAN_POINT('',(2.5,-1.2,1.));
#464 = LINE('',#465,#466);
#465 = CARTESIAN_POINT('',(2.5,-2.075,1.));
#466 = VECTOR('',#467,1.);
#467 = DIRECTION('',(1.224646799147E-16,1.,0.));
#468 = ORIENTED_EDGE('',*,*,#469,.T.);
#469 = EDGE_CURVE('',#460,#470,#472,.T.);
#470 = VERTEX_POINT('',#471);
#471 = CARTESIAN_POINT('',(2.5,-2.1,0.9));
#472 = LINE('',#473,#474);
#473 = CARTESIAN_POINT('',(2.5,-2.1,5.E-02));
#474 = VECTOR('',#475,1.);
#475 = DIRECTION('',(-0.,0.,-1.));
#476 = ORIENTED_EDGE('',*,*,#477,.T.);
#477 = EDGE_CURVE('',#470,#478,#480,.T.);
#478 = VERTEX_POINT('',#479);
#479 = CARTESIAN_POINT('',(2.5,-1.2,0.9));
#480 = LINE('',#481,#482);
#481 = CARTESIAN_POINT('',(2.5,-2.075,0.9));
#482 = VECTOR('',#483,1.);
#483 = DIRECTION('',(1.224646799147E-16,1.,-3.890767564419E-33));
#484 = ORIENTED_EDGE('',*,*,#485,.T.);
#485 = EDGE_CURVE('',#478,#462,#486,.T.);
#486 = LINE('',#487,#488);
#487 = CARTESIAN_POINT('',(2.5,-1.2,5.E-02));
#488 = VECTOR('',#489,1.);
#489 = DIRECTION('',(0.,0.,1.));
#490 = PLANE('',#491);
#491 = AXIS2_PLACEMENT_3D('',#492,#493,#494);
#492 = CARTESIAN_POINT('',(2.5,-2.5,0.1));
#493 = DIRECTION('',(-1.,1.224646799147E-16,0.));
#494 = DIRECTION('',(1.224646799147E-16,1.,0.));
#495 = ADVANCED_FACE('',(#496,#546,#580),#614,.F.);
#496 = FACE_BOUND('',#497,.F.);
#497 = EDGE_LOOP('',(#498,#506,#507,#508,#516,#524,#532,#540));
#498 = ORIENTED_EDGE('',*,*,#499,.T.);
#499 = EDGE_CURVE('',#500,#231,#502,.T.);
#500 = VERTEX_POINT('',#501);
#501 = CARTESIAN_POINT('',(-2.5,2.5,0.1));
#502 = LINE('',#503,#504);
#503 = CARTESIAN_POINT('',(-2.5,2.5,0.1));
#504 = VECTOR('',#505,1.);
#505 = DIRECTION('',(0.,0.,1.));
#506 = ORIENTED_EDGE('',*,*,#230,.T.);
#507 = ORIENTED_EDGE('',*,*,#353,.F.);
#508 = ORIENTED_EDGE('',*,*,#509,.F.);
#509 = EDGE_CURVE('',#510,#346,#512,.T.);
#510 = VERTEX_POINT('',#511);
#511 = CARTESIAN_POINT('',(-2.5,-2.1,0.1));
#512 = LINE('',#513,#514);
#513 = CARTESIAN_POINT('',(-2.5,2.5,0.1));
#514 = VECTOR('',#515,1.);
#515 = DIRECTION('',(-1.224646799147E-16,-1.,0.));
#516 = ORIENTED_EDGE('',*,*,#517,.F.);
#517 = EDGE_CURVE('',#518,#510,#520,.T.);
#518 = VERTEX_POINT('',#519);
#519 = CARTESIAN_POINT('',(-2.5,-1.2,0.1));
#520 = LINE('',#521,#522);
#521 = CARTESIAN_POINT('',(-2.5,2.5,0.1));
#522 = VECTOR('',#523,1.);
#523 = DIRECTION('',(-1.224646799147E-16,-1.,0.));
#524 = ORIENTED_EDGE('',*,*,#525,.F.);
#525 = EDGE_CURVE('',#526,#518,#528,.T.);
#526 = VERTEX_POINT('',#527);
#527 = CARTESIAN_POINT('',(-2.5,1.2,0.1));
#528 = LINE('',#529,#530);
#529 = CARTESIAN_POINT('',(-2.5,2.5,0.1));
#530 = VECTOR('',#531,1.);
#531 = DIRECTION('',(-1.224646799147E-16,-1.,0.));
#532 = ORIENTED_EDGE('',*,*,#533,.F.);
#533 = EDGE_CURVE('',#534,#526,#536,.T.);
#534 = VERTEX_POINT('',#535);
#535 = CARTESIAN_POINT('',(-2.5,2.1,0.1));
#536 = LINE('',#537,#538);
#537 = CARTESIAN_POINT('',(-2.5,2.5,0.1));
#538 = VECTOR('',#539,1.);
#539 = DIRECTION('',(-1.224646799147E-16,-1.,0.));
#540 = ORIENTED_EDGE('',*,*,#541,.F.);
#541 = EDGE_CURVE('',#500,#534,#542,.T.);
#542 = LINE('',#543,#544);
#543 = CARTESIAN_POINT('',(-2.5,2.5,0.1));
#544 = VECTOR('',#545,1.);
#545 = DIRECTION('',(-1.224646799147E-16,-1.,0.));
#546 = FACE_BOUND('',#547,.F.);
#547 = EDGE_LOOP('',(#548,#558,#566,#574));
#548 = ORIENTED_EDGE('',*,*,#549,.F.);
#549 = EDGE_CURVE('',#550,#552,#554,.T.);
#550 = VERTEX_POINT('',#551);
#551 = CARTESIAN_POINT('',(-2.5,-1.2,1.));
#552 = VERTEX_POINT('',#553);
#553 = CARTESIAN_POINT('',(-2.5,-2.1,1.));
#554 = LINE('',#555,#556);
#555 = CARTESIAN_POINT('',(-2.5,0.425,1.));
#556 = VECTOR('',#557,1.);
#557 = DIRECTION('',(-1.224646799147E-16,-1.,0.));
#558 = ORIENTED_EDGE('',*,*,#559,.T.);
#559 = EDGE_CURVE('',#550,#560,#562,.T.);
#560 = VERTEX_POINT('',#561);
#561 = CARTESIAN_POINT('',(-2.5,-1.2,0.9));
#562 = LINE('',#563,#564);
#563 = CARTESIAN_POINT('',(-2.5,-1.2,5.E-02));
#564 = VECTOR('',#565,1.);
#565 = DIRECTION('',(-0.,0.,-1.));
#566 = ORIENTED_EDGE('',*,*,#567,.T.);
#567 = EDGE_CURVE('',#560,#568,#570,.T.);
#568 = VERTEX_POINT('',#569);
#569 = CARTESIAN_POINT('',(-2.5,-2.1,0.9));
#570 = LINE('',#571,#572);
#571 = CARTESIAN_POINT('',(-2.5,0.425,0.9));
#572 = VECTOR('',#573,1.);
#573 = DIRECTION('',(-1.224646799147E-16,-1.,3.890767564419E-33));
#574 = ORIENTED_EDGE('',*,*,#575,.T.);
#575 = EDGE_CURVE('',#568,#552,#576,.T.);
#576 = LINE('',#577,#578);
#577 = CARTESIAN_POINT('',(-2.5,-2.1,5.E-02));
#578 = VECTOR('',#579,1.);
#579 = DIRECTION('',(0.,0.,1.));
#580 = FACE_BOUND('',#581,.F.);
#581 = EDGE_LOOP('',(#582,#592,#600,#608));
#582 = ORIENTED_EDGE('',*,*,#583,.F.);
#583 = EDGE_CURVE('',#584,#586,#588,.T.);
#584 = VERTEX_POINT('',#585);
#585 = CARTESIAN_POINT('',(-2.5,2.1,1.));
#586 = VERTEX_POINT('',#587);
#587 = CARTESIAN_POINT('',(-2.5,1.2,1.));
#588 = LINE('',#589,#590);
#589 = CARTESIAN_POINT('',(-2.5,2.075,1.));
#590 = VECTOR('',#591,1.);
#591 = DIRECTION('',(-1.224646799147E-16,-1.,0.));
#592 = ORIENTED_EDGE('',*,*,#593,.T.);
#593 = EDGE_CURVE('',#584,#594,#596,.T.);
#594 = VERTEX_POINT('',#595);
#595 = CARTESIAN_POINT('',(-2.5,2.1,0.9));
#596 = LINE('',#597,#598);
#597 = CARTESIAN_POINT('',(-2.5,2.1,5.E-02));
#598 = VECTOR('',#599,1.);
#599 = DIRECTION('',(-0.,0.,-1.));
#600 = ORIENTED_EDGE('',*,*,#601,.T.);
#601 = EDGE_CURVE('',#594,#602,#604,.T.);
#602 = VERTEX_POINT('',#603);
#603 = CARTESIAN_POINT('',(-2.5,1.2,0.9));
#604 = LINE('',#605,#606);
#605 = CARTESIAN_POINT('',(-2.5,2.075,0.9));
#606 = VECTOR('',#607,1.);
#607 = DIRECTION('',(-1.224646799147E-16,-1.,1.556307025767E-32));
#608 = ORIENTED_EDGE('',*,*,#609,.T.);
#609 = EDGE_CURVE('',#602,#586,#610,.T.);
#610 = LINE('',#611,#612);
#611 = CARTESIAN_POINT('',(-2.5,1.2,5.E-02));
#612 = VECTOR('',#613,1.);
#613 = DIRECTION('',(0.,0.,1.));
#614 = PLANE('',#615);
#615 = AXIS2_PLACEMENT_3D('',#616,#617,#618);
#616 = CARTESIAN_POINT('',(-2.5,2.5,0.1));
#617 = DIRECTION('',(1.,-1.224646799147E-16,0.));
#618 = DIRECTION('',(-1.224646799147E-16,-1.,0.));
#619 = ADVANCED_FACE('',(#620),#631,.F.);
#620 = FACE_BOUND('',#621,.F.);
#621 = EDGE_LOOP('',(#622,#623,#624,#625));
#622 = ORIENTED_EDGE('',*,*,#368,.T.);
#623 = ORIENTED_EDGE('',*,*,#255,.T.);
#624 = ORIENTED_EDGE('',*,*,#499,.F.);
#625 = ORIENTED_EDGE('',*,*,#626,.F.);
#626 = EDGE_CURVE('',#369,#500,#627,.T.);
#627 = LINE('',#628,#629);
#628 = CARTESIAN_POINT('',(2.5,2.5,0.1));
#629 = VECTOR('',#630,1.);
#630 = DIRECTION('',(-1.,1.224646799147E-16,0.));
#631 = PLANE('',#632);
#632 = AXIS2_PLACEMENT_3D('',#633,#634,#635);
#633 = CARTESIAN_POINT('',(2.5,2.5,0.1));
#634 = DIRECTION('',(-1.224646799147E-16,-1.,0.));
#635 = DIRECTION('',(-1.,1.224646799147E-16,0.));
#636 = ADVANCED_FACE('',(#637),#640,.T.);
#637 = FACE_BOUND('',#638,.T.);
#638 = EDGE_LOOP('',(#639));
#639 = ORIENTED_EDGE('',*,*,#282,.T.);
#640 = PLANE('',#641);
#641 = AXIS2_PLACEMENT_3D('',#642,#643,#644);
#642 = CARTESIAN_POINT('',(1.538370149107E-16,-1.370800865949E-16,1.225)
  );
#643 = DIRECTION('',(0.,0.,1.));
#644 = DIRECTION('',(-1.,1.224646799147E-16,0.));
#645 = ADVANCED_FACE('',(#646),#651,.T.);
#646 = FACE_BOUND('',#647,.T.);
#647 = EDGE_LOOP('',(#648,#649,#650));
#648 = ORIENTED_EDGE('',*,*,#415,.T.);
#649 = ORIENTED_EDGE('',*,*,#305,.T.);
#650 = ORIENTED_EDGE('',*,*,#329,.T.);
#651 = PLANE('',#652);
#652 = AXIS2_PLACEMENT_3D('',#653,#654,#655);
#653 = CARTESIAN_POINT('',(3.75,-3.75,1.3));
#654 = DIRECTION('',(0.,0.,1.));
#655 = DIRECTION('',(-0.707106781187,-0.707106781187,0.));
#656 = ADVANCED_FACE('',(#657),#819,.F.);
#657 = FACE_BOUND('',#658,.F.);
#658 = EDGE_LOOP('',(#659,#660,#661,#662,#670,#678,#686,#694,#700,#701,
    #709,#717,#725,#733,#739,#740,#741,#742,#750,#758,#766,#774,#780,
    #781,#789,#797,#805,#813));
#659 = ORIENTED_EDGE('',*,*,#376,.T.);
#660 = ORIENTED_EDGE('',*,*,#626,.T.);
#661 = ORIENTED_EDGE('',*,*,#541,.T.);
#662 = ORIENTED_EDGE('',*,*,#663,.F.);
#663 = EDGE_CURVE('',#664,#534,#666,.T.);
#664 = VERTEX_POINT('',#665);
#665 = CARTESIAN_POINT('',(-1.95,2.1,0.1));
#666 = LINE('',#667,#668);
#667 = CARTESIAN_POINT('',(-2.025,2.1,0.1));
#668 = VECTOR('',#669,1.);
#669 = DIRECTION('',(-1.,1.224646799147E-16,-4.996063166392E-32));
#670 = ORIENTED_EDGE('',*,*,#671,.T.);
#671 = EDGE_CURVE('',#664,#672,#674,.T.);
#672 = VERTEX_POINT('',#673);
#673 = CARTESIAN_POINT('',(-1.8,2.1,0.1));
#674 = LINE('',#675,#676);
#675 = CARTESIAN_POINT('',(-0.9,2.1,0.1));
#676 = VECTOR('',#677,1.);
#677 = DIRECTION('',(1.,-1.224646799147E-16,0.));
#678 = ORIENTED_EDGE('',*,*,#679,.T.);
#679 = EDGE_CURVE('',#672,#680,#682,.T.);
#680 = VERTEX_POINT('',#681);
#681 = CARTESIAN_POINT('',(-1.8,1.2,0.1));
#682 = LINE('',#683,#684);
#683 = CARTESIAN_POINT('',(-1.8,0.6,0.1));
#684 = VECTOR('',#685,1.);
#685 = DIRECTION('',(-1.224646799147E-16,-1.,0.));
#686 = ORIENTED_EDGE('',*,*,#687,.T.);
#687 = EDGE_CURVE('',#680,#688,#690,.T.);
#688 = VERTEX_POINT('',#689);
#689 = CARTESIAN_POINT('',(-1.95,1.2,0.1));
#690 = LINE('',#691,#692);
#691 = CARTESIAN_POINT('',(-1.35,1.2,0.1));
#692 = VECTOR('',#693,1.);
#693 = DIRECTION('',(-1.,1.224646799147E-16,0.));
#694 = ORIENTED_EDGE('',*,*,#695,.F.);
#695 = EDGE_CURVE('',#526,#688,#696,.T.);
#696 = LINE('',#697,#698);
#697 = CARTESIAN_POINT('',(-2.475,1.2,0.1));
#698 = VECTOR('',#699,1.);
#699 = DIRECTION('',(1.,-1.224646799147E-16,4.996063166392E-32));
#700 = ORIENTED_EDGE('',*,*,#525,.T.);
#701 = ORIENTED_EDGE('',*,*,#702,.F.);
#702 = EDGE_CURVE('',#703,#518,#705,.T.);
#703 = VERTEX_POINT('',#704);
#704 = CARTESIAN_POINT('',(-1.95,-1.2,0.1));
#705 = LINE('',#706,#707);
#706 = CARTESIAN_POINT('',(-2.025,-1.2,0.1));
#707 = VECTOR('',#708,1.);
#708 = DIRECTION('',(-1.,1.224646799147E-16,-4.996063166392E-32));
#709 = ORIENTED_EDGE('',*,*,#710,.T.);
#710 = EDGE_CURVE('',#703,#711,#713,.T.);
#711 = VERTEX_POINT('',#712);
#712 = CARTESIAN_POINT('',(-1.8,-1.2,0.1));
#713 = LINE('',#714,#715);
#714 = CARTESIAN_POINT('',(-0.9,-1.2,0.1));
#715 = VECTOR('',#716,1.);
#716 = DIRECTION('',(1.,-1.224646799147E-16,0.));
#717 = ORIENTED_EDGE('',*,*,#718,.T.);
#718 = EDGE_CURVE('',#711,#719,#721,.T.);
#719 = VERTEX_POINT('',#720);
#720 = CARTESIAN_POINT('',(-1.8,-2.1,0.1));
#721 = LINE('',#722,#723);
#722 = CARTESIAN_POINT('',(-1.8,-1.05,0.1));
#723 = VECTOR('',#724,1.);
#724 = DIRECTION('',(-1.224646799147E-16,-1.,0.));
#725 = ORIENTED_EDGE('',*,*,#726,.T.);
#726 = EDGE_CURVE('',#719,#727,#729,.T.);
#727 = VERTEX_POINT('',#728);
#728 = CARTESIAN_POINT('',(-1.95,-2.1,0.1));
#729 = LINE('',#730,#731);
#730 = CARTESIAN_POINT('',(-1.35,-2.1,0.1));
#731 = VECTOR('',#732,1.);
#732 = DIRECTION('',(-1.,1.224646799147E-16,0.));
#733 = ORIENTED_EDGE('',*,*,#734,.F.);
#734 = EDGE_CURVE('',#510,#727,#735,.T.);
#735 = LINE('',#736,#737);
#736 = CARTESIAN_POINT('',(-2.475,-2.1,0.1));
#737 = VECTOR('',#738,1.);
#738 = DIRECTION('',(1.,-1.224646799147E-16,4.996063166392E-32));
#739 = ORIENTED_EDGE('',*,*,#509,.T.);
#740 = ORIENTED_EDGE('',*,*,#345,.T.);
#741 = ORIENTED_EDGE('',*,*,#408,.T.);
#742 = ORIENTED_EDGE('',*,*,#743,.F.);
#743 = EDGE_CURVE('',#744,#401,#746,.T.);
#744 = VERTEX_POINT('',#745);
#745 = CARTESIAN_POINT('',(1.95,-2.1,0.1));
#746 = LINE('',#747,#748);
#747 = CARTESIAN_POINT('',(2.025,-2.1,0.1));
#748 = VECTOR('',#749,1.);
#749 = DIRECTION('',(1.,-1.224646799147E-16,-4.996063166392E-32));
#750 = ORIENTED_EDGE('',*,*,#751,.T.);
#751 = EDGE_CURVE('',#744,#752,#754,.T.);
#752 = VERTEX_POINT('',#753);
#753 = CARTESIAN_POINT('',(1.8,-2.1,0.1));
#754 = LINE('',#755,#756);
#755 = CARTESIAN_POINT('',(0.9,-2.1,0.1));
#756 = VECTOR('',#757,1.);
#757 = DIRECTION('',(-1.,1.224646799147E-16,0.));
#758 = ORIENTED_EDGE('',*,*,#759,.T.);
#759 = EDGE_CURVE('',#752,#760,#762,.T.);
#760 = VERTEX_POINT('',#761);
#761 = CARTESIAN_POINT('',(1.8,-1.2,0.1));
#762 = LINE('',#763,#764);
#763 = CARTESIAN_POINT('',(1.8,-0.6,0.1));
#764 = VECTOR('',#765,1.);
#765 = DIRECTION('',(1.224646799147E-16,1.,0.));
#766 = ORIENTED_EDGE('',*,*,#767,.T.);
#767 = EDGE_CURVE('',#760,#768,#770,.T.);
#768 = VERTEX_POINT('',#769);
#769 = CARTESIAN_POINT('',(1.95,-1.2,0.1));
#770 = LINE('',#771,#772);
#771 = CARTESIAN_POINT('',(1.35,-1.2,0.1));
#772 = VECTOR('',#773,1.);
#773 = DIRECTION('',(1.,-1.224646799147E-16,0.));
#774 = ORIENTED_EDGE('',*,*,#775,.F.);
#775 = EDGE_CURVE('',#393,#768,#776,.T.);
#776 = LINE('',#777,#778);
#777 = CARTESIAN_POINT('',(2.475,-1.2,0.1));
#778 = VECTOR('',#779,1.);
#779 = DIRECTION('',(-1.,1.224646799147E-16,4.996063166392E-32));
#780 = ORIENTED_EDGE('',*,*,#392,.T.);
#781 = ORIENTED_EDGE('',*,*,#782,.F.);
#782 = EDGE_CURVE('',#783,#385,#785,.T.);
#783 = VERTEX_POINT('',#784);
#784 = CARTESIAN_POINT('',(1.95,1.2,0.1));
#785 = LINE('',#786,#787);
#786 = CARTESIAN_POINT('',(2.025,1.2,0.1));
#787 = VECTOR('',#788,1.);
#788 = DIRECTION('',(1.,-1.224646799147E-16,-4.996063166392E-32));
#789 = ORIENTED_EDGE('',*,*,#790,.T.);
#790 = EDGE_CURVE('',#783,#791,#793,.T.);
#791 = VERTEX_POINT('',#792);
#792 = CARTESIAN_POINT('',(1.8,1.2,0.1));
#793 = LINE('',#794,#795);
#794 = CARTESIAN_POINT('',(0.9,1.2,0.1));
#795 = VECTOR('',#796,1.);
#796 = DIRECTION('',(-1.,1.224646799147E-16,0.));
#797 = ORIENTED_EDGE('',*,*,#798,.T.);
#798 = EDGE_CURVE('',#791,#799,#801,.T.);
#799 = VERTEX_POINT('',#800);
#800 = CARTESIAN_POINT('',(1.8,2.1,0.1));
#801 = LINE('',#802,#803);
#802 = CARTESIAN_POINT('',(1.8,1.05,0.1));
#803 = VECTOR('',#804,1.);
#804 = DIRECTION('',(1.224646799147E-16,1.,0.));
#805 = ORIENTED_EDGE('',*,*,#806,.T.);
#806 = EDGE_CURVE('',#799,#807,#809,.T.);
#807 = VERTEX_POINT('',#808);
#808 = CARTESIAN_POINT('',(1.95,2.1,0.1));
#809 = LINE('',#810,#811);
#810 = CARTESIAN_POINT('',(1.35,2.1,0.1));
#811 = VECTOR('',#812,1.);
#812 = DIRECTION('',(1.,-1.224646799147E-16,0.));
#813 = ORIENTED_EDGE('',*,*,#814,.F.);
#814 = EDGE_CURVE('',#377,#807,#815,.T.);
#815 = LINE('',#816,#817);
#816 = CARTESIAN_POINT('',(2.475,2.1,0.1));
#817 = VECTOR('',#818,1.);
#818 = DIRECTION('',(-1.,1.224646799147E-16,4.996063166392E-32));
#819 = PLANE('',#820);
#820 = AXIS2_PLACEMENT_3D('',#821,#822,#823);
#821 = CARTESIAN_POINT('',(0.,0.,0.1));
#822 = DIRECTION('',(0.,0.,1.));
#823 = DIRECTION('',(-1.,1.224646799147E-16,0.));
#824 = ADVANCED_FACE('',(#825),#850,.T.);
#825 = FACE_BOUND('',#826,.T.);
#826 = EDGE_LOOP('',(#827,#837,#843,#844));
#827 = ORIENTED_EDGE('',*,*,#828,.T.);
#828 = EDGE_CURVE('',#829,#831,#833,.T.);
#829 = VERTEX_POINT('',#830);
#830 = CARTESIAN_POINT('',(2.55,1.2,0.1));
#831 = VERTEX_POINT('',#832);
#832 = CARTESIAN_POINT('',(2.55,2.1,0.1));
#833 = LINE('',#834,#835);
#834 = CARTESIAN_POINT('',(2.55,1.1,0.1));
#835 = VECTOR('',#836,1.);
#836 = DIRECTION('',(1.224646799147E-16,1.,0.));
#837 = ORIENTED_EDGE('',*,*,#838,.T.);
#838 = EDGE_CURVE('',#831,#377,#839,.T.);
#839 = LINE('',#840,#841);
#840 = CARTESIAN_POINT('',(2.475,2.1,0.1));
#841 = VECTOR('',#842,1.);
#842 = DIRECTION('',(-1.,1.224646799147E-16,4.996063166392E-32));
#843 = ORIENTED_EDGE('',*,*,#384,.F.);
#844 = ORIENTED_EDGE('',*,*,#845,.T.);
#845 = EDGE_CURVE('',#385,#829,#846,.T.);
#846 = LINE('',#847,#848);
#847 = CARTESIAN_POINT('',(2.025,1.2,0.1));
#848 = VECTOR('',#849,1.);
#849 = DIRECTION('',(1.,-1.224646799147E-16,-4.996063166392E-32));
#850 = PLANE('',#851);
#851 = AXIS2_PLACEMENT_3D('',#852,#853,#854);
#852 = CARTESIAN_POINT('',(2.25,1.65,0.1));
#853 = DIRECTION('',(4.996063166392E-32,1.556307025767E-32,1.));
#854 = DIRECTION('',(-1.,1.224646799147E-16,4.996063166392E-32));
#855 = ADVANCED_FACE('',(#856),#881,.T.);
#856 = FACE_BOUND('',#857,.T.);
#857 = EDGE_LOOP('',(#858,#868,#874,#875));
#858 = ORIENTED_EDGE('',*,*,#859,.T.);
#859 = EDGE_CURVE('',#860,#862,#864,.T.);
#860 = VERTEX_POINT('',#861);
#861 = CARTESIAN_POINT('',(2.55,-2.1,0.1));
#862 = VERTEX_POINT('',#863);
#863 = CARTESIAN_POINT('',(2.55,-1.2,0.1));
#864 = LINE('',#865,#866);
#865 = CARTESIAN_POINT('',(2.55,-2.2,0.1));
#866 = VECTOR('',#867,1.);
#867 = DIRECTION('',(1.224646799147E-16,1.,0.));
#868 = ORIENTED_EDGE('',*,*,#869,.T.);
#869 = EDGE_CURVE('',#862,#393,#870,.T.);
#870 = LINE('',#871,#872);
#871 = CARTESIAN_POINT('',(2.475,-1.2,0.1));
#872 = VECTOR('',#873,1.);
#873 = DIRECTION('',(-1.,1.224646799147E-16,4.996063166392E-32));
#874 = ORIENTED_EDGE('',*,*,#400,.F.);
#875 = ORIENTED_EDGE('',*,*,#876,.T.);
#876 = EDGE_CURVE('',#401,#860,#877,.T.);
#877 = LINE('',#878,#879);
#878 = CARTESIAN_POINT('',(2.025,-2.1,0.1));
#879 = VECTOR('',#880,1.);
#880 = DIRECTION('',(1.,-1.224646799147E-16,-4.996063166392E-32));
#881 = PLANE('',#882);
#882 = AXIS2_PLACEMENT_3D('',#883,#884,#885);
#883 = CARTESIAN_POINT('',(2.25,-1.65,0.1));
#884 = DIRECTION('',(4.996063166392E-32,3.890767564419E-33,1.));
#885 = DIRECTION('',(-1.,1.224646799147E-16,4.996063166392E-32));
#886 = ADVANCED_FACE('',(#887),#912,.F.);
#887 = FACE_BOUND('',#888,.F.);
#888 = EDGE_LOOP('',(#889,#899,#905,#906));
#889 = ORIENTED_EDGE('',*,*,#890,.T.);
#890 = EDGE_CURVE('',#891,#893,#895,.T.);
#891 = VERTEX_POINT('',#892);
#892 = CARTESIAN_POINT('',(2.55,1.2,0.9));
#893 = VERTEX_POINT('',#894);
#894 = CARTESIAN_POINT('',(2.55,2.1,0.9));
#895 = LINE('',#896,#897);
#896 = CARTESIAN_POINT('',(2.55,1.1,0.9));
#897 = VECTOR('',#898,1.);
#898 = DIRECTION('',(1.224646799147E-16,1.,0.));
#899 = ORIENTED_EDGE('',*,*,#900,.T.);
#900 = EDGE_CURVE('',#893,#428,#901,.T.);
#901 = LINE('',#902,#903);
#902 = CARTESIAN_POINT('',(2.475,2.1,0.9));
#903 = VECTOR('',#904,1.);
#904 = DIRECTION('',(-1.,1.224646799147E-16,4.996063166392E-32));
#905 = ORIENTED_EDGE('',*,*,#425,.F.);
#906 = ORIENTED_EDGE('',*,*,#907,.T.);
#907 = EDGE_CURVE('',#426,#891,#908,.T.);
#908 = LINE('',#909,#910);
#909 = CARTESIAN_POINT('',(2.025,1.2,0.9));
#910 = VECTOR('',#911,1.);
#911 = DIRECTION('',(1.,-1.224646799147E-16,-4.996063166392E-32));
#912 = PLANE('',#913);
#913 = AXIS2_PLACEMENT_3D('',#914,#915,#916);
#914 = CARTESIAN_POINT('',(2.25,1.65,0.9));
#915 = DIRECTION('',(4.996063166392E-32,1.556307025767E-32,1.));
#916 = DIRECTION('',(-1.,1.224646799147E-16,4.996063166392E-32));
#917 = ADVANCED_FACE('',(#918),#997,.F.);
#918 = FACE_BOUND('',#919,.F.);
#919 = EDGE_LOOP('',(#920,#930,#939,#947,#953,#954,#955,#956,#965,#973,
    #980,#981,#982,#990));
#920 = ORIENTED_EDGE('',*,*,#921,.F.);
#921 = EDGE_CURVE('',#922,#924,#926,.T.);
#922 = VERTEX_POINT('',#923);
#923 = CARTESIAN_POINT('',(2.7,1.2,5.E-02));
#924 = VERTEX_POINT('',#925);
#925 = CARTESIAN_POINT('',(2.7,1.2,0.95));
#926 = LINE('',#927,#928);
#927 = CARTESIAN_POINT('',(2.7,1.2,0.));
#928 = VECTOR('',#929,1.);
#929 = DIRECTION('',(0.,0.,1.));
#930 = ORIENTED_EDGE('',*,*,#931,.T.);
#931 = EDGE_CURVE('',#922,#932,#934,.T.);
#932 = VERTEX_POINT('',#933);
#933 = CARTESIAN_POINT('',(2.65,1.2,-6.938893903907E-18));
#934 = CIRCLE('',#935,5.E-02);
#935 = AXIS2_PLACEMENT_3D('',#936,#937,#938);
#936 = CARTESIAN_POINT('',(2.65,1.2,5.E-02));
#937 = DIRECTION('',(1.224646799147E-16,1.,0.));
#938 = DIRECTION('',(0.,0.,-1.));
#939 = ORIENTED_EDGE('',*,*,#940,.F.);
#940 = EDGE_CURVE('',#941,#932,#943,.T.);
#941 = VERTEX_POINT('',#942);
#942 = CARTESIAN_POINT('',(1.8,1.2,0.));
#943 = LINE('',#944,#945);
#944 = CARTESIAN_POINT('',(1.8,1.2,0.));
#945 = VECTOR('',#946,1.);
#946 = DIRECTION('',(1.,-1.224646799147E-16,0.));
#947 = ORIENTED_EDGE('',*,*,#948,.T.);
#948 = EDGE_CURVE('',#941,#791,#949,.T.);
#949 = LINE('',#950,#951);
#950 = CARTESIAN_POINT('',(1.8,1.2,0.));
#951 = VECTOR('',#952,1.);
#952 = DIRECTION('',(0.,0.,1.));
#953 = ORIENTED_EDGE('',*,*,#790,.F.);
#954 = ORIENTED_EDGE('',*,*,#782,.T.);
#955 = ORIENTED_EDGE('',*,*,#845,.T.);
#956 = ORIENTED_EDGE('',*,*,#957,.F.);
#957 = EDGE_CURVE('',#958,#829,#960,.T.);
#958 = VERTEX_POINT('',#959);
#959 = CARTESIAN_POINT('',(2.6,1.2,0.15));
#960 = CIRCLE('',#961,5.E-02);
#961 = AXIS2_PLACEMENT_3D('',#962,#963,#964);
#962 = CARTESIAN_POINT('',(2.55,1.2,0.15));
#963 = DIRECTION('',(1.224646799147E-16,1.,0.));
#964 = DIRECTION('',(1.,-1.224646799147E-16,0.));
#965 = ORIENTED_EDGE('',*,*,#966,.T.);
#966 = EDGE_CURVE('',#958,#967,#969,.T.);
#967 = VERTEX_POINT('',#968);
#968 = CARTESIAN_POINT('',(2.6,1.2,0.85));
#969 = LINE('',#970,#971);
#970 = CARTESIAN_POINT('',(2.6,1.2,5.E-02));
#971 = VECTOR('',#972,1.);
#972 = DIRECTION('',(0.,0.,1.));
#973 = ORIENTED_EDGE('',*,*,#974,.F.);
#974 = EDGE_CURVE('',#891,#967,#975,.T.);
#975 = CIRCLE('',#976,5.E-02);
#976 = AXIS2_PLACEMENT_3D('',#977,#978,#979);
#977 = CARTESIAN_POINT('',(2.55,1.2,0.85));
#978 = DIRECTION('',(1.224646799147E-16,1.,0.));
#979 = DIRECTION('',(1.,-1.224646799147E-16,0.));
#980 = ORIENTED_EDGE('',*,*,#907,.F.);
#981 = ORIENTED_EDGE('',*,*,#451,.F.);
#982 = ORIENTED_EDGE('',*,*,#983,.T.);
#983 = EDGE_CURVE('',#444,#984,#986,.T.);
#984 = VERTEX_POINT('',#985);
#985 = CARTESIAN_POINT('',(2.65,1.2,1.));
#986 = LINE('',#987,#988);
#987 = CARTESIAN_POINT('',(1.8,1.2,1.));
#988 = VECTOR('',#989,1.);
#989 = DIRECTION('',(1.,-1.224646799147E-16,0.));
#990 = ORIENTED_EDGE('',*,*,#991,.F.);
#991 = EDGE_CURVE('',#924,#984,#992,.T.);
#992 = CIRCLE('',#993,5.E-02);
#993 = AXIS2_PLACEMENT_3D('',#994,#995,#996);
#994 = CARTESIAN_POINT('',(2.65,1.2,0.95));
#995 = DIRECTION('',(-1.224646799147E-16,-1.,0.));
#996 = DIRECTION('',(-0.,0.,-1.));
#997 = PLANE('',#998);
#998 = AXIS2_PLACEMENT_3D('',#999,#1000,#1001);
#999 = CARTESIAN_POINT('',(1.8,1.2,0.));
#1000 = DIRECTION('',(1.224646799147E-16,1.,0.));
#1001 = DIRECTION('',(1.,-1.224646799147E-16,0.));
#1002 = ADVANCED_FACE('',(#1003),#1021,.T.);
#1003 = FACE_BOUND('',#1004,.T.);
#1004 = EDGE_LOOP('',(#1005,#1013,#1019,#1020));
#1005 = ORIENTED_EDGE('',*,*,#1006,.T.);
#1006 = EDGE_CURVE('',#984,#1007,#1009,.T.);
#1007 = VERTEX_POINT('',#1008);
#1008 = CARTESIAN_POINT('',(2.65,2.1,1.));
#1009 = LINE('',#1010,#1011);
#1010 = CARTESIAN_POINT('',(2.65,1.2,1.));
#1011 = VECTOR('',#1012,1.);
#1012 = DIRECTION('',(1.224646799147E-16,1.,0.));
#1013 = ORIENTED_EDGE('',*,*,#1014,.T.);
#1014 = EDGE_CURVE('',#1007,#436,#1015,.T.);
#1015 = LINE('',#1016,#1017);
#1016 = CARTESIAN_POINT('',(2.7,2.1,1.));
#1017 = VECTOR('',#1018,1.);
#1018 = DIRECTION('',(-1.,1.224646799147E-16,0.));
#1019 = ORIENTED_EDGE('',*,*,#443,.F.);
#1020 = ORIENTED_EDGE('',*,*,#983,.T.);
#1021 = PLANE('',#1022);
#1022 = AXIS2_PLACEMENT_3D('',#1023,#1024,#1025);
#1023 = CARTESIAN_POINT('',(2.25,1.65,1.));
#1024 = DIRECTION('',(0.,0.,1.));
#1025 = DIRECTION('',(-1.,1.224646799147E-16,0.));
#1026 = ADVANCED_FACE('',(#1027),#1099,.F.);
#1027 = FACE_BOUND('',#1028,.F.);
#1028 = EDGE_LOOP('',(#1029,#1040,#1048,#1055,#1056,#1057,#1058,#1067,
    #1075,#1082,#1083,#1084,#1085,#1093));
#1029 = ORIENTED_EDGE('',*,*,#1030,.F.);
#1030 = EDGE_CURVE('',#1031,#1033,#1035,.T.);
#1031 = VERTEX_POINT('',#1032);
#1032 = CARTESIAN_POINT('',(2.7,2.1,5.E-02));
#1033 = VERTEX_POINT('',#1034);
#1034 = CARTESIAN_POINT('',(2.65,2.1,-6.938893903907E-18));
#1035 = CIRCLE('',#1036,5.E-02);
#1036 = AXIS2_PLACEMENT_3D('',#1037,#1038,#1039);
#1037 = CARTESIAN_POINT('',(2.65,2.1,5.E-02));
#1038 = DIRECTION('',(1.224646799147E-16,1.,0.));
#1039 = DIRECTION('',(0.,0.,-1.));
#1040 = ORIENTED_EDGE('',*,*,#1041,.T.);
#1041 = EDGE_CURVE('',#1031,#1042,#1044,.T.);
#1042 = VERTEX_POINT('',#1043);
#1043 = CARTESIAN_POINT('',(2.7,2.1,0.95));
#1044 = LINE('',#1045,#1046);
#1045 = CARTESIAN_POINT('',(2.7,2.1,0.));
#1046 = VECTOR('',#1047,1.);
#1047 = DIRECTION('',(0.,0.,1.));
#1048 = ORIENTED_EDGE('',*,*,#1049,.T.);
#1049 = EDGE_CURVE('',#1042,#1007,#1050,.T.);
#1050 = CIRCLE('',#1051,5.E-02);
#1051 = AXIS2_PLACEMENT_3D('',#1052,#1053,#1054);
#1052 = CARTESIAN_POINT('',(2.65,2.1,0.95));
#1053 = DIRECTION('',(-1.224646799147E-16,-1.,0.));
#1054 = DIRECTION('',(-0.,0.,-1.));
#1055 = ORIENTED_EDGE('',*,*,#1014,.T.);
#1056 = ORIENTED_EDGE('',*,*,#435,.F.);
#1057 = ORIENTED_EDGE('',*,*,#900,.F.);
#1058 = ORIENTED_EDGE('',*,*,#1059,.T.);
#1059 = EDGE_CURVE('',#893,#1060,#1062,.T.);
#1060 = VERTEX_POINT('',#1061);
#1061 = CARTESIAN_POINT('',(2.6,2.1,0.85));
#1062 = CIRCLE('',#1063,5.E-02);
#1063 = AXIS2_PLACEMENT_3D('',#1064,#1065,#1066);
#1064 = CARTESIAN_POINT('',(2.55,2.1,0.85));
#1065 = DIRECTION('',(1.224646799147E-16,1.,0.));
#1066 = DIRECTION('',(1.,-1.224646799147E-16,0.));
#1067 = ORIENTED_EDGE('',*,*,#1068,.T.);
#1068 = EDGE_CURVE('',#1060,#1069,#1071,.T.);
#1069 = VERTEX_POINT('',#1070);
#1070 = CARTESIAN_POINT('',(2.6,2.1,0.15));
#1071 = LINE('',#1072,#1073);
#1072 = CARTESIAN_POINT('',(2.6,2.1,5.E-02));
#1073 = VECTOR('',#1074,1.);
#1074 = DIRECTION('',(0.,-0.,-1.));
#1075 = ORIENTED_EDGE('',*,*,#1076,.T.);
#1076 = EDGE_CURVE('',#1069,#831,#1077,.T.);
#1077 = CIRCLE('',#1078,5.E-02);
#1078 = AXIS2_PLACEMENT_3D('',#1079,#1080,#1081);
#1079 = CARTESIAN_POINT('',(2.55,2.1,0.15));
#1080 = DIRECTION('',(1.224646799147E-16,1.,0.));
#1081 = DIRECTION('',(1.,-1.224646799147E-16,0.));
#1082 = ORIENTED_EDGE('',*,*,#838,.T.);
#1083 = ORIENTED_EDGE('',*,*,#814,.T.);
#1084 = ORIENTED_EDGE('',*,*,#806,.F.);
#1085 = ORIENTED_EDGE('',*,*,#1086,.F.);
#1086 = EDGE_CURVE('',#1087,#799,#1089,.T.);
#1087 = VERTEX_POINT('',#1088);
#1088 = CARTESIAN_POINT('',(1.8,2.1,0.));
#1089 = LINE('',#1090,#1091);
#1090 = CARTESIAN_POINT('',(1.8,2.1,0.));
#1091 = VECTOR('',#1092,1.);
#1092 = DIRECTION('',(0.,0.,1.));
#1093 = ORIENTED_EDGE('',*,*,#1094,.F.);
#1094 = EDGE_CURVE('',#1033,#1087,#1095,.T.);
#1095 = LINE('',#1096,#1097);
#1096 = CARTESIAN_POINT('',(2.7,2.1,0.));
#1097 = VECTOR('',#1098,1.);
#1098 = DIRECTION('',(-1.,1.224646799147E-16,0.));
#1099 = PLANE('',#1100);
#1100 = AXIS2_PLACEMENT_3D('',#1101,#1102,#1103);
#1101 = CARTESIAN_POINT('',(2.7,2.1,0.));
#1102 = DIRECTION('',(-1.224646799147E-16,-1.,0.));
#1103 = DIRECTION('',(-1.,1.224646799147E-16,0.));
#1104 = ADVANCED_FACE('',(#1105),#1130,.T.);
#1105 = FACE_BOUND('',#1106,.T.);
#1106 = EDGE_LOOP('',(#1107,#1117,#1123,#1124));
#1107 = ORIENTED_EDGE('',*,*,#1108,.T.);
#1108 = EDGE_CURVE('',#1109,#1111,#1113,.T.);
#1109 = VERTEX_POINT('',#1110);
#1110 = CARTESIAN_POINT('',(2.65,-2.1,1.));
#1111 = VERTEX_POINT('',#1112);
#1112 = CARTESIAN_POINT('',(2.65,-1.2,1.));
#1113 = LINE('',#1114,#1115);
#1114 = CARTESIAN_POINT('',(2.65,-2.1,1.));
#1115 = VECTOR('',#1116,1.);
#1116 = DIRECTION('',(1.224646799147E-16,1.,0.));
#1117 = ORIENTED_EDGE('',*,*,#1118,.T.);
#1118 = EDGE_CURVE('',#1111,#462,#1119,.T.);
#1119 = LINE('',#1120,#1121);
#1120 = CARTESIAN_POINT('',(2.7,-1.2,1.));
#1121 = VECTOR('',#1122,1.);
#1122 = DIRECTION('',(-1.,1.224646799147E-16,0.));
#1123 = ORIENTED_EDGE('',*,*,#459,.F.);
#1124 = ORIENTED_EDGE('',*,*,#1125,.T.);
#1125 = EDGE_CURVE('',#460,#1109,#1126,.T.);
#1126 = LINE('',#1127,#1128);
#1127 = CARTESIAN_POINT('',(1.8,-2.1,1.));
#1128 = VECTOR('',#1129,1.);
#1129 = DIRECTION('',(1.,-1.224646799147E-16,0.));
#1130 = PLANE('',#1131);
#1131 = AXIS2_PLACEMENT_3D('',#1132,#1133,#1134);
#1132 = CARTESIAN_POINT('',(2.25,-1.65,1.));
#1133 = DIRECTION('',(0.,0.,1.));
#1134 = DIRECTION('',(-1.,1.224646799147E-16,0.));
#1135 = ADVANCED_FACE('',(#1136),#1215,.F.);
#1136 = FACE_BOUND('',#1137,.F.);
#1137 = EDGE_LOOP('',(#1138,#1149,#1157,#1164,#1165,#1166,#1174,#1183,
    #1191,#1198,#1199,#1200,#1201,#1209));
#1138 = ORIENTED_EDGE('',*,*,#1139,.F.);
#1139 = EDGE_CURVE('',#1140,#1142,#1144,.T.);
#1140 = VERTEX_POINT('',#1141);
#1141 = CARTESIAN_POINT('',(2.7,-1.2,5.E-02));
#1142 = VERTEX_POINT('',#1143);
#1143 = CARTESIAN_POINT('',(2.65,-1.2,-6.938893903907E-18));
#1144 = CIRCLE('',#1145,5.E-02);
#1145 = AXIS2_PLACEMENT_3D('',#1146,#1147,#1148);
#1146 = CARTESIAN_POINT('',(2.65,-1.2,5.E-02));
#1147 = DIRECTION('',(1.224646799147E-16,1.,0.));
#1148 = DIRECTION('',(0.,0.,-1.));
#1149 = ORIENTED_EDGE('',*,*,#1150,.T.);
#1150 = EDGE_CURVE('',#1140,#1151,#1153,.T.);
#1151 = VERTEX_POINT('',#1152);
#1152 = CARTESIAN_POINT('',(2.7,-1.2,0.95));
#1153 = LINE('',#1154,#1155);
#1154 = CARTESIAN_POINT('',(2.7,-1.2,0.));
#1155 = VECTOR('',#1156,1.);
#1156 = DIRECTION('',(0.,0.,1.));
#1157 = ORIENTED_EDGE('',*,*,#1158,.T.);
#1158 = EDGE_CURVE('',#1151,#1111,#1159,.T.);
#1159 = CIRCLE('',#1160,5.E-02);
#1160 = AXIS2_PLACEMENT_3D('',#1161,#1162,#1163);
#1161 = CARTESIAN_POINT('',(2.65,-1.2,0.95));
#1162 = DIRECTION('',(-1.224646799147E-16,-1.,0.));
#1163 = DIRECTION('',(-0.,0.,-1.));
#1164 = ORIENTED_EDGE('',*,*,#1118,.T.);
#1165 = ORIENTED_EDGE('',*,*,#485,.F.);
#1166 = ORIENTED_EDGE('',*,*,#1167,.F.);
#1167 = EDGE_CURVE('',#1168,#478,#1170,.T.);
#1168 = VERTEX_POINT('',#1169);
#1169 = CARTESIAN_POINT('',(2.55,-1.2,0.9));
#1170 = LINE('',#1171,#1172);
#1171 = CARTESIAN_POINT('',(2.475,-1.2,0.9));
#1172 = VECTOR('',#1173,1.);
#1173 = DIRECTION('',(-1.,1.224646799147E-16,4.996063166392E-32));
#1174 = ORIENTED_EDGE('',*,*,#1175,.T.);
#1175 = EDGE_CURVE('',#1168,#1176,#1178,.T.);
#1176 = VERTEX_POINT('',#1177);
#1177 = CARTESIAN_POINT('',(2.6,-1.2,0.85));
#1178 = CIRCLE('',#1179,5.E-02);
#1179 = AXIS2_PLACEMENT_3D('',#1180,#1181,#1182);
#1180 = CARTESIAN_POINT('',(2.55,-1.2,0.85));
#1181 = DIRECTION('',(1.224646799147E-16,1.,0.));
#1182 = DIRECTION('',(1.,-1.224646799147E-16,0.));
#1183 = ORIENTED_EDGE('',*,*,#1184,.T.);
#1184 = EDGE_CURVE('',#1176,#1185,#1187,.T.);
#1185 = VERTEX_POINT('',#1186);
#1186 = CARTESIAN_POINT('',(2.6,-1.2,0.15));
#1187 = LINE('',#1188,#1189);
#1188 = CARTESIAN_POINT('',(2.6,-1.2,5.E-02));
#1189 = VECTOR('',#1190,1.);
#1190 = DIRECTION('',(0.,-0.,-1.));
#1191 = ORIENTED_EDGE('',*,*,#1192,.T.);
#1192 = EDGE_CURVE('',#1185,#862,#1193,.T.);
#1193 = CIRCLE('',#1194,5.E-02);
#1194 = AXIS2_PLACEMENT_3D('',#1195,#1196,#1197);
#1195 = CARTESIAN_POINT('',(2.55,-1.2,0.15));
#1196 = DIRECTION('',(1.224646799147E-16,1.,0.));
#1197 = DIRECTION('',(1.,-1.224646799147E-16,0.));
#1198 = ORIENTED_EDGE('',*,*,#869,.T.);
#1199 = ORIENTED_EDGE('',*,*,#775,.T.);
#1200 = ORIENTED_EDGE('',*,*,#767,.F.);
#1201 = ORIENTED_EDGE('',*,*,#1202,.F.);
#1202 = EDGE_CURVE('',#1203,#760,#1205,.T.);
#1203 = VERTEX_POINT('',#1204);
#1204 = CARTESIAN_POINT('',(1.8,-1.2,0.));
#1205 = LINE('',#1206,#1207);
#1206 = CARTESIAN_POINT('',(1.8,-1.2,0.));
#1207 = VECTOR('',#1208,1.);
#1208 = DIRECTION('',(0.,0.,1.));
#1209 = ORIENTED_EDGE('',*,*,#1210,.F.);
#1210 = EDGE_CURVE('',#1142,#1203,#1211,.T.);
#1211 = LINE('',#1212,#1213);
#1212 = CARTESIAN_POINT('',(2.7,-1.2,0.));
#1213 = VECTOR('',#1214,1.);
#1214 = DIRECTION('',(-1.,1.224646799147E-16,0.));
#1215 = PLANE('',#1216);
#1216 = AXIS2_PLACEMENT_3D('',#1217,#1218,#1219);
#1217 = CARTESIAN_POINT('',(2.7,-1.2,0.));
#1218 = DIRECTION('',(-1.224646799147E-16,-1.,0.));
#1219 = DIRECTION('',(-1.,1.224646799147E-16,0.));
#1220 = ADVANCED_FACE('',(#1221),#1239,.F.);
#1221 = FACE_BOUND('',#1222,.F.);
#1222 = EDGE_LOOP('',(#1223,#1231,#1232,#1233));
#1223 = ORIENTED_EDGE('',*,*,#1224,.T.);
#1224 = EDGE_CURVE('',#1225,#1168,#1227,.T.);
#1225 = VERTEX_POINT('',#1226);
#1226 = CARTESIAN_POINT('',(2.55,-2.1,0.9));
#1227 = LINE('',#1228,#1229);
#1228 = CARTESIAN_POINT('',(2.55,-2.2,0.9));
#1229 = VECTOR('',#1230,1.);
#1230 = DIRECTION('',(1.224646799147E-16,1.,0.));
#1231 = ORIENTED_EDGE('',*,*,#1167,.T.);
#1232 = ORIENTED_EDGE('',*,*,#477,.F.);
#1233 = ORIENTED_EDGE('',*,*,#1234,.T.);
#1234 = EDGE_CURVE('',#470,#1225,#1235,.T.);
#1235 = LINE('',#1236,#1237);
#1236 = CARTESIAN_POINT('',(2.025,-2.1,0.9));
#1237 = VECTOR('',#1238,1.);
#1238 = DIRECTION('',(1.,-1.224646799147E-16,-4.996063166392E-32));
#1239 = PLANE('',#1240);
#1240 = AXIS2_PLACEMENT_3D('',#1241,#1242,#1243);
#1241 = CARTESIAN_POINT('',(2.25,-1.65,0.9));
#1242 = DIRECTION('',(4.996063166392E-32,3.890767564419E-33,1.));
#1243 = DIRECTION('',(-1.,1.224646799147E-16,4.996063166392E-32));
#1244 = ADVANCED_FACE('',(#1245),#1317,.F.);
#1245 = FACE_BOUND('',#1246,.F.);
#1246 = EDGE_LOOP('',(#1247,#1257,#1266,#1274,#1280,#1281,#1282,#1283,
    #1292,#1300,#1307,#1308,#1309,#1310));
#1247 = ORIENTED_EDGE('',*,*,#1248,.F.);
#1248 = EDGE_CURVE('',#1249,#1251,#1253,.T.);
#1249 = VERTEX_POINT('',#1250);
#1250 = CARTESIAN_POINT('',(2.7,-2.1,5.E-02));
#1251 = VERTEX_POINT('',#1252);
#1252 = CARTESIAN_POINT('',(2.7,-2.1,0.95));
#1253 = LINE('',#1254,#1255);
#1254 = CARTESIAN_POINT('',(2.7,-2.1,0.));
#1255 = VECTOR('',#1256,1.);
#1256 = DIRECTION('',(0.,0.,1.));
#1257 = ORIENTED_EDGE('',*,*,#1258,.T.);
#1258 = EDGE_CURVE('',#1249,#1259,#1261,.T.);
#1259 = VERTEX_POINT('',#1260);
#1260 = CARTESIAN_POINT('',(2.65,-2.1,-6.938893903907E-18));
#1261 = CIRCLE('',#1262,5.E-02);
#1262 = AXIS2_PLACEMENT_3D('',#1263,#1264,#1265);
#1263 = CARTESIAN_POINT('',(2.65,-2.1,5.E-02));
#1264 = DIRECTION('',(1.224646799147E-16,1.,0.));
#1265 = DIRECTION('',(0.,0.,-1.));
#1266 = ORIENTED_EDGE('',*,*,#1267,.F.);
#1267 = EDGE_CURVE('',#1268,#1259,#1270,.T.);
#1268 = VERTEX_POINT('',#1269);
#1269 = CARTESIAN_POINT('',(1.8,-2.1,0.));
#1270 = LINE('',#1271,#1272);
#1271 = CARTESIAN_POINT('',(1.8,-2.1,0.));
#1272 = VECTOR('',#1273,1.);
#1273 = DIRECTION('',(1.,-1.224646799147E-16,0.));
#1274 = ORIENTED_EDGE('',*,*,#1275,.T.);
#1275 = EDGE_CURVE('',#1268,#752,#1276,.T.);
#1276 = LINE('',#1277,#1278);
#1277 = CARTESIAN_POINT('',(1.8,-2.1,0.));
#1278 = VECTOR('',#1279,1.);
#1279 = DIRECTION('',(0.,0.,1.));
#1280 = ORIENTED_EDGE('',*,*,#751,.F.);
#1281 = ORIENTED_EDGE('',*,*,#743,.T.);
#1282 = ORIENTED_EDGE('',*,*,#876,.T.);
#1283 = ORIENTED_EDGE('',*,*,#1284,.F.);
#1284 = EDGE_CURVE('',#1285,#860,#1287,.T.);
#1285 = VERTEX_POINT('',#1286);
#1286 = CARTESIAN_POINT('',(2.6,-2.1,0.15));
#1287 = CIRCLE('',#1288,5.E-02);
#1288 = AXIS2_PLACEMENT_3D('',#1289,#1290,#1291);
#1289 = CARTESIAN_POINT('',(2.55,-2.1,0.15));
#1290 = DIRECTION('',(1.224646799147E-16,1.,0.));
#1291 = DIRECTION('',(1.,-1.224646799147E-16,0.));
#1292 = ORIENTED_EDGE('',*,*,#1293,.T.);
#1293 = EDGE_CURVE('',#1285,#1294,#1296,.T.);
#1294 = VERTEX_POINT('',#1295);
#1295 = CARTESIAN_POINT('',(2.6,-2.1,0.85));
#1296 = LINE('',#1297,#1298);
#1297 = CARTESIAN_POINT('',(2.6,-2.1,5.E-02));
#1298 = VECTOR('',#1299,1.);
#1299 = DIRECTION('',(0.,0.,1.));
#1300 = ORIENTED_EDGE('',*,*,#1301,.F.);
#1301 = EDGE_CURVE('',#1225,#1294,#1302,.T.);
#1302 = CIRCLE('',#1303,5.E-02);
#1303 = AXIS2_PLACEMENT_3D('',#1304,#1305,#1306);
#1304 = CARTESIAN_POINT('',(2.55,-2.1,0.85));
#1305 = DIRECTION('',(1.224646799147E-16,1.,0.));
#1306 = DIRECTION('',(1.,-1.224646799147E-16,0.));
#1307 = ORIENTED_EDGE('',*,*,#1234,.F.);
#1308 = ORIENTED_EDGE('',*,*,#469,.F.);
#1309 = ORIENTED_EDGE('',*,*,#1125,.T.);
#1310 = ORIENTED_EDGE('',*,*,#1311,.F.);
#1311 = EDGE_CURVE('',#1251,#1109,#1312,.T.);
#1312 = CIRCLE('',#1313,5.E-02);
#1313 = AXIS2_PLACEMENT_3D('',#1314,#1315,#1316);
#1314 = CARTESIAN_POINT('',(2.65,-2.1,0.95));
#1315 = DIRECTION('',(-1.224646799147E-16,-1.,0.));
#1316 = DIRECTION('',(-0.,0.,-1.));
#1317 = PLANE('',#1318);
#1318 = AXIS2_PLACEMENT_3D('',#1319,#1320,#1321);
#1319 = CARTESIAN_POINT('',(1.8,-2.1,0.));
#1320 = DIRECTION('',(1.224646799147E-16,1.,0.));
#1321 = DIRECTION('',(1.,-1.224646799147E-16,0.));
#1322 = ADVANCED_FACE('',(#1323),#1348,.T.);
#1323 = FACE_BOUND('',#1324,.T.);
#1324 = EDGE_LOOP('',(#1325,#1326,#1334,#1342));
#1325 = ORIENTED_EDGE('',*,*,#533,.F.);
#1326 = ORIENTED_EDGE('',*,*,#1327,.T.);
#1327 = EDGE_CURVE('',#534,#1328,#1330,.T.);
#1328 = VERTEX_POINT('',#1329);
#1329 = CARTESIAN_POINT('',(-2.55,2.1,0.1));
#1330 = LINE('',#1331,#1332);
#1331 = CARTESIAN_POINT('',(-2.025,2.1,0.1));
#1332 = VECTOR('',#1333,1.);
#1333 = DIRECTION('',(-1.,1.224646799147E-16,-4.996063166392E-32));
#1334 = ORIENTED_EDGE('',*,*,#1335,.T.);
#1335 = EDGE_CURVE('',#1328,#1336,#1338,.T.);
#1336 = VERTEX_POINT('',#1337);
#1337 = CARTESIAN_POINT('',(-2.55,1.2,0.1));
#1338 = LINE('',#1339,#1340);
#1339 = CARTESIAN_POINT('',(-2.55,2.2,0.1));
#1340 = VECTOR('',#1341,1.);
#1341 = DIRECTION('',(-1.224646799147E-16,-1.,0.));
#1342 = ORIENTED_EDGE('',*,*,#1343,.T.);
#1343 = EDGE_CURVE('',#1336,#526,#1344,.T.);
#1344 = LINE('',#1345,#1346);
#1345 = CARTESIAN_POINT('',(-2.475,1.2,0.1));
#1346 = VECTOR('',#1347,1.);
#1347 = DIRECTION('',(1.,-1.224646799147E-16,4.996063166392E-32));
#1348 = PLANE('',#1349);
#1349 = AXIS2_PLACEMENT_3D('',#1350,#1351,#1352);
#1350 = CARTESIAN_POINT('',(-2.25,1.65,0.1));
#1351 = DIRECTION('',(-4.996063166392E-32,1.556307025767E-32,1.));
#1352 = DIRECTION('',(-1.,1.224646799147E-16,-4.996063166392E-32));
#1353 = ADVANCED_FACE('',(#1354),#1379,.T.);
#1354 = FACE_BOUND('',#1355,.T.);
#1355 = EDGE_LOOP('',(#1356,#1357,#1365,#1373));
#1356 = ORIENTED_EDGE('',*,*,#517,.F.);
#1357 = ORIENTED_EDGE('',*,*,#1358,.T.);
#1358 = EDGE_CURVE('',#518,#1359,#1361,.T.);
#1359 = VERTEX_POINT('',#1360);
#1360 = CARTESIAN_POINT('',(-2.55,-1.2,0.1));
#1361 = LINE('',#1362,#1363);
#1362 = CARTESIAN_POINT('',(-2.025,-1.2,0.1));
#1363 = VECTOR('',#1364,1.);
#1364 = DIRECTION('',(-1.,1.224646799147E-16,-4.996063166392E-32));
#1365 = ORIENTED_EDGE('',*,*,#1366,.T.);
#1366 = EDGE_CURVE('',#1359,#1367,#1369,.T.);
#1367 = VERTEX_POINT('',#1368);
#1368 = CARTESIAN_POINT('',(-2.55,-2.1,0.1));
#1369 = LINE('',#1370,#1371);
#1370 = CARTESIAN_POINT('',(-2.55,-1.1,0.1));
#1371 = VECTOR('',#1372,1.);
#1372 = DIRECTION('',(-1.224646799147E-16,-1.,0.));
#1373 = ORIENTED_EDGE('',*,*,#1374,.T.);
#1374 = EDGE_CURVE('',#1367,#510,#1375,.T.);
#1375 = LINE('',#1376,#1377);
#1376 = CARTESIAN_POINT('',(-2.475,-2.1,0.1));
#1377 = VECTOR('',#1378,1.);
#1378 = DIRECTION('',(1.,-1.224646799147E-16,4.996063166392E-32));
#1379 = PLANE('',#1380);
#1380 = AXIS2_PLACEMENT_3D('',#1381,#1382,#1383);
#1381 = CARTESIAN_POINT('',(-2.25,-1.65,0.1));
#1382 = DIRECTION('',(-4.996063166392E-32,3.890767564419E-33,1.));
#1383 = DIRECTION('',(-1.,1.224646799147E-16,-4.996063166392E-32));
#1384 = ADVANCED_FACE('',(#1385),#1410,.T.);
#1385 = FACE_BOUND('',#1386,.T.);
#1386 = EDGE_LOOP('',(#1387,#1388,#1396,#1404));
#1387 = ORIENTED_EDGE('',*,*,#549,.F.);
#1388 = ORIENTED_EDGE('',*,*,#1389,.T.);
#1389 = EDGE_CURVE('',#550,#1390,#1392,.T.);
#1390 = VERTEX_POINT('',#1391);
#1391 = CARTESIAN_POINT('',(-2.65,-1.2,1.));
#1392 = LINE('',#1393,#1394);
#1393 = CARTESIAN_POINT('',(-1.8,-1.2,1.));
#1394 = VECTOR('',#1395,1.);
#1395 = DIRECTION('',(-1.,1.224646799147E-16,0.));
#1396 = ORIENTED_EDGE('',*,*,#1397,.T.);
#1397 = EDGE_CURVE('',#1390,#1398,#1400,.T.);
#1398 = VERTEX_POINT('',#1399);
#1399 = CARTESIAN_POINT('',(-2.65,-2.1,1.));
#1400 = LINE('',#1401,#1402);
#1401 = CARTESIAN_POINT('',(-2.65,-1.2,1.));
#1402 = VECTOR('',#1403,1.);
#1403 = DIRECTION('',(-1.224646799147E-16,-1.,0.));
#1404 = ORIENTED_EDGE('',*,*,#1405,.T.);
#1405 = EDGE_CURVE('',#1398,#552,#1406,.T.);
#1406 = LINE('',#1407,#1408);
#1407 = CARTESIAN_POINT('',(-2.7,-2.1,1.));
#1408 = VECTOR('',#1409,1.);
#1409 = DIRECTION('',(1.,-1.224646799147E-16,0.));
#1410 = PLANE('',#1411);
#1411 = AXIS2_PLACEMENT_3D('',#1412,#1413,#1414);
#1412 = CARTESIAN_POINT('',(-2.25,-1.65,1.));
#1413 = DIRECTION('',(0.,0.,1.));
#1414 = DIRECTION('',(-1.,1.224646799147E-16,0.));
#1415 = ADVANCED_FACE('',(#1416),#1495,.F.);
#1416 = FACE_BOUND('',#1417,.F.);
#1417 = EDGE_LOOP('',(#1418,#1429,#1437,#1444,#1445,#1446,#1454,#1463,
    #1471,#1478,#1479,#1480,#1481,#1489));
#1418 = ORIENTED_EDGE('',*,*,#1419,.F.);
#1419 = EDGE_CURVE('',#1420,#1422,#1424,.T.);
#1420 = VERTEX_POINT('',#1421);
#1421 = CARTESIAN_POINT('',(-2.7,-2.1,5.E-02));
#1422 = VERTEX_POINT('',#1423);
#1423 = CARTESIAN_POINT('',(-2.65,-2.1,-6.938893903907E-18));
#1424 = CIRCLE('',#1425,5.E-02);
#1425 = AXIS2_PLACEMENT_3D('',#1426,#1427,#1428);
#1426 = CARTESIAN_POINT('',(-2.65,-2.1,5.E-02));
#1427 = DIRECTION('',(-1.224646799147E-16,-1.,0.));
#1428 = DIRECTION('',(0.,0.,1.));
#1429 = ORIENTED_EDGE('',*,*,#1430,.T.);
#1430 = EDGE_CURVE('',#1420,#1431,#1433,.T.);
#1431 = VERTEX_POINT('',#1432);
#1432 = CARTESIAN_POINT('',(-2.7,-2.1,0.95));
#1433 = LINE('',#1434,#1435);
#1434 = CARTESIAN_POINT('',(-2.7,-2.1,0.));
#1435 = VECTOR('',#1436,1.);
#1436 = DIRECTION('',(0.,0.,1.));
#1437 = ORIENTED_EDGE('',*,*,#1438,.F.);
#1438 = EDGE_CURVE('',#1398,#1431,#1439,.T.);
#1439 = CIRCLE('',#1440,5.E-02);
#1440 = AXIS2_PLACEMENT_3D('',#1441,#1442,#1443);
#1441 = CARTESIAN_POINT('',(-2.65,-2.1,0.95));
#1442 = DIRECTION('',(-1.224646799147E-16,-1.,0.));
#1443 = DIRECTION('',(0.,0.,1.));
#1444 = ORIENTED_EDGE('',*,*,#1405,.T.);
#1445 = ORIENTED_EDGE('',*,*,#575,.F.);
#1446 = ORIENTED_EDGE('',*,*,#1447,.F.);
#1447 = EDGE_CURVE('',#1448,#568,#1450,.T.);
#1448 = VERTEX_POINT('',#1449);
#1449 = CARTESIAN_POINT('',(-2.55,-2.1,0.9));
#1450 = LINE('',#1451,#1452);
#1451 = CARTESIAN_POINT('',(-2.475,-2.1,0.9));
#1452 = VECTOR('',#1453,1.);
#1453 = DIRECTION('',(1.,-1.224646799147E-16,4.996063166392E-32));
#1454 = ORIENTED_EDGE('',*,*,#1455,.T.);
#1455 = EDGE_CURVE('',#1448,#1456,#1458,.T.);
#1456 = VERTEX_POINT('',#1457);
#1457 = CARTESIAN_POINT('',(-2.6,-2.1,0.85));
#1458 = CIRCLE('',#1459,5.E-02);
#1459 = AXIS2_PLACEMENT_3D('',#1460,#1461,#1462);
#1460 = CARTESIAN_POINT('',(-2.55,-2.1,0.85));
#1461 = DIRECTION('',(-1.224646799147E-16,-1.,0.));
#1462 = DIRECTION('',(-1.,1.224646799147E-16,0.));
#1463 = ORIENTED_EDGE('',*,*,#1464,.T.);
#1464 = EDGE_CURVE('',#1456,#1465,#1467,.T.);
#1465 = VERTEX_POINT('',#1466);
#1466 = CARTESIAN_POINT('',(-2.6,-2.1,0.15));
#1467 = LINE('',#1468,#1469);
#1468 = CARTESIAN_POINT('',(-2.6,-2.1,5.E-02));
#1469 = VECTOR('',#1470,1.);
#1470 = DIRECTION('',(0.,0.,-1.));
#1471 = ORIENTED_EDGE('',*,*,#1472,.T.);
#1472 = EDGE_CURVE('',#1465,#1367,#1473,.T.);
#1473 = CIRCLE('',#1474,5.E-02);
#1474 = AXIS2_PLACEMENT_3D('',#1475,#1476,#1477);
#1475 = CARTESIAN_POINT('',(-2.55,-2.1,0.15));
#1476 = DIRECTION('',(-1.224646799147E-16,-1.,0.));
#1477 = DIRECTION('',(4.996063166392E-32,-6.118412765058E-48,-1.));
#1478 = ORIENTED_EDGE('',*,*,#1374,.T.);
#1479 = ORIENTED_EDGE('',*,*,#734,.T.);
#1480 = ORIENTED_EDGE('',*,*,#726,.F.);
#1481 = ORIENTED_EDGE('',*,*,#1482,.F.);
#1482 = EDGE_CURVE('',#1483,#719,#1485,.T.);
#1483 = VERTEX_POINT('',#1484);
#1484 = CARTESIAN_POINT('',(-1.8,-2.1,0.));
#1485 = LINE('',#1486,#1487);
#1486 = CARTESIAN_POINT('',(-1.8,-2.1,0.));
#1487 = VECTOR('',#1488,1.);
#1488 = DIRECTION('',(0.,0.,1.));
#1489 = ORIENTED_EDGE('',*,*,#1490,.F.);
#1490 = EDGE_CURVE('',#1422,#1483,#1491,.T.);
#1491 = LINE('',#1492,#1493);
#1492 = CARTESIAN_POINT('',(-2.7,-2.1,0.));
#1493 = VECTOR('',#1494,1.);
#1494 = DIRECTION('',(1.,-1.224646799147E-16,0.));
#1495 = PLANE('',#1496);
#1496 = AXIS2_PLACEMENT_3D('',#1497,#1498,#1499);
#1497 = CARTESIAN_POINT('',(-2.7,-2.1,0.));
#1498 = DIRECTION('',(1.224646799147E-16,1.,0.));
#1499 = DIRECTION('',(1.,-1.224646799147E-16,0.));
#1500 = ADVANCED_FACE('',(#1501),#1519,.F.);
#1501 = FACE_BOUND('',#1502,.F.);
#1502 = EDGE_LOOP('',(#1503,#1504,#1512,#1518));
#1503 = ORIENTED_EDGE('',*,*,#567,.F.);
#1504 = ORIENTED_EDGE('',*,*,#1505,.T.);
#1505 = EDGE_CURVE('',#560,#1506,#1508,.T.);
#1506 = VERTEX_POINT('',#1507);
#1507 = CARTESIAN_POINT('',(-2.55,-1.2,0.9));
#1508 = LINE('',#1509,#1510);
#1509 = CARTESIAN_POINT('',(-2.025,-1.2,0.9));
#1510 = VECTOR('',#1511,1.);
#1511 = DIRECTION('',(-1.,1.224646799147E-16,-4.996063166392E-32));
#1512 = ORIENTED_EDGE('',*,*,#1513,.T.);
#1513 = EDGE_CURVE('',#1506,#1448,#1514,.T.);
#1514 = LINE('',#1515,#1516);
#1515 = CARTESIAN_POINT('',(-2.55,-1.1,0.9));
#1516 = VECTOR('',#1517,1.);
#1517 = DIRECTION('',(-1.224646799147E-16,-1.,0.));
#1518 = ORIENTED_EDGE('',*,*,#1447,.T.);
#1519 = PLANE('',#1520);
#1520 = AXIS2_PLACEMENT_3D('',#1521,#1522,#1523);
#1521 = CARTESIAN_POINT('',(-2.25,-1.65,0.9));
#1522 = DIRECTION('',(-4.996063166392E-32,3.890767564419E-33,1.));
#1523 = DIRECTION('',(-1.,1.224646799147E-16,-4.996063166392E-32));
#1524 = ADVANCED_FACE('',(#1525),#1597,.F.);
#1525 = FACE_BOUND('',#1526,.F.);
#1526 = EDGE_LOOP('',(#1527,#1537,#1546,#1554,#1560,#1561,#1562,#1563,
    #1572,#1580,#1587,#1588,#1589,#1590));
#1527 = ORIENTED_EDGE('',*,*,#1528,.F.);
#1528 = EDGE_CURVE('',#1529,#1531,#1533,.T.);
#1529 = VERTEX_POINT('',#1530);
#1530 = CARTESIAN_POINT('',(-2.7,-1.2,5.E-02));
#1531 = VERTEX_POINT('',#1532);
#1532 = CARTESIAN_POINT('',(-2.7,-1.2,0.95));
#1533 = LINE('',#1534,#1535);
#1534 = CARTESIAN_POINT('',(-2.7,-1.2,0.));
#1535 = VECTOR('',#1536,1.);
#1536 = DIRECTION('',(0.,0.,1.));
#1537 = ORIENTED_EDGE('',*,*,#1538,.T.);
#1538 = EDGE_CURVE('',#1529,#1539,#1541,.T.);
#1539 = VERTEX_POINT('',#1540);
#1540 = CARTESIAN_POINT('',(-2.65,-1.2,-6.938893903907E-18));
#1541 = CIRCLE('',#1542,5.E-02);
#1542 = AXIS2_PLACEMENT_3D('',#1543,#1544,#1545);
#1543 = CARTESIAN_POINT('',(-2.65,-1.2,5.E-02));
#1544 = DIRECTION('',(-1.224646799147E-16,-1.,0.));
#1545 = DIRECTION('',(0.,0.,1.));
#1546 = ORIENTED_EDGE('',*,*,#1547,.F.);
#1547 = EDGE_CURVE('',#1548,#1539,#1550,.T.);
#1548 = VERTEX_POINT('',#1549);
#1549 = CARTESIAN_POINT('',(-1.8,-1.2,0.));
#1550 = LINE('',#1551,#1552);
#1551 = CARTESIAN_POINT('',(-1.8,-1.2,0.));
#1552 = VECTOR('',#1553,1.);
#1553 = DIRECTION('',(-1.,1.224646799147E-16,0.));
#1554 = ORIENTED_EDGE('',*,*,#1555,.T.);
#1555 = EDGE_CURVE('',#1548,#711,#1556,.T.);
#1556 = LINE('',#1557,#1558);
#1557 = CARTESIAN_POINT('',(-1.8,-1.2,0.));
#1558 = VECTOR('',#1559,1.);
#1559 = DIRECTION('',(0.,0.,1.));
#1560 = ORIENTED_EDGE('',*,*,#710,.F.);
#1561 = ORIENTED_EDGE('',*,*,#702,.T.);
#1562 = ORIENTED_EDGE('',*,*,#1358,.T.);
#1563 = ORIENTED_EDGE('',*,*,#1564,.F.);
#1564 = EDGE_CURVE('',#1565,#1359,#1567,.T.);
#1565 = VERTEX_POINT('',#1566);
#1566 = CARTESIAN_POINT('',(-2.6,-1.2,0.15));
#1567 = CIRCLE('',#1568,5.E-02);
#1568 = AXIS2_PLACEMENT_3D('',#1569,#1570,#1571);
#1569 = CARTESIAN_POINT('',(-2.55,-1.2,0.15));
#1570 = DIRECTION('',(-1.224646799147E-16,-1.,0.));
#1571 = DIRECTION('',(4.996063166392E-32,-6.118412765058E-48,-1.));
#1572 = ORIENTED_EDGE('',*,*,#1573,.T.);
#1573 = EDGE_CURVE('',#1565,#1574,#1576,.T.);
#1574 = VERTEX_POINT('',#1575);
#1575 = CARTESIAN_POINT('',(-2.6,-1.2,0.85));
#1576 = LINE('',#1577,#1578);
#1577 = CARTESIAN_POINT('',(-2.6,-1.2,5.E-02));
#1578 = VECTOR('',#1579,1.);
#1579 = DIRECTION('',(0.,0.,1.));
#1580 = ORIENTED_EDGE('',*,*,#1581,.F.);
#1581 = EDGE_CURVE('',#1506,#1574,#1582,.T.);
#1582 = CIRCLE('',#1583,5.E-02);
#1583 = AXIS2_PLACEMENT_3D('',#1584,#1585,#1586);
#1584 = CARTESIAN_POINT('',(-2.55,-1.2,0.85));
#1585 = DIRECTION('',(-1.224646799147E-16,-1.,0.));
#1586 = DIRECTION('',(-1.,1.224646799147E-16,0.));
#1587 = ORIENTED_EDGE('',*,*,#1505,.F.);
#1588 = ORIENTED_EDGE('',*,*,#559,.F.);
#1589 = ORIENTED_EDGE('',*,*,#1389,.T.);
#1590 = ORIENTED_EDGE('',*,*,#1591,.T.);
#1591 = EDGE_CURVE('',#1390,#1531,#1592,.T.);
#1592 = CIRCLE('',#1593,5.E-02);
#1593 = AXIS2_PLACEMENT_3D('',#1594,#1595,#1596);
#1594 = CARTESIAN_POINT('',(-2.65,-1.2,0.95));
#1595 = DIRECTION('',(-1.224646799147E-16,-1.,0.));
#1596 = DIRECTION('',(0.,0.,1.));
#1597 = PLANE('',#1598);
#1598 = AXIS2_PLACEMENT_3D('',#1599,#1600,#1601);
#1599 = CARTESIAN_POINT('',(-1.8,-1.2,0.));
#1600 = DIRECTION('',(-1.224646799147E-16,-1.,0.));
#1601 = DIRECTION('',(-1.,1.224646799147E-16,0.));
#1602 = ADVANCED_FACE('',(#1603),#1628,.T.);
#1603 = FACE_BOUND('',#1604,.T.);
#1604 = EDGE_LOOP('',(#1605,#1606,#1614,#1622));
#1605 = ORIENTED_EDGE('',*,*,#583,.F.);
#1606 = ORIENTED_EDGE('',*,*,#1607,.T.);
#1607 = EDGE_CURVE('',#584,#1608,#1610,.T.);
#1608 = VERTEX_POINT('',#1609);
#1609 = CARTESIAN_POINT('',(-2.65,2.1,1.));
#1610 = LINE('',#1611,#1612);
#1611 = CARTESIAN_POINT('',(-1.8,2.1,1.));
#1612 = VECTOR('',#1613,1.);
#1613 = DIRECTION('',(-1.,1.224646799147E-16,0.));
#1614 = ORIENTED_EDGE('',*,*,#1615,.T.);
#1615 = EDGE_CURVE('',#1608,#1616,#1618,.T.);
#1616 = VERTEX_POINT('',#1617);
#1617 = CARTESIAN_POINT('',(-2.65,1.2,1.));
#1618 = LINE('',#1619,#1620);
#1619 = CARTESIAN_POINT('',(-2.65,2.1,1.));
#1620 = VECTOR('',#1621,1.);
#1621 = DIRECTION('',(-1.224646799147E-16,-1.,0.));
#1622 = ORIENTED_EDGE('',*,*,#1623,.T.);
#1623 = EDGE_CURVE('',#1616,#586,#1624,.T.);
#1624 = LINE('',#1625,#1626);
#1625 = CARTESIAN_POINT('',(-2.7,1.2,1.));
#1626 = VECTOR('',#1627,1.);
#1627 = DIRECTION('',(1.,-1.224646799147E-16,0.));
#1628 = PLANE('',#1629);
#1629 = AXIS2_PLACEMENT_3D('',#1630,#1631,#1632);
#1630 = CARTESIAN_POINT('',(-2.25,1.65,1.));
#1631 = DIRECTION('',(0.,0.,1.));
#1632 = DIRECTION('',(-1.,1.224646799147E-16,0.));
#1633 = ADVANCED_FACE('',(#1634),#1713,.F.);
#1634 = FACE_BOUND('',#1635,.F.);
#1635 = EDGE_LOOP('',(#1636,#1647,#1655,#1662,#1663,#1664,#1672,#1681,
    #1689,#1696,#1697,#1698,#1699,#1707));
#1636 = ORIENTED_EDGE('',*,*,#1637,.F.);
#1637 = EDGE_CURVE('',#1638,#1640,#1642,.T.);
#1638 = VERTEX_POINT('',#1639);
#1639 = CARTESIAN_POINT('',(-2.7,1.2,5.E-02));
#1640 = VERTEX_POINT('',#1641);
#1641 = CARTESIAN_POINT('',(-2.65,1.2,-6.938893903907E-18));
#1642 = CIRCLE('',#1643,5.E-02);
#1643 = AXIS2_PLACEMENT_3D('',#1644,#1645,#1646);
#1644 = CARTESIAN_POINT('',(-2.65,1.2,5.E-02));
#1645 = DIRECTION('',(-1.224646799147E-16,-1.,0.));
#1646 = DIRECTION('',(0.,0.,1.));
#1647 = ORIENTED_EDGE('',*,*,#1648,.T.);
#1648 = EDGE_CURVE('',#1638,#1649,#1651,.T.);
#1649 = VERTEX_POINT('',#1650);
#1650 = CARTESIAN_POINT('',(-2.7,1.2,0.95));
#1651 = LINE('',#1652,#1653);
#1652 = CARTESIAN_POINT('',(-2.7,1.2,0.));
#1653 = VECTOR('',#1654,1.);
#1654 = DIRECTION('',(0.,0.,1.));
#1655 = ORIENTED_EDGE('',*,*,#1656,.F.);
#1656 = EDGE_CURVE('',#1616,#1649,#1657,.T.);
#1657 = CIRCLE('',#1658,5.E-02);
#1658 = AXIS2_PLACEMENT_3D('',#1659,#1660,#1661);
#1659 = CARTESIAN_POINT('',(-2.65,1.2,0.95));
#1660 = DIRECTION('',(-1.224646799147E-16,-1.,0.));
#1661 = DIRECTION('',(0.,0.,1.));
#1662 = ORIENTED_EDGE('',*,*,#1623,.T.);
#1663 = ORIENTED_EDGE('',*,*,#609,.F.);
#1664 = ORIENTED_EDGE('',*,*,#1665,.F.);
#1665 = EDGE_CURVE('',#1666,#602,#1668,.T.);
#1666 = VERTEX_POINT('',#1667);
#1667 = CARTESIAN_POINT('',(-2.55,1.2,0.9));
#1668 = LINE('',#1669,#1670);
#1669 = CARTESIAN_POINT('',(-2.475,1.2,0.9));
#1670 = VECTOR('',#1671,1.);
#1671 = DIRECTION('',(1.,-1.224646799147E-16,4.996063166392E-32));
#1672 = ORIENTED_EDGE('',*,*,#1673,.T.);
#1673 = EDGE_CURVE('',#1666,#1674,#1676,.T.);
#1674 = VERTEX_POINT('',#1675);
#1675 = CARTESIAN_POINT('',(-2.6,1.2,0.85));
#1676 = CIRCLE('',#1677,5.E-02);
#1677 = AXIS2_PLACEMENT_3D('',#1678,#1679,#1680);
#1678 = CARTESIAN_POINT('',(-2.55,1.2,0.85));
#1679 = DIRECTION('',(-1.224646799147E-16,-1.,0.));
#1680 = DIRECTION('',(-1.,1.224646799147E-16,0.));
#1681 = ORIENTED_EDGE('',*,*,#1682,.T.);
#1682 = EDGE_CURVE('',#1674,#1683,#1685,.T.);
#1683 = VERTEX_POINT('',#1684);
#1684 = CARTESIAN_POINT('',(-2.6,1.2,0.15));
#1685 = LINE('',#1686,#1687);
#1686 = CARTESIAN_POINT('',(-2.6,1.2,5.E-02));
#1687 = VECTOR('',#1688,1.);
#1688 = DIRECTION('',(0.,0.,-1.));
#1689 = ORIENTED_EDGE('',*,*,#1690,.T.);
#1690 = EDGE_CURVE('',#1683,#1336,#1691,.T.);
#1691 = CIRCLE('',#1692,5.E-02);
#1692 = AXIS2_PLACEMENT_3D('',#1693,#1694,#1695);
#1693 = CARTESIAN_POINT('',(-2.55,1.2,0.15));
#1694 = DIRECTION('',(-1.224646799147E-16,-1.,0.));
#1695 = DIRECTION('',(4.996063166392E-32,-6.118412765058E-48,-1.));
#1696 = ORIENTED_EDGE('',*,*,#1343,.T.);
#1697 = ORIENTED_EDGE('',*,*,#695,.T.);
#1698 = ORIENTED_EDGE('',*,*,#687,.F.);
#1699 = ORIENTED_EDGE('',*,*,#1700,.F.);
#1700 = EDGE_CURVE('',#1701,#680,#1703,.T.);
#1701 = VERTEX_POINT('',#1702);
#1702 = CARTESIAN_POINT('',(-1.8,1.2,0.));
#1703 = LINE('',#1704,#1705);
#1704 = CARTESIAN_POINT('',(-1.8,1.2,0.));
#1705 = VECTOR('',#1706,1.);
#1706 = DIRECTION('',(0.,0.,1.));
#1707 = ORIENTED_EDGE('',*,*,#1708,.F.);
#1708 = EDGE_CURVE('',#1640,#1701,#1709,.T.);
#1709 = LINE('',#1710,#1711);
#1710 = CARTESIAN_POINT('',(-2.7,1.2,0.));
#1711 = VECTOR('',#1712,1.);
#1712 = DIRECTION('',(1.,-1.224646799147E-16,0.));
#1713 = PLANE('',#1714);
#1714 = AXIS2_PLACEMENT_3D('',#1715,#1716,#1717);
#1715 = CARTESIAN_POINT('',(-2.7,1.2,0.));
#1716 = DIRECTION('',(1.224646799147E-16,1.,0.));
#1717 = DIRECTION('',(1.,-1.224646799147E-16,0.));
#1718 = ADVANCED_FACE('',(#1719),#1737,.F.);
#1719 = FACE_BOUND('',#1720,.F.);
#1720 = EDGE_LOOP('',(#1721,#1722,#1730,#1736));
#1721 = ORIENTED_EDGE('',*,*,#601,.F.);
#1722 = ORIENTED_EDGE('',*,*,#1723,.T.);
#1723 = EDGE_CURVE('',#594,#1724,#1726,.T.);
#1724 = VERTEX_POINT('',#1725);
#1725 = CARTESIAN_POINT('',(-2.55,2.1,0.9));
#1726 = LINE('',#1727,#1728);
#1727 = CARTESIAN_POINT('',(-2.025,2.1,0.9));
#1728 = VECTOR('',#1729,1.);
#1729 = DIRECTION('',(-1.,1.224646799147E-16,-4.996063166392E-32));
#1730 = ORIENTED_EDGE('',*,*,#1731,.T.);
#1731 = EDGE_CURVE('',#1724,#1666,#1732,.T.);
#1732 = LINE('',#1733,#1734);
#1733 = CARTESIAN_POINT('',(-2.55,2.2,0.9));
#1734 = VECTOR('',#1735,1.);
#1735 = DIRECTION('',(-1.224646799147E-16,-1.,0.));
#1736 = ORIENTED_EDGE('',*,*,#1665,.T.);
#1737 = PLANE('',#1738);
#1738 = AXIS2_PLACEMENT_3D('',#1739,#1740,#1741);
#1739 = CARTESIAN_POINT('',(-2.25,1.65,0.9));
#1740 = DIRECTION('',(-4.996063166392E-32,1.556307025767E-32,1.));
#1741 = DIRECTION('',(-1.,1.224646799147E-16,-4.996063166392E-32));
#1742 = ADVANCED_FACE('',(#1743),#1815,.F.);
#1743 = FACE_BOUND('',#1744,.F.);
#1744 = EDGE_LOOP('',(#1745,#1755,#1764,#1772,#1778,#1779,#1780,#1781,
    #1790,#1798,#1805,#1806,#1807,#1808));
#1745 = ORIENTED_EDGE('',*,*,#1746,.F.);
#1746 = EDGE_CURVE('',#1747,#1749,#1751,.T.);
#1747 = VERTEX_POINT('',#1748);
#1748 = CARTESIAN_POINT('',(-2.7,2.1,5.E-02));
#1749 = VERTEX_POINT('',#1750);
#1750 = CARTESIAN_POINT('',(-2.7,2.1,0.95));
#1751 = LINE('',#1752,#1753);
#1752 = CARTESIAN_POINT('',(-2.7,2.1,0.));
#1753 = VECTOR('',#1754,1.);
#1754 = DIRECTION('',(0.,0.,1.));
#1755 = ORIENTED_EDGE('',*,*,#1756,.T.);
#1756 = EDGE_CURVE('',#1747,#1757,#1759,.T.);
#1757 = VERTEX_POINT('',#1758);
#1758 = CARTESIAN_POINT('',(-2.65,2.1,-6.938893903907E-18));
#1759 = CIRCLE('',#1760,5.E-02);
#1760 = AXIS2_PLACEMENT_3D('',#1761,#1762,#1763);
#1761 = CARTESIAN_POINT('',(-2.65,2.1,5.E-02));
#1762 = DIRECTION('',(-1.224646799147E-16,-1.,0.));
#1763 = DIRECTION('',(0.,0.,1.));
#1764 = ORIENTED_EDGE('',*,*,#1765,.F.);
#1765 = EDGE_CURVE('',#1766,#1757,#1768,.T.);
#1766 = VERTEX_POINT('',#1767);
#1767 = CARTESIAN_POINT('',(-1.8,2.1,0.));
#1768 = LINE('',#1769,#1770);
#1769 = CARTESIAN_POINT('',(-1.8,2.1,0.));
#1770 = VECTOR('',#1771,1.);
#1771 = DIRECTION('',(-1.,1.224646799147E-16,0.));
#1772 = ORIENTED_EDGE('',*,*,#1773,.T.);
#1773 = EDGE_CURVE('',#1766,#672,#1774,.T.);
#1774 = LINE('',#1775,#1776);
#1775 = CARTESIAN_POINT('',(-1.8,2.1,0.));
#1776 = VECTOR('',#1777,1.);
#1777 = DIRECTION('',(0.,0.,1.));
#1778 = ORIENTED_EDGE('',*,*,#671,.F.);
#1779 = ORIENTED_EDGE('',*,*,#663,.T.);
#1780 = ORIENTED_EDGE('',*,*,#1327,.T.);
#1781 = ORIENTED_EDGE('',*,*,#1782,.F.);
#1782 = EDGE_CURVE('',#1783,#1328,#1785,.T.);
#1783 = VERTEX_POINT('',#1784);
#1784 = CARTESIAN_POINT('',(-2.6,2.1,0.15));
#1785 = CIRCLE('',#1786,5.E-02);
#1786 = AXIS2_PLACEMENT_3D('',#1787,#1788,#1789);
#1787 = CARTESIAN_POINT('',(-2.55,2.1,0.15));
#1788 = DIRECTION('',(-1.224646799147E-16,-1.,0.));
#1789 = DIRECTION('',(4.996063166392E-32,-6.118412765058E-48,-1.));
#1790 = ORIENTED_EDGE('',*,*,#1791,.T.);
#1791 = EDGE_CURVE('',#1783,#1792,#1794,.T.);
#1792 = VERTEX_POINT('',#1793);
#1793 = CARTESIAN_POINT('',(-2.6,2.1,0.85));
#1794 = LINE('',#1795,#1796);
#1795 = CARTESIAN_POINT('',(-2.6,2.1,5.E-02));
#1796 = VECTOR('',#1797,1.);
#1797 = DIRECTION('',(0.,0.,1.));
#1798 = ORIENTED_EDGE('',*,*,#1799,.F.);
#1799 = EDGE_CURVE('',#1724,#1792,#1800,.T.);
#1800 = CIRCLE('',#1801,5.E-02);
#1801 = AXIS2_PLACEMENT_3D('',#1802,#1803,#1804);
#1802 = CARTESIAN_POINT('',(-2.55,2.1,0.85));
#1803 = DIRECTION('',(-1.224646799147E-16,-1.,0.));
#1804 = DIRECTION('',(-1.,1.224646799147E-16,0.));
#1805 = ORIENTED_EDGE('',*,*,#1723,.F.);
#1806 = ORIENTED_EDGE('',*,*,#593,.F.);
#1807 = ORIENTED_EDGE('',*,*,#1607,.T.);
#1808 = ORIENTED_EDGE('',*,*,#1809,.T.);
#1809 = EDGE_CURVE('',#1608,#1749,#1810,.T.);
#1810 = CIRCLE('',#1811,5.E-02);
#1811 = AXIS2_PLACEMENT_3D('',#1812,#1813,#1814);
#1812 = CARTESIAN_POINT('',(-2.65,2.1,0.95));
#1813 = DIRECTION('',(-1.224646799147E-16,-1.,0.));
#1814 = DIRECTION('',(0.,0.,1.));
#1815 = PLANE('',#1816);
#1816 = AXIS2_PLACEMENT_3D('',#1817,#1818,#1819);
#1817 = CARTESIAN_POINT('',(-1.8,2.1,0.));
#1818 = DIRECTION('',(-1.224646799147E-16,-1.,0.));
#1819 = DIRECTION('',(-1.,1.224646799147E-16,0.));
#1820 = ADVANCED_FACE('',(#1821),#1832,.F.);
#1821 = FACE_BOUND('',#1822,.F.);
#1822 = EDGE_LOOP('',(#1823,#1829,#1830,#1831));
#1823 = ORIENTED_EDGE('',*,*,#1824,.F.);
#1824 = EDGE_CURVE('',#1087,#941,#1825,.T.);
#1825 = LINE('',#1826,#1827);
#1826 = CARTESIAN_POINT('',(1.8,2.1,0.));
#1827 = VECTOR('',#1828,1.);
#1828 = DIRECTION('',(-1.224646799147E-16,-1.,0.));
#1829 = ORIENTED_EDGE('',*,*,#1086,.T.);
#1830 = ORIENTED_EDGE('',*,*,#798,.F.);
#1831 = ORIENTED_EDGE('',*,*,#948,.F.);
#1832 = PLANE('',#1833);
#1833 = AXIS2_PLACEMENT_3D('',#1834,#1835,#1836);
#1834 = CARTESIAN_POINT('',(1.8,2.1,0.));
#1835 = DIRECTION('',(1.,-1.224646799147E-16,0.));
#1836 = DIRECTION('',(-1.224646799147E-16,-1.,0.));
#1837 = ADVANCED_FACE('',(#1838),#1849,.F.);
#1838 = FACE_BOUND('',#1839,.F.);
#1839 = EDGE_LOOP('',(#1840,#1846,#1847,#1848));
#1840 = ORIENTED_EDGE('',*,*,#1841,.F.);
#1841 = EDGE_CURVE('',#1203,#1268,#1842,.T.);
#1842 = LINE('',#1843,#1844);
#1843 = CARTESIAN_POINT('',(1.8,-1.2,0.));
#1844 = VECTOR('',#1845,1.);
#1845 = DIRECTION('',(-1.224646799147E-16,-1.,0.));
#1846 = ORIENTED_EDGE('',*,*,#1202,.T.);
#1847 = ORIENTED_EDGE('',*,*,#759,.F.);
#1848 = ORIENTED_EDGE('',*,*,#1275,.F.);
#1849 = PLANE('',#1850);
#1850 = AXIS2_PLACEMENT_3D('',#1851,#1852,#1853);
#1851 = CARTESIAN_POINT('',(1.8,-1.2,0.));
#1852 = DIRECTION('',(1.,-1.224646799147E-16,0.));
#1853 = DIRECTION('',(-1.224646799147E-16,-1.,0.));
#1854 = ADVANCED_FACE('',(#1855),#1866,.F.);
#1855 = FACE_BOUND('',#1856,.F.);
#1856 = EDGE_LOOP('',(#1857,#1863,#1864,#1865));
#1857 = ORIENTED_EDGE('',*,*,#1858,.F.);
#1858 = EDGE_CURVE('',#1483,#1548,#1859,.T.);
#1859 = LINE('',#1860,#1861);
#1860 = CARTESIAN_POINT('',(-1.8,-2.1,0.));
#1861 = VECTOR('',#1862,1.);
#1862 = DIRECTION('',(1.224646799147E-16,1.,0.));
#1863 = ORIENTED_EDGE('',*,*,#1482,.T.);
#1864 = ORIENTED_EDGE('',*,*,#718,.F.);
#1865 = ORIENTED_EDGE('',*,*,#1555,.F.);
#1866 = PLANE('',#1867);
#1867 = AXIS2_PLACEMENT_3D('',#1868,#1869,#1870);
#1868 = CARTESIAN_POINT('',(-1.8,-2.1,0.));
#1869 = DIRECTION('',(-1.,1.224646799147E-16,0.));
#1870 = DIRECTION('',(1.224646799147E-16,1.,0.));
#1871 = ADVANCED_FACE('',(#1872),#1883,.F.);
#1872 = FACE_BOUND('',#1873,.F.);
#1873 = EDGE_LOOP('',(#1874,#1880,#1881,#1882));
#1874 = ORIENTED_EDGE('',*,*,#1875,.F.);
#1875 = EDGE_CURVE('',#1701,#1766,#1876,.T.);
#1876 = LINE('',#1877,#1878);
#1877 = CARTESIAN_POINT('',(-1.8,1.2,0.));
#1878 = VECTOR('',#1879,1.);
#1879 = DIRECTION('',(1.224646799147E-16,1.,0.));
#1880 = ORIENTED_EDGE('',*,*,#1700,.T.);
#1881 = ORIENTED_EDGE('',*,*,#679,.F.);
#1882 = ORIENTED_EDGE('',*,*,#1773,.F.);
#1883 = PLANE('',#1884);
#1884 = AXIS2_PLACEMENT_3D('',#1885,#1886,#1887);
#1885 = CARTESIAN_POINT('',(-1.8,1.2,0.));
#1886 = DIRECTION('',(-1.,1.224646799147E-16,0.));
#1887 = DIRECTION('',(1.224646799147E-16,1.,0.));
#1888 = ADVANCED_FACE('',(#1889),#1900,.F.);
#1889 = FACE_BOUND('',#1890,.F.);
#1890 = EDGE_LOOP('',(#1891,#1892,#1893,#1894));
#1891 = ORIENTED_EDGE('',*,*,#957,.T.);
#1892 = ORIENTED_EDGE('',*,*,#828,.T.);
#1893 = ORIENTED_EDGE('',*,*,#1076,.F.);
#1894 = ORIENTED_EDGE('',*,*,#1895,.F.);
#1895 = EDGE_CURVE('',#958,#1069,#1896,.T.);
#1896 = LINE('',#1897,#1898);
#1897 = CARTESIAN_POINT('',(2.6,1.1,0.15));
#1898 = VECTOR('',#1899,1.);
#1899 = DIRECTION('',(1.224646799147E-16,1.,0.));
#1900 = CYLINDRICAL_SURFACE('',#1901,5.E-02);
#1901 = AXIS2_PLACEMENT_3D('',#1902,#1903,#1904);
#1902 = CARTESIAN_POINT('',(2.55,1.1,0.15));
#1903 = DIRECTION('',(1.224646799147E-16,1.,0.));
#1904 = DIRECTION('',(1.,-1.224646799147E-16,0.));
#1905 = ADVANCED_FACE('',(#1906),#1917,.F.);
#1906 = FACE_BOUND('',#1907,.F.);
#1907 = EDGE_LOOP('',(#1908,#1909,#1910,#1911));
#1908 = ORIENTED_EDGE('',*,*,#1284,.T.);
#1909 = ORIENTED_EDGE('',*,*,#859,.T.);
#1910 = ORIENTED_EDGE('',*,*,#1192,.F.);
#1911 = ORIENTED_EDGE('',*,*,#1912,.F.);
#1912 = EDGE_CURVE('',#1285,#1185,#1913,.T.);
#1913 = LINE('',#1914,#1915);
#1914 = CARTESIAN_POINT('',(2.6,-2.2,0.15));
#1915 = VECTOR('',#1916,1.);
#1916 = DIRECTION('',(1.224646799147E-16,1.,0.));
#1917 = CYLINDRICAL_SURFACE('',#1918,5.E-02);
#1918 = AXIS2_PLACEMENT_3D('',#1919,#1920,#1921);
#1919 = CARTESIAN_POINT('',(2.55,-2.2,0.15));
#1920 = DIRECTION('',(1.224646799147E-16,1.,0.));
#1921 = DIRECTION('',(1.,-1.224646799147E-16,0.));
#1922 = ADVANCED_FACE('',(#1923),#1934,.F.);
#1923 = FACE_BOUND('',#1924,.F.);
#1924 = EDGE_LOOP('',(#1925,#1931,#1932,#1933));
#1925 = ORIENTED_EDGE('',*,*,#1926,.T.);
#1926 = EDGE_CURVE('',#967,#1060,#1927,.T.);
#1927 = LINE('',#1928,#1929);
#1928 = CARTESIAN_POINT('',(2.6,1.1,0.85));
#1929 = VECTOR('',#1930,1.);
#1930 = DIRECTION('',(1.224646799147E-16,1.,0.));
#1931 = ORIENTED_EDGE('',*,*,#1059,.F.);
#1932 = ORIENTED_EDGE('',*,*,#890,.F.);
#1933 = ORIENTED_EDGE('',*,*,#974,.T.);
#1934 = CYLINDRICAL_SURFACE('',#1935,5.E-02);
#1935 = AXIS2_PLACEMENT_3D('',#1936,#1937,#1938);
#1936 = CARTESIAN_POINT('',(2.55,1.1,0.85));
#1937 = DIRECTION('',(1.224646799147E-16,1.,0.));
#1938 = DIRECTION('',(1.,-1.224646799147E-16,0.));
#1939 = ADVANCED_FACE('',(#1940),#1956,.F.);
#1940 = FACE_BOUND('',#1941,.F.);
#1941 = EDGE_LOOP('',(#1942,#1943,#1949,#1950));
#1942 = ORIENTED_EDGE('',*,*,#921,.T.);
#1943 = ORIENTED_EDGE('',*,*,#1944,.T.);
#1944 = EDGE_CURVE('',#924,#1042,#1945,.T.);
#1945 = LINE('',#1946,#1947);
#1946 = CARTESIAN_POINT('',(2.7,1.2,0.95));
#1947 = VECTOR('',#1948,1.);
#1948 = DIRECTION('',(1.224646799147E-16,1.,0.));
#1949 = ORIENTED_EDGE('',*,*,#1041,.F.);
#1950 = ORIENTED_EDGE('',*,*,#1951,.F.);
#1951 = EDGE_CURVE('',#922,#1031,#1952,.T.);
#1952 = LINE('',#1953,#1954);
#1953 = CARTESIAN_POINT('',(2.7,1.2,5.E-02));
#1954 = VECTOR('',#1955,1.);
#1955 = DIRECTION('',(1.224646799147E-16,1.,0.));
#1956 = PLANE('',#1957);
#1957 = AXIS2_PLACEMENT_3D('',#1958,#1959,#1960);
#1958 = CARTESIAN_POINT('',(2.7,1.2,0.));
#1959 = DIRECTION('',(-1.,1.224646799147E-16,0.));
#1960 = DIRECTION('',(1.224646799147E-16,1.,0.));
#1961 = ADVANCED_FACE('',(#1962),#1968,.T.);
#1962 = FACE_BOUND('',#1963,.T.);
#1963 = EDGE_LOOP('',(#1964,#1965,#1966,#1967));
#1964 = ORIENTED_EDGE('',*,*,#1944,.T.);
#1965 = ORIENTED_EDGE('',*,*,#1049,.T.);
#1966 = ORIENTED_EDGE('',*,*,#1006,.F.);
#1967 = ORIENTED_EDGE('',*,*,#991,.F.);
#1968 = CYLINDRICAL_SURFACE('',#1969,5.E-02);
#1969 = AXIS2_PLACEMENT_3D('',#1970,#1971,#1972);
#1970 = CARTESIAN_POINT('',(2.65,1.2,0.95));
#1971 = DIRECTION('',(1.224646799147E-16,1.,0.));
#1972 = DIRECTION('',(1.,-1.224646799147E-16,0.));
#1973 = ADVANCED_FACE('',(#1974),#1980,.T.);
#1974 = FACE_BOUND('',#1975,.T.);
#1975 = EDGE_LOOP('',(#1976,#1977,#1978,#1979));
#1976 = ORIENTED_EDGE('',*,*,#1895,.F.);
#1977 = ORIENTED_EDGE('',*,*,#966,.T.);
#1978 = ORIENTED_EDGE('',*,*,#1926,.T.);
#1979 = ORIENTED_EDGE('',*,*,#1068,.T.);
#1980 = PLANE('',#1981);
#1981 = AXIS2_PLACEMENT_3D('',#1982,#1983,#1984);
#1982 = CARTESIAN_POINT('',(2.6,1.1,0.1));
#1983 = DIRECTION('',(-1.,1.224646799147E-16,0.));
#1984 = DIRECTION('',(1.224646799147E-16,1.,0.));
#1985 = ADVANCED_FACE('',(#1986),#1997,.F.);
#1986 = FACE_BOUND('',#1987,.F.);
#1987 = EDGE_LOOP('',(#1988,#1989,#1990,#1991));
#1988 = ORIENTED_EDGE('',*,*,#1094,.T.);
#1989 = ORIENTED_EDGE('',*,*,#1824,.T.);
#1990 = ORIENTED_EDGE('',*,*,#940,.T.);
#1991 = ORIENTED_EDGE('',*,*,#1992,.T.);
#1992 = EDGE_CURVE('',#932,#1033,#1993,.T.);
#1993 = LINE('',#1994,#1995);
#1994 = CARTESIAN_POINT('',(2.65,1.2,-6.938893903907E-18));
#1995 = VECTOR('',#1996,1.);
#1996 = DIRECTION('',(1.224646799147E-16,1.,0.));
#1997 = PLANE('',#1998);
#1998 = AXIS2_PLACEMENT_3D('',#1999,#2000,#2001);
#1999 = CARTESIAN_POINT('',(2.25,1.65,0.));
#2000 = DIRECTION('',(0.,0.,1.));
#2001 = DIRECTION('',(-1.,1.224646799147E-16,0.));
#2002 = ADVANCED_FACE('',(#2003),#2009,.T.);
#2003 = FACE_BOUND('',#2004,.T.);
#2004 = EDGE_LOOP('',(#2005,#2006,#2007,#2008));
#2005 = ORIENTED_EDGE('',*,*,#931,.T.);
#2006 = ORIENTED_EDGE('',*,*,#1992,.T.);
#2007 = ORIENTED_EDGE('',*,*,#1030,.F.);
#2008 = ORIENTED_EDGE('',*,*,#1951,.F.);
#2009 = CYLINDRICAL_SURFACE('',#2010,5.E-02);
#2010 = AXIS2_PLACEMENT_3D('',#2011,#2012,#2013);
#2011 = CARTESIAN_POINT('',(2.65,1.2,5.E-02));
#2012 = DIRECTION('',(1.224646799147E-16,1.,0.));
#2013 = DIRECTION('',(1.,-1.224646799147E-16,0.));
#2014 = ADVANCED_FACE('',(#2015),#2026,.T.);
#2015 = FACE_BOUND('',#2016,.T.);
#2016 = EDGE_LOOP('',(#2017,#2023,#2024,#2025));
#2017 = ORIENTED_EDGE('',*,*,#2018,.T.);
#2018 = EDGE_CURVE('',#1251,#1151,#2019,.T.);
#2019 = LINE('',#2020,#2021);
#2020 = CARTESIAN_POINT('',(2.7,-2.1,0.95));
#2021 = VECTOR('',#2022,1.);
#2022 = DIRECTION('',(1.224646799147E-16,1.,0.));
#2023 = ORIENTED_EDGE('',*,*,#1158,.T.);
#2024 = ORIENTED_EDGE('',*,*,#1108,.F.);
#2025 = ORIENTED_EDGE('',*,*,#1311,.F.);
#2026 = CYLINDRICAL_SURFACE('',#2027,5.E-02);
#2027 = AXIS2_PLACEMENT_3D('',#2028,#2029,#2030);
#2028 = CARTESIAN_POINT('',(2.65,-2.1,0.95));
#2029 = DIRECTION('',(1.224646799147E-16,1.,0.));
#2030 = DIRECTION('',(1.,-1.224646799147E-16,0.));
#2031 = ADVANCED_FACE('',(#2032),#2048,.T.);
#2032 = FACE_BOUND('',#2033,.T.);
#2033 = EDGE_LOOP('',(#2034,#2035,#2041,#2042));
#2034 = ORIENTED_EDGE('',*,*,#1258,.T.);
#2035 = ORIENTED_EDGE('',*,*,#2036,.T.);
#2036 = EDGE_CURVE('',#1259,#1142,#2037,.T.);
#2037 = LINE('',#2038,#2039);
#2038 = CARTESIAN_POINT('',(2.65,-2.1,-6.938893903907E-18));
#2039 = VECTOR('',#2040,1.);
#2040 = DIRECTION('',(1.224646799147E-16,1.,0.));
#2041 = ORIENTED_EDGE('',*,*,#1139,.F.);
#2042 = ORIENTED_EDGE('',*,*,#2043,.F.);
#2043 = EDGE_CURVE('',#1249,#1140,#2044,.T.);
#2044 = LINE('',#2045,#2046);
#2045 = CARTESIAN_POINT('',(2.7,-2.1,5.E-02));
#2046 = VECTOR('',#2047,1.);
#2047 = DIRECTION('',(1.224646799147E-16,1.,0.));
#2048 = CYLINDRICAL_SURFACE('',#2049,5.E-02);
#2049 = AXIS2_PLACEMENT_3D('',#2050,#2051,#2052);
#2050 = CARTESIAN_POINT('',(2.65,-2.1,5.E-02));
#2051 = DIRECTION('',(1.224646799147E-16,1.,0.));
#2052 = DIRECTION('',(1.,-1.224646799147E-16,0.));
#2053 = ADVANCED_FACE('',(#2054),#2060,.F.);
#2054 = FACE_BOUND('',#2055,.F.);
#2055 = EDGE_LOOP('',(#2056,#2057,#2058,#2059));
#2056 = ORIENTED_EDGE('',*,*,#1210,.T.);
#2057 = ORIENTED_EDGE('',*,*,#1841,.T.);
#2058 = ORIENTED_EDGE('',*,*,#1267,.T.);
#2059 = ORIENTED_EDGE('',*,*,#2036,.T.);
#2060 = PLANE('',#2061);
#2061 = AXIS2_PLACEMENT_3D('',#2062,#2063,#2064);
#2062 = CARTESIAN_POINT('',(2.25,-1.65,0.));
#2063 = DIRECTION('',(0.,0.,1.));
#2064 = DIRECTION('',(-1.,1.224646799147E-16,0.));
#2065 = ADVANCED_FACE('',(#2066),#2077,.T.);
#2066 = FACE_BOUND('',#2067,.T.);
#2067 = EDGE_LOOP('',(#2068,#2069,#2070,#2076));
#2068 = ORIENTED_EDGE('',*,*,#1912,.F.);
#2069 = ORIENTED_EDGE('',*,*,#1293,.T.);
#2070 = ORIENTED_EDGE('',*,*,#2071,.T.);
#2071 = EDGE_CURVE('',#1294,#1176,#2072,.T.);
#2072 = LINE('',#2073,#2074);
#2073 = CARTESIAN_POINT('',(2.6,-2.2,0.85));
#2074 = VECTOR('',#2075,1.);
#2075 = DIRECTION('',(1.224646799147E-16,1.,0.));
#2076 = ORIENTED_EDGE('',*,*,#1184,.T.);
#2077 = PLANE('',#2078);
#2078 = AXIS2_PLACEMENT_3D('',#2079,#2080,#2081);
#2079 = CARTESIAN_POINT('',(2.6,-2.2,0.1));
#2080 = DIRECTION('',(-1.,1.224646799147E-16,0.));
#2081 = DIRECTION('',(1.224646799147E-16,1.,0.));
#2082 = ADVANCED_FACE('',(#2083),#2089,.F.);
#2083 = FACE_BOUND('',#2084,.F.);
#2084 = EDGE_LOOP('',(#2085,#2086,#2087,#2088));
#2085 = ORIENTED_EDGE('',*,*,#2071,.T.);
#2086 = ORIENTED_EDGE('',*,*,#1175,.F.);
#2087 = ORIENTED_EDGE('',*,*,#1224,.F.);
#2088 = ORIENTED_EDGE('',*,*,#1301,.T.);
#2089 = CYLINDRICAL_SURFACE('',#2090,5.E-02);
#2090 = AXIS2_PLACEMENT_3D('',#2091,#2092,#2093);
#2091 = CARTESIAN_POINT('',(2.55,-2.2,0.85));
#2092 = DIRECTION('',(1.224646799147E-16,1.,0.));
#2093 = DIRECTION('',(1.,-1.224646799147E-16,0.));
#2094 = ADVANCED_FACE('',(#2095),#2101,.F.);
#2095 = FACE_BOUND('',#2096,.F.);
#2096 = EDGE_LOOP('',(#2097,#2098,#2099,#2100));
#2097 = ORIENTED_EDGE('',*,*,#1248,.T.);
#2098 = ORIENTED_EDGE('',*,*,#2018,.T.);
#2099 = ORIENTED_EDGE('',*,*,#1150,.F.);
#2100 = ORIENTED_EDGE('',*,*,#2043,.F.);
#2101 = PLANE('',#2102);
#2102 = AXIS2_PLACEMENT_3D('',#2103,#2104,#2105);
#2103 = CARTESIAN_POINT('',(2.7,-2.1,0.));
#2104 = DIRECTION('',(-1.,1.224646799147E-16,0.));
#2105 = DIRECTION('',(1.224646799147E-16,1.,0.));
#2106 = ADVANCED_FACE('',(#2107),#2118,.F.);
#2107 = FACE_BOUND('',#2108,.F.);
#2108 = EDGE_LOOP('',(#2109,#2110,#2116,#2117));
#2109 = ORIENTED_EDGE('',*,*,#1690,.F.);
#2110 = ORIENTED_EDGE('',*,*,#2111,.F.);
#2111 = EDGE_CURVE('',#1783,#1683,#2112,.T.);
#2112 = LINE('',#2113,#2114);
#2113 = CARTESIAN_POINT('',(-2.6,2.2,0.15));
#2114 = VECTOR('',#2115,1.);
#2115 = DIRECTION('',(-1.224646799147E-16,-1.,0.));
#2116 = ORIENTED_EDGE('',*,*,#1782,.T.);
#2117 = ORIENTED_EDGE('',*,*,#1335,.T.);
#2118 = CYLINDRICAL_SURFACE('',#2119,5.E-02);
#2119 = AXIS2_PLACEMENT_3D('',#2120,#2121,#2122);
#2120 = CARTESIAN_POINT('',(-2.55,2.2,0.15));
#2121 = DIRECTION('',(-1.224646799147E-16,-1.,0.));
#2122 = DIRECTION('',(4.996063166392E-32,-6.118412765058E-48,-1.));
#2123 = ADVANCED_FACE('',(#2124),#2135,.F.);
#2124 = FACE_BOUND('',#2125,.F.);
#2125 = EDGE_LOOP('',(#2126,#2127,#2133,#2134));
#2126 = ORIENTED_EDGE('',*,*,#1472,.F.);
#2127 = ORIENTED_EDGE('',*,*,#2128,.F.);
#2128 = EDGE_CURVE('',#1565,#1465,#2129,.T.);
#2129 = LINE('',#2130,#2131);
#2130 = CARTESIAN_POINT('',(-2.6,-1.1,0.15));
#2131 = VECTOR('',#2132,1.);
#2132 = DIRECTION('',(-1.224646799147E-16,-1.,0.));
#2133 = ORIENTED_EDGE('',*,*,#1564,.T.);
#2134 = ORIENTED_EDGE('',*,*,#1366,.T.);
#2135 = CYLINDRICAL_SURFACE('',#2136,5.E-02);
#2136 = AXIS2_PLACEMENT_3D('',#2137,#2138,#2139);
#2137 = CARTESIAN_POINT('',(-2.55,-1.1,0.15));
#2138 = DIRECTION('',(-1.224646799147E-16,-1.,0.));
#2139 = DIRECTION('',(4.996063166392E-32,-6.118412765058E-48,-1.));
#2140 = ADVANCED_FACE('',(#2141),#2152,.T.);
#2141 = FACE_BOUND('',#2142,.T.);
#2142 = EDGE_LOOP('',(#2143,#2144,#2150,#2151));
#2143 = ORIENTED_EDGE('',*,*,#1591,.T.);
#2144 = ORIENTED_EDGE('',*,*,#2145,.T.);
#2145 = EDGE_CURVE('',#1531,#1431,#2146,.T.);
#2146 = LINE('',#2147,#2148);
#2147 = CARTESIAN_POINT('',(-2.7,-1.2,0.95));
#2148 = VECTOR('',#2149,1.);
#2149 = DIRECTION('',(-1.224646799147E-16,-1.,0.));
#2150 = ORIENTED_EDGE('',*,*,#1438,.F.);
#2151 = ORIENTED_EDGE('',*,*,#1397,.F.);
#2152 = CYLINDRICAL_SURFACE('',#2153,5.E-02);
#2153 = AXIS2_PLACEMENT_3D('',#2154,#2155,#2156);
#2154 = CARTESIAN_POINT('',(-2.65,-1.2,0.95));
#2155 = DIRECTION('',(-1.224646799147E-16,-1.,0.));
#2156 = DIRECTION('',(0.,0.,1.));
#2157 = ADVANCED_FACE('',(#2158),#2174,.T.);
#2158 = FACE_BOUND('',#2159,.T.);
#2159 = EDGE_LOOP('',(#2160,#2161,#2167,#2168));
#2160 = ORIENTED_EDGE('',*,*,#1538,.T.);
#2161 = ORIENTED_EDGE('',*,*,#2162,.T.);
#2162 = EDGE_CURVE('',#1539,#1422,#2163,.T.);
#2163 = LINE('',#2164,#2165);
#2164 = CARTESIAN_POINT('',(-2.65,-1.2,-6.938893903907E-18));
#2165 = VECTOR('',#2166,1.);
#2166 = DIRECTION('',(-1.224646799147E-16,-1.,0.));
#2167 = ORIENTED_EDGE('',*,*,#1419,.F.);
#2168 = ORIENTED_EDGE('',*,*,#2169,.F.);
#2169 = EDGE_CURVE('',#1529,#1420,#2170,.T.);
#2170 = LINE('',#2171,#2172);
#2171 = CARTESIAN_POINT('',(-2.7,-1.2,5.E-02));
#2172 = VECTOR('',#2173,1.);
#2173 = DIRECTION('',(-1.224646799147E-16,-1.,0.));
#2174 = CYLINDRICAL_SURFACE('',#2175,5.E-02);
#2175 = AXIS2_PLACEMENT_3D('',#2176,#2177,#2178);
#2176 = CARTESIAN_POINT('',(-2.65,-1.2,5.E-02));
#2177 = DIRECTION('',(-1.224646799147E-16,-1.,0.));
#2178 = DIRECTION('',(-1.,1.224646799147E-16,0.));
#2179 = ADVANCED_FACE('',(#2180),#2186,.F.);
#2180 = FACE_BOUND('',#2181,.F.);
#2181 = EDGE_LOOP('',(#2182,#2183,#2184,#2185));
#2182 = ORIENTED_EDGE('',*,*,#1547,.T.);
#2183 = ORIENTED_EDGE('',*,*,#2162,.T.);
#2184 = ORIENTED_EDGE('',*,*,#1490,.T.);
#2185 = ORIENTED_EDGE('',*,*,#1858,.T.);
#2186 = PLANE('',#2187);
#2187 = AXIS2_PLACEMENT_3D('',#2188,#2189,#2190);
#2188 = CARTESIAN_POINT('',(-2.25,-1.65,0.));
#2189 = DIRECTION('',(0.,0.,1.));
#2190 = DIRECTION('',(-1.,1.224646799147E-16,0.));
#2191 = ADVANCED_FACE('',(#2192),#2203,.T.);
#2192 = FACE_BOUND('',#2193,.T.);
#2193 = EDGE_LOOP('',(#2194,#2195,#2196,#2202));
#2194 = ORIENTED_EDGE('',*,*,#2128,.F.);
#2195 = ORIENTED_EDGE('',*,*,#1573,.T.);
#2196 = ORIENTED_EDGE('',*,*,#2197,.T.);
#2197 = EDGE_CURVE('',#1574,#1456,#2198,.T.);
#2198 = LINE('',#2199,#2200);
#2199 = CARTESIAN_POINT('',(-2.6,-1.1,0.85));
#2200 = VECTOR('',#2201,1.);
#2201 = DIRECTION('',(-1.224646799147E-16,-1.,0.));
#2202 = ORIENTED_EDGE('',*,*,#1464,.T.);
#2203 = PLANE('',#2204);
#2204 = AXIS2_PLACEMENT_3D('',#2205,#2206,#2207);
#2205 = CARTESIAN_POINT('',(-2.6,-1.1,0.1));
#2206 = DIRECTION('',(1.,-1.224646799147E-16,0.));
#2207 = DIRECTION('',(-1.224646799147E-16,-1.,0.));
#2208 = ADVANCED_FACE('',(#2209),#2215,.F.);
#2209 = FACE_BOUND('',#2210,.F.);
#2210 = EDGE_LOOP('',(#2211,#2212,#2213,#2214));
#2211 = ORIENTED_EDGE('',*,*,#2197,.T.);
#2212 = ORIENTED_EDGE('',*,*,#1455,.F.);
#2213 = ORIENTED_EDGE('',*,*,#1513,.F.);
#2214 = ORIENTED_EDGE('',*,*,#1581,.T.);
#2215 = CYLINDRICAL_SURFACE('',#2216,5.E-02);
#2216 = AXIS2_PLACEMENT_3D('',#2217,#2218,#2219);
#2217 = CARTESIAN_POINT('',(-2.55,-1.1,0.85));
#2218 = DIRECTION('',(-1.224646799147E-16,-1.,0.));
#2219 = DIRECTION('',(-1.,1.224646799147E-16,0.));
#2220 = ADVANCED_FACE('',(#2221),#2227,.F.);
#2221 = FACE_BOUND('',#2222,.F.);
#2222 = EDGE_LOOP('',(#2223,#2224,#2225,#2226));
#2223 = ORIENTED_EDGE('',*,*,#1528,.T.);
#2224 = ORIENTED_EDGE('',*,*,#2145,.T.);
#2225 = ORIENTED_EDGE('',*,*,#1430,.F.);
#2226 = ORIENTED_EDGE('',*,*,#2169,.F.);
#2227 = PLANE('',#2228);
#2228 = AXIS2_PLACEMENT_3D('',#2229,#2230,#2231);
#2229 = CARTESIAN_POINT('',(-2.7,-1.2,0.));
#2230 = DIRECTION('',(1.,-1.224646799147E-16,0.));
#2231 = DIRECTION('',(-1.224646799147E-16,-1.,0.));
#2232 = ADVANCED_FACE('',(#2233),#2244,.T.);
#2233 = FACE_BOUND('',#2234,.T.);
#2234 = EDGE_LOOP('',(#2235,#2236,#2242,#2243));
#2235 = ORIENTED_EDGE('',*,*,#1809,.T.);
#2236 = ORIENTED_EDGE('',*,*,#2237,.T.);
#2237 = EDGE_CURVE('',#1749,#1649,#2238,.T.);
#2238 = LINE('',#2239,#2240);
#2239 = CARTESIAN_POINT('',(-2.7,2.1,0.95));
#2240 = VECTOR('',#2241,1.);
#2241 = DIRECTION('',(-1.224646799147E-16,-1.,0.));
#2242 = ORIENTED_EDGE('',*,*,#1656,.F.);
#2243 = ORIENTED_EDGE('',*,*,#1615,.F.);
#2244 = CYLINDRICAL_SURFACE('',#2245,5.E-02);
#2245 = AXIS2_PLACEMENT_3D('',#2246,#2247,#2248);
#2246 = CARTESIAN_POINT('',(-2.65,2.1,0.95));
#2247 = DIRECTION('',(-1.224646799147E-16,-1.,0.));
#2248 = DIRECTION('',(0.,0.,1.));
#2249 = ADVANCED_FACE('',(#2250),#2266,.T.);
#2250 = FACE_BOUND('',#2251,.T.);
#2251 = EDGE_LOOP('',(#2252,#2253,#2259,#2260));
#2252 = ORIENTED_EDGE('',*,*,#1756,.T.);
#2253 = ORIENTED_EDGE('',*,*,#2254,.T.);
#2254 = EDGE_CURVE('',#1757,#1640,#2255,.T.);
#2255 = LINE('',#2256,#2257);
#2256 = CARTESIAN_POINT('',(-2.65,2.1,-6.938893903907E-18));
#2257 = VECTOR('',#2258,1.);
#2258 = DIRECTION('',(-1.224646799147E-16,-1.,0.));
#2259 = ORIENTED_EDGE('',*,*,#1637,.F.);
#2260 = ORIENTED_EDGE('',*,*,#2261,.F.);
#2261 = EDGE_CURVE('',#1747,#1638,#2262,.T.);
#2262 = LINE('',#2263,#2264);
#2263 = CARTESIAN_POINT('',(-2.7,2.1,5.E-02));
#2264 = VECTOR('',#2265,1.);
#2265 = DIRECTION('',(-1.224646799147E-16,-1.,0.));
#2266 = CYLINDRICAL_SURFACE('',#2267,5.E-02);
#2267 = AXIS2_PLACEMENT_3D('',#2268,#2269,#2270);
#2268 = CARTESIAN_POINT('',(-2.65,2.1,5.E-02));
#2269 = DIRECTION('',(-1.224646799147E-16,-1.,0.));
#2270 = DIRECTION('',(-1.,1.224646799147E-16,0.));
#2271 = ADVANCED_FACE('',(#2272),#2278,.F.);
#2272 = FACE_BOUND('',#2273,.F.);
#2273 = EDGE_LOOP('',(#2274,#2275,#2276,#2277));
#2274 = ORIENTED_EDGE('',*,*,#1765,.T.);
#2275 = ORIENTED_EDGE('',*,*,#2254,.T.);
#2276 = ORIENTED_EDGE('',*,*,#1708,.T.);
#2277 = ORIENTED_EDGE('',*,*,#1875,.T.);
#2278 = PLANE('',#2279);
#2279 = AXIS2_PLACEMENT_3D('',#2280,#2281,#2282);
#2280 = CARTESIAN_POINT('',(-2.25,1.65,0.));
#2281 = DIRECTION('',(0.,0.,1.));
#2282 = DIRECTION('',(-1.,1.224646799147E-16,0.));
#2283 = ADVANCED_FACE('',(#2284),#2295,.T.);
#2284 = FACE_BOUND('',#2285,.T.);
#2285 = EDGE_LOOP('',(#2286,#2287,#2288,#2294));
#2286 = ORIENTED_EDGE('',*,*,#2111,.F.);
#2287 = ORIENTED_EDGE('',*,*,#1791,.T.);
#2288 = ORIENTED_EDGE('',*,*,#2289,.T.);
#2289 = EDGE_CURVE('',#1792,#1674,#2290,.T.);
#2290 = LINE('',#2291,#2292);
#2291 = CARTESIAN_POINT('',(-2.6,2.2,0.85));
#2292 = VECTOR('',#2293,1.);
#2293 = DIRECTION('',(-1.224646799147E-16,-1.,0.));
#2294 = ORIENTED_EDGE('',*,*,#1682,.T.);
#2295 = PLANE('',#2296);
#2296 = AXIS2_PLACEMENT_3D('',#2297,#2298,#2299);
#2297 = CARTESIAN_POINT('',(-2.6,2.2,0.1));
#2298 = DIRECTION('',(1.,-1.224646799147E-16,0.));
#2299 = DIRECTION('',(-1.224646799147E-16,-1.,0.));
#2300 = ADVANCED_FACE('',(#2301),#2307,.F.);
#2301 = FACE_BOUND('',#2302,.F.);
#2302 = EDGE_LOOP('',(#2303,#2304,#2305,#2306));
#2303 = ORIENTED_EDGE('',*,*,#2289,.T.);
#2304 = ORIENTED_EDGE('',*,*,#1673,.F.);
#2305 = ORIENTED_EDGE('',*,*,#1731,.F.);
#2306 = ORIENTED_EDGE('',*,*,#1799,.T.);
#2307 = CYLINDRICAL_SURFACE('',#2308,5.E-02);
#2308 = AXIS2_PLACEMENT_3D('',#2309,#2310,#2311);
#2309 = CARTESIAN_POINT('',(-2.55,2.2,0.85));
#2310 = DIRECTION('',(-1.224646799147E-16,-1.,0.));
#2311 = DIRECTION('',(-1.,1.224646799147E-16,0.));
#2312 = ADVANCED_FACE('',(#2313),#2319,.F.);
#2313 = FACE_BOUND('',#2314,.F.);
#2314 = EDGE_LOOP('',(#2315,#2316,#2317,#2318));
#2315 = ORIENTED_EDGE('',*,*,#1746,.T.);
#2316 = ORIENTED_EDGE('',*,*,#2237,.T.);
#2317 = ORIENTED_EDGE('',*,*,#1648,.F.);
#2318 = ORIENTED_EDGE('',*,*,#2261,.F.);
#2319 = PLANE('',#2320);
#2320 = AXIS2_PLACEMENT_3D('',#2321,#2322,#2323);
#2321 = CARTESIAN_POINT('',(-2.7,2.1,0.));
#2322 = DIRECTION('',(1.,-1.224646799147E-16,0.));
#2323 = DIRECTION('',(-1.224646799147E-16,-1.,0.));
#2324 = ( GEOMETRIC_REPRESENTATION_CONTEXT(3) 
GLOBAL_UNCERTAINTY_ASSIGNED_CONTEXT((#2328)) 
GLOBAL_UNIT_ASSIGNED_CONTEXT((#2325,#2326,#2327)) REPRESENTATION_CONTEXT
('Context #1','3D Context with UNIT and UNCERTAINTY') );
#2325 = ( LENGTH_UNIT() NAMED_UNIT(*) SI_UNIT(.MILLI.,.METRE.) );
#2326 = ( NAMED_UNIT(*) PLANE_ANGLE_UNIT() SI_UNIT($,.RADIAN.) );
#2327 = ( NAMED_UNIT(*) SI_UNIT($,.STERADIAN.) SOLID_ANGLE_UNIT() );
#2328 = UNCERTAINTY_MEASURE_WITH_UNIT(LENGTH_MEASURE(1.E-07),#2325,
  'distance_accuracy_value','confusion accuracy');
#2329 = CONTEXT_DEPENDENT_SHAPE_REPRESENTATION(#2330,#2332);
#2330 = ( REPRESENTATION_RELATIONSHIP('','',#56,#10) 
REPRESENTATION_RELATIONSHIP_WITH_TRANSFORMATION(#2331) 
SHAPE_REPRESENTATION_RELATIONSHIP() );
#2331 = ITEM_DEFINED_TRANSFORMATION('','',#11,#15);
#2332 = PRODUCT_DEFINITION_SHAPE('Placement','Placement of an item',
  #2333);
#2333 = NEXT_ASSEMBLY_USAGE_OCCURRENCE('1','D1','',#5,#51,$);
#2334 = PRODUCT_RELATED_PRODUCT_CATEGORY('part',$,(#53));
#2335 = SHAPE_DEFINITION_REPRESENTATION(#2336,#2342);
#2336 = PRODUCT_DEFINITION_SHAPE('','',#2337);
#2337 = PRODUCT_DEFINITION('design','',#2338,#2341);
#2338 = PRODUCT_DEFINITION_FORMATION('','',#2339);
#2339 = PRODUCT('R_0805_2012Metric','R_0805_2012Metric','',(#2340));
#2340 = PRODUCT_CONTEXT('',#2,'mechanical');
#2341 = PRODUCT_DEFINITION_CONTEXT('part definition',#2,'design');
#2342 = ADVANCED_BREP_SHAPE_REPRESENTATION('',(#11,#2343),#3133);
#2343 = MANIFOLD_SOLID_BREP('',#2344);
#2344 = CLOSED_SHELL('',(#2345,#2385,#2468,#2493,#2518,#2585,#2602,#2619
    ,#2668,#2685,#2702,#2751,#2768,#2837,#2868,#2892,#2961,#2985,#3002,
    #3019,#3036,#3053,#3070,#3087,#3104,#3121));
#2345 = ADVANCED_FACE('',(#2346),#2380,.F.);
#2346 = FACE_BOUND('',#2347,.F.);
#2347 = EDGE_LOOP('',(#2348,#2358,#2366,#2374));
#2348 = ORIENTED_EDGE('',*,*,#2349,.F.);
#2349 = EDGE_CURVE('',#2350,#2352,#2354,.T.);
#2350 = VERTEX_POINT('',#2351);
#2351 = CARTESIAN_POINT('',(-1.,-0.6,4.5E-02));
#2352 = VERTEX_POINT('',#2353);
#2353 = CARTESIAN_POINT('',(-1.,-0.6,0.405));
#2354 = LINE('',#2355,#2356);
#2355 = CARTESIAN_POINT('',(-1.,-0.6,0.));
#2356 = VECTOR('',#2357,1.);
#2357 = DIRECTION('',(0.,0.,1.));
#2358 = ORIENTED_EDGE('',*,*,#2359,.T.);
#2359 = EDGE_CURVE('',#2350,#2360,#2362,.T.);
#2360 = VERTEX_POINT('',#2361);
#2361 = CARTESIAN_POINT('',(-1.,0.6,4.5E-02));
#2362 = LINE('',#2363,#2364);
#2363 = CARTESIAN_POINT('',(-1.,-0.6,4.5E-02));
#2364 = VECTOR('',#2365,1.);
#2365 = DIRECTION('',(0.,1.,0.));
#2366 = ORIENTED_EDGE('',*,*,#2367,.T.);
#2367 = EDGE_CURVE('',#2360,#2368,#2370,.T.);
#2368 = VERTEX_POINT('',#2369);
#2369 = CARTESIAN_POINT('',(-1.,0.6,0.405));
#2370 = LINE('',#2371,#2372);
#2371 = CARTESIAN_POINT('',(-1.,0.6,0.));
#2372 = VECTOR('',#2373,1.);
#2373 = DIRECTION('',(0.,0.,1.));
#2374 = ORIENTED_EDGE('',*,*,#2375,.F.);
#2375 = EDGE_CURVE('',#2352,#2368,#2376,.T.);
#2376 = LINE('',#2377,#2378);
#2377 = CARTESIAN_POINT('',(-1.,-0.6,0.405));
#2378 = VECTOR('',#2379,1.);
#2379 = DIRECTION('',(0.,1.,0.));
#2380 = PLANE('',#2381);
#2381 = AXIS2_PLACEMENT_3D('',#2382,#2383,#2384);
#2382 = CARTESIAN_POINT('',(-1.,-0.6,0.));
#2383 = DIRECTION('',(1.,0.,0.));
#2384 = DIRECTION('',(0.,0.,1.));
#2385 = ADVANCED_FACE('',(#2386),#2463,.F.);
#2386 = FACE_BOUND('',#2387,.F.);
#2387 = EDGE_LOOP('',(#2388,#2398,#2405,#2406,#2415,#2423,#2432,#2440,
    #2448,#2456));
#2388 = ORIENTED_EDGE('',*,*,#2389,.F.);
#2389 = EDGE_CURVE('',#2390,#2392,#2394,.T.);
#2390 = VERTEX_POINT('',#2391);
#2391 = CARTESIAN_POINT('',(-0.955,-0.6,-2.775557561563E-17));
#2392 = VERTEX_POINT('',#2393);
#2393 = CARTESIAN_POINT('',(-0.745,-0.6,-2.775557561563E-17));
#2394 = LINE('',#2395,#2396);
#2395 = CARTESIAN_POINT('',(-1.,-0.6,0.));
#2396 = VECTOR('',#2397,1.);
#2397 = DIRECTION('',(1.,0.,0.));
#2398 = ORIENTED_EDGE('',*,*,#2399,.F.);
#2399 = EDGE_CURVE('',#2350,#2390,#2400,.T.);
#2400 = CIRCLE('',#2401,4.5E-02);
#2401 = AXIS2_PLACEMENT_3D('',#2402,#2403,#2404);
#2402 = CARTESIAN_POINT('',(-0.955,-0.6,4.5E-02));
#2403 = DIRECTION('',(0.,-1.,0.));
#2404 = DIRECTION('',(0.,0.,1.));
#2405 = ORIENTED_EDGE('',*,*,#2349,.T.);
#2406 = ORIENTED_EDGE('',*,*,#2407,.T.);
#2407 = EDGE_CURVE('',#2352,#2408,#2410,.T.);
#2408 = VERTEX_POINT('',#2409);
#2409 = CARTESIAN_POINT('',(-0.955,-0.6,0.45));
#2410 = CIRCLE('',#2411,4.5E-02);
#2411 = AXIS2_PLACEMENT_3D('',#2412,#2413,#2414);
#2412 = CARTESIAN_POINT('',(-0.955,-0.6,0.405));
#2413 = DIRECTION('',(0.,1.,0.));
#2414 = DIRECTION('',(0.,-0.,1.));
#2415 = ORIENTED_EDGE('',*,*,#2416,.T.);
#2416 = EDGE_CURVE('',#2408,#2417,#2419,.T.);
#2417 = VERTEX_POINT('',#2418);
#2418 = CARTESIAN_POINT('',(-0.745,-0.6,0.45));
#2419 = LINE('',#2420,#2421);
#2420 = CARTESIAN_POINT('',(-1.,-0.6,0.45));
#2421 = VECTOR('',#2422,1.);
#2422 = DIRECTION('',(1.,0.,0.));
#2423 = ORIENTED_EDGE('',*,*,#2424,.F.);
#2424 = EDGE_CURVE('',#2425,#2417,#2427,.T.);
#2425 = VERTEX_POINT('',#2426);
#2426 = CARTESIAN_POINT('',(-0.7,-0.6,0.405));
#2427 = CIRCLE('',#2428,4.5E-02);
#2428 = AXIS2_PLACEMENT_3D('',#2429,#2430,#2431);
#2429 = CARTESIAN_POINT('',(-0.745,-0.6,0.405));
#2430 = DIRECTION('',(0.,-1.,0.));
#2431 = DIRECTION('',(0.,0.,1.));
#2432 = ORIENTED_EDGE('',*,*,#2433,.F.);
#2433 = EDGE_CURVE('',#2434,#2425,#2436,.T.);
#2434 = VERTEX_POINT('',#2435);
#2435 = CARTESIAN_POINT('',(-0.955,-0.6,0.405));
#2436 = LINE('',#2437,#2438);
#2437 = CARTESIAN_POINT('',(-0.955,-0.6,0.405));
#2438 = VECTOR('',#2439,1.);
#2439 = DIRECTION('',(1.,0.,0.));
#2440 = ORIENTED_EDGE('',*,*,#2441,.F.);
#2441 = EDGE_CURVE('',#2442,#2434,#2444,.T.);
#2442 = VERTEX_POINT('',#2443);
#2443 = CARTESIAN_POINT('',(-0.955,-0.6,4.5E-02));
#2444 = LINE('',#2445,#2446);
#2445 = CARTESIAN_POINT('',(-0.955,-0.6,4.5E-02));
#2446 = VECTOR('',#2447,1.);
#2447 = DIRECTION('',(0.,0.,1.));
#2448 = ORIENTED_EDGE('',*,*,#2449,.T.);
#2449 = EDGE_CURVE('',#2442,#2450,#2452,.T.);
#2450 = VERTEX_POINT('',#2451);
#2451 = CARTESIAN_POINT('',(-0.7,-0.6,4.5E-02));
#2452 = LINE('',#2453,#2454);
#2453 = CARTESIAN_POINT('',(-0.955,-0.6,4.5E-02));
#2454 = VECTOR('',#2455,1.);
#2455 = DIRECTION('',(1.,0.,0.));
#2456 = ORIENTED_EDGE('',*,*,#2457,.T.);
#2457 = EDGE_CURVE('',#2450,#2392,#2458,.T.);
#2458 = CIRCLE('',#2459,4.5E-02);
#2459 = AXIS2_PLACEMENT_3D('',#2460,#2461,#2462);
#2460 = CARTESIAN_POINT('',(-0.745,-0.6,4.5E-02));
#2461 = DIRECTION('',(0.,1.,0.));
#2462 = DIRECTION('',(0.,-0.,1.));
#2463 = PLANE('',#2464);
#2464 = AXIS2_PLACEMENT_3D('',#2465,#2466,#2467);
#2465 = CARTESIAN_POINT('',(-1.,-0.6,0.));
#2466 = DIRECTION('',(0.,1.,0.));
#2467 = DIRECTION('',(0.,-0.,1.));
#2468 = ADVANCED_FACE('',(#2469),#2488,.T.);
#2469 = FACE_BOUND('',#2470,.T.);
#2470 = EDGE_LOOP('',(#2471,#2472,#2481,#2487));
#2471 = ORIENTED_EDGE('',*,*,#2359,.T.);
#2472 = ORIENTED_EDGE('',*,*,#2473,.T.);
#2473 = EDGE_CURVE('',#2360,#2474,#2476,.T.);
#2474 = VERTEX_POINT('',#2475);
#2475 = CARTESIAN_POINT('',(-0.955,0.6,-2.775557561563E-17));
#2476 = CIRCLE('',#2477,4.5E-02);
#2477 = AXIS2_PLACEMENT_3D('',#2478,#2479,#2480);
#2478 = CARTESIAN_POINT('',(-0.955,0.6,4.5E-02));
#2479 = DIRECTION('',(0.,-1.,0.));
#2480 = DIRECTION('',(0.,0.,1.));
#2481 = ORIENTED_EDGE('',*,*,#2482,.F.);
#2482 = EDGE_CURVE('',#2390,#2474,#2483,.T.);
#2483 = LINE('',#2484,#2485);
#2484 = CARTESIAN_POINT('',(-0.955,-0.6,-2.775557561563E-17));
#2485 = VECTOR('',#2486,1.);
#2486 = DIRECTION('',(0.,1.,0.));
#2487 = ORIENTED_EDGE('',*,*,#2399,.F.);
#2488 = CYLINDRICAL_SURFACE('',#2489,4.5E-02);
#2489 = AXIS2_PLACEMENT_3D('',#2490,#2491,#2492);
#2490 = CARTESIAN_POINT('',(-0.955,-0.6,4.5E-02));
#2491 = DIRECTION('',(0.,1.,0.));
#2492 = DIRECTION('',(-1.,0.,0.));
#2493 = ADVANCED_FACE('',(#2494),#2513,.T.);
#2494 = FACE_BOUND('',#2495,.T.);
#2495 = EDGE_LOOP('',(#2496,#2497,#2505,#2512));
#2496 = ORIENTED_EDGE('',*,*,#2407,.T.);
#2497 = ORIENTED_EDGE('',*,*,#2498,.T.);
#2498 = EDGE_CURVE('',#2408,#2499,#2501,.T.);
#2499 = VERTEX_POINT('',#2500);
#2500 = CARTESIAN_POINT('',(-0.955,0.6,0.45));
#2501 = LINE('',#2502,#2503);
#2502 = CARTESIAN_POINT('',(-0.955,-0.6,0.45));
#2503 = VECTOR('',#2504,1.);
#2504 = DIRECTION('',(0.,1.,0.));
#2505 = ORIENTED_EDGE('',*,*,#2506,.F.);
#2506 = EDGE_CURVE('',#2368,#2499,#2507,.T.);
#2507 = CIRCLE('',#2508,4.5E-02);
#2508 = AXIS2_PLACEMENT_3D('',#2509,#2510,#2511);
#2509 = CARTESIAN_POINT('',(-0.955,0.6,0.405));
#2510 = DIRECTION('',(0.,1.,0.));
#2511 = DIRECTION('',(0.,-0.,1.));
#2512 = ORIENTED_EDGE('',*,*,#2375,.F.);
#2513 = CYLINDRICAL_SURFACE('',#2514,4.5E-02);
#2514 = AXIS2_PLACEMENT_3D('',#2515,#2516,#2517);
#2515 = CARTESIAN_POINT('',(-0.955,-0.6,0.405));
#2516 = DIRECTION('',(0.,1.,0.));
#2517 = DIRECTION('',(-1.,0.,0.));
#2518 = ADVANCED_FACE('',(#2519),#2580,.T.);
#2519 = FACE_BOUND('',#2520,.T.);
#2520 = EDGE_LOOP('',(#2521,#2529,#2530,#2531,#2532,#2540,#2549,#2557,
    #2565,#2573));
#2521 = ORIENTED_EDGE('',*,*,#2522,.F.);
#2522 = EDGE_CURVE('',#2474,#2523,#2525,.T.);
#2523 = VERTEX_POINT('',#2524);
#2524 = CARTESIAN_POINT('',(-0.745,0.6,-2.775557561563E-17));
#2525 = LINE('',#2526,#2527);
#2526 = CARTESIAN_POINT('',(-1.,0.6,0.));
#2527 = VECTOR('',#2528,1.);
#2528 = DIRECTION('',(1.,0.,0.));
#2529 = ORIENTED_EDGE('',*,*,#2473,.F.);
#2530 = ORIENTED_EDGE('',*,*,#2367,.T.);
#2531 = ORIENTED_EDGE('',*,*,#2506,.T.);
#2532 = ORIENTED_EDGE('',*,*,#2533,.T.);
#2533 = EDGE_CURVE('',#2499,#2534,#2536,.T.);
#2534 = VERTEX_POINT('',#2535);
#2535 = CARTESIAN_POINT('',(-0.745,0.6,0.45));
#2536 = LINE('',#2537,#2538);
#2537 = CARTESIAN_POINT('',(-1.,0.6,0.45));
#2538 = VECTOR('',#2539,1.);
#2539 = DIRECTION('',(1.,0.,0.));
#2540 = ORIENTED_EDGE('',*,*,#2541,.F.);
#2541 = EDGE_CURVE('',#2542,#2534,#2544,.T.);
#2542 = VERTEX_POINT('',#2543);
#2543 = CARTESIAN_POINT('',(-0.7,0.6,0.405));
#2544 = CIRCLE('',#2545,4.5E-02);
#2545 = AXIS2_PLACEMENT_3D('',#2546,#2547,#2548);
#2546 = CARTESIAN_POINT('',(-0.745,0.6,0.405));
#2547 = DIRECTION('',(0.,-1.,0.));
#2548 = DIRECTION('',(0.,0.,1.));
#2549 = ORIENTED_EDGE('',*,*,#2550,.F.);
#2550 = EDGE_CURVE('',#2551,#2542,#2553,.T.);
#2551 = VERTEX_POINT('',#2552);
#2552 = CARTESIAN_POINT('',(-0.955,0.6,0.405));
#2553 = LINE('',#2554,#2555);
#2554 = CARTESIAN_POINT('',(-0.955,0.6,0.405));
#2555 = VECTOR('',#2556,1.);
#2556 = DIRECTION('',(1.,0.,0.));
#2557 = ORIENTED_EDGE('',*,*,#2558,.F.);
#2558 = EDGE_CURVE('',#2559,#2551,#2561,.T.);
#2559 = VERTEX_POINT('',#2560);
#2560 = CARTESIAN_POINT('',(-0.955,0.6,4.5E-02));
#2561 = LINE('',#2562,#2563);
#2562 = CARTESIAN_POINT('',(-0.955,0.6,4.5E-02));
#2563 = VECTOR('',#2564,1.);
#2564 = DIRECTION('',(0.,0.,1.));
#2565 = ORIENTED_EDGE('',*,*,#2566,.T.);
#2566 = EDGE_CURVE('',#2559,#2567,#2569,.T.);
#2567 = VERTEX_POINT('',#2568);
#2568 = CARTESIAN_POINT('',(-0.7,0.6,4.5E-02));
#2569 = LINE('',#2570,#2571);
#2570 = CARTESIAN_POINT('',(-0.955,0.6,4.5E-02));
#2571 = VECTOR('',#2572,1.);
#2572 = DIRECTION('',(1.,0.,0.));
#2573 = ORIENTED_EDGE('',*,*,#2574,.T.);
#2574 = EDGE_CURVE('',#2567,#2523,#2575,.T.);
#2575 = CIRCLE('',#2576,4.5E-02);
#2576 = AXIS2_PLACEMENT_3D('',#2577,#2578,#2579);
#2577 = CARTESIAN_POINT('',(-0.745,0.6,4.5E-02));
#2578 = DIRECTION('',(0.,1.,0.));
#2579 = DIRECTION('',(0.,-0.,1.));
#2580 = PLANE('',#2581);
#2581 = AXIS2_PLACEMENT_3D('',#2582,#2583,#2584);
#2582 = CARTESIAN_POINT('',(-1.,0.6,0.));
#2583 = DIRECTION('',(0.,1.,0.));
#2584 = DIRECTION('',(0.,-0.,1.));
#2585 = ADVANCED_FACE('',(#2586),#2597,.F.);
#2586 = FACE_BOUND('',#2587,.F.);
#2587 = EDGE_LOOP('',(#2588,#2589,#2590,#2591));
#2588 = ORIENTED_EDGE('',*,*,#2522,.F.);
#2589 = ORIENTED_EDGE('',*,*,#2482,.F.);
#2590 = ORIENTED_EDGE('',*,*,#2389,.T.);
#2591 = ORIENTED_EDGE('',*,*,#2592,.T.);
#2592 = EDGE_CURVE('',#2392,#2523,#2593,.T.);
#2593 = LINE('',#2594,#2595);
#2594 = CARTESIAN_POINT('',(-0.745,-0.6,-2.775557561563E-17));
#2595 = VECTOR('',#2596,1.);
#2596 = DIRECTION('',(0.,1.,0.));
#2597 = PLANE('',#2598);
#2598 = AXIS2_PLACEMENT_3D('',#2599,#2600,#2601);
#2599 = CARTESIAN_POINT('',(-1.,-0.6,0.));
#2600 = DIRECTION('',(0.,0.,1.));
#2601 = DIRECTION('',(1.,0.,-0.));
#2602 = ADVANCED_FACE('',(#2603),#2614,.T.);
#2603 = FACE_BOUND('',#2604,.T.);
#2604 = EDGE_LOOP('',(#2605,#2606,#2607,#2608));
#2605 = ORIENTED_EDGE('',*,*,#2457,.T.);
#2606 = ORIENTED_EDGE('',*,*,#2592,.T.);
#2607 = ORIENTED_EDGE('',*,*,#2574,.F.);
#2608 = ORIENTED_EDGE('',*,*,#2609,.F.);
#2609 = EDGE_CURVE('',#2450,#2567,#2610,.T.);
#2610 = LINE('',#2611,#2612);
#2611 = CARTESIAN_POINT('',(-0.7,-0.6,4.5E-02));
#2612 = VECTOR('',#2613,1.);
#2613 = DIRECTION('',(0.,1.,0.));
#2614 = CYLINDRICAL_SURFACE('',#2615,4.5E-02);
#2615 = AXIS2_PLACEMENT_3D('',#2616,#2617,#2618);
#2616 = CARTESIAN_POINT('',(-0.745,-0.6,4.5E-02));
#2617 = DIRECTION('',(0.,1.,0.));
#2618 = DIRECTION('',(1.,0.,0.));
#2619 = ADVANCED_FACE('',(#2620),#2663,.F.);
#2620 = FACE_BOUND('',#2621,.F.);
#2621 = EDGE_LOOP('',(#2622,#2623,#2624,#2625,#2633,#2641,#2649,#2657));
#2622 = ORIENTED_EDGE('',*,*,#2449,.F.);
#2623 = ORIENTED_EDGE('',*,*,#2441,.T.);
#2624 = ORIENTED_EDGE('',*,*,#2433,.T.);
#2625 = ORIENTED_EDGE('',*,*,#2626,.T.);
#2626 = EDGE_CURVE('',#2425,#2627,#2629,.T.);
#2627 = VERTEX_POINT('',#2628);
#2628 = CARTESIAN_POINT('',(0.7,-0.6,0.405));
#2629 = LINE('',#2630,#2631);
#2630 = CARTESIAN_POINT('',(-0.7,-0.6,0.405));
#2631 = VECTOR('',#2632,1.);
#2632 = DIRECTION('',(1.,0.,0.));
#2633 = ORIENTED_EDGE('',*,*,#2634,.T.);
#2634 = EDGE_CURVE('',#2627,#2635,#2637,.T.);
#2635 = VERTEX_POINT('',#2636);
#2636 = CARTESIAN_POINT('',(0.955,-0.6,0.405));
#2637 = LINE('',#2638,#2639);
#2638 = CARTESIAN_POINT('',(-0.955,-0.6,0.405));
#2639 = VECTOR('',#2640,1.);
#2640 = DIRECTION('',(1.,0.,0.));
#2641 = ORIENTED_EDGE('',*,*,#2642,.F.);
#2642 = EDGE_CURVE('',#2643,#2635,#2645,.T.);
#2643 = VERTEX_POINT('',#2644);
#2644 = CARTESIAN_POINT('',(0.955,-0.6,4.5E-02));
#2645 = LINE('',#2646,#2647);
#2646 = CARTESIAN_POINT('',(0.955,-0.6,4.5E-02));
#2647 = VECTOR('',#2648,1.);
#2648 = DIRECTION('',(0.,0.,1.));
#2649 = ORIENTED_EDGE('',*,*,#2650,.F.);
#2650 = EDGE_CURVE('',#2651,#2643,#2653,.T.);
#2651 = VERTEX_POINT('',#2652);
#2652 = CARTESIAN_POINT('',(0.7,-0.6,4.5E-02));
#2653 = LINE('',#2654,#2655);
#2654 = CARTESIAN_POINT('',(-0.955,-0.6,4.5E-02));
#2655 = VECTOR('',#2656,1.);
#2656 = DIRECTION('',(1.,0.,0.));
#2657 = ORIENTED_EDGE('',*,*,#2658,.F.);
#2658 = EDGE_CURVE('',#2450,#2651,#2659,.T.);
#2659 = LINE('',#2660,#2661);
#2660 = CARTESIAN_POINT('',(-0.955,-0.6,4.5E-02));
#2661 = VECTOR('',#2662,1.);
#2662 = DIRECTION('',(1.,0.,0.));
#2663 = PLANE('',#2664);
#2664 = AXIS2_PLACEMENT_3D('',#2665,#2666,#2667);
#2665 = CARTESIAN_POINT('',(-0.955,-0.6,4.5E-02));
#2666 = DIRECTION('',(0.,1.,0.));
#2667 = DIRECTION('',(0.,-0.,1.));
#2668 = ADVANCED_FACE('',(#2669),#2680,.T.);
#2669 = FACE_BOUND('',#2670,.T.);
#2670 = EDGE_LOOP('',(#2671,#2672,#2673,#2674));
#2671 = ORIENTED_EDGE('',*,*,#2533,.F.);
#2672 = ORIENTED_EDGE('',*,*,#2498,.F.);
#2673 = ORIENTED_EDGE('',*,*,#2416,.T.);
#2674 = ORIENTED_EDGE('',*,*,#2675,.T.);
#2675 = EDGE_CURVE('',#2417,#2534,#2676,.T.);
#2676 = LINE('',#2677,#2678);
#2677 = CARTESIAN_POINT('',(-0.745,-0.6,0.45));
#2678 = VECTOR('',#2679,1.);
#2679 = DIRECTION('',(0.,1.,0.));
#2680 = PLANE('',#2681);
#2681 = AXIS2_PLACEMENT_3D('',#2682,#2683,#2684);
#2682 = CARTESIAN_POINT('',(-1.,-0.6,0.45));
#2683 = DIRECTION('',(0.,0.,1.));
#2684 = DIRECTION('',(1.,0.,-0.));
#2685 = ADVANCED_FACE('',(#2686),#2697,.T.);
#2686 = FACE_BOUND('',#2687,.T.);
#2687 = EDGE_LOOP('',(#2688,#2694,#2695,#2696));
#2688 = ORIENTED_EDGE('',*,*,#2689,.T.);
#2689 = EDGE_CURVE('',#2425,#2542,#2690,.T.);
#2690 = LINE('',#2691,#2692);
#2691 = CARTESIAN_POINT('',(-0.7,-0.6,0.405));
#2692 = VECTOR('',#2693,1.);
#2693 = DIRECTION('',(0.,1.,0.));
#2694 = ORIENTED_EDGE('',*,*,#2541,.T.);
#2695 = ORIENTED_EDGE('',*,*,#2675,.F.);
#2696 = ORIENTED_EDGE('',*,*,#2424,.F.);
#2697 = CYLINDRICAL_SURFACE('',#2698,4.5E-02);
#2698 = AXIS2_PLACEMENT_3D('',#2699,#2700,#2701);
#2699 = CARTESIAN_POINT('',(-0.745,-0.6,0.405));
#2700 = DIRECTION('',(0.,1.,0.));
#2701 = DIRECTION('',(1.,0.,0.));
#2702 = ADVANCED_FACE('',(#2703),#2746,.T.);
#2703 = FACE_BOUND('',#2704,.T.);
#2704 = EDGE_LOOP('',(#2705,#2706,#2707,#2708,#2716,#2724,#2732,#2740));
#2705 = ORIENTED_EDGE('',*,*,#2566,.F.);
#2706 = ORIENTED_EDGE('',*,*,#2558,.T.);
#2707 = ORIENTED_EDGE('',*,*,#2550,.T.);
#2708 = ORIENTED_EDGE('',*,*,#2709,.T.);
#2709 = EDGE_CURVE('',#2542,#2710,#2712,.T.);
#2710 = VERTEX_POINT('',#2711);
#2711 = CARTESIAN_POINT('',(0.7,0.6,0.405));
#2712 = LINE('',#2713,#2714);
#2713 = CARTESIAN_POINT('',(-0.7,0.6,0.405));
#2714 = VECTOR('',#2715,1.);
#2715 = DIRECTION('',(1.,0.,0.));
#2716 = ORIENTED_EDGE('',*,*,#2717,.T.);
#2717 = EDGE_CURVE('',#2710,#2718,#2720,.T.);
#2718 = VERTEX_POINT('',#2719);
#2719 = CARTESIAN_POINT('',(0.955,0.6,0.405));
#2720 = LINE('',#2721,#2722);
#2721 = CARTESIAN_POINT('',(-0.955,0.6,0.405));
#2722 = VECTOR('',#2723,1.);
#2723 = DIRECTION('',(1.,0.,0.));
#2724 = ORIENTED_EDGE('',*,*,#2725,.F.);
#2725 = EDGE_CURVE('',#2726,#2718,#2728,.T.);
#2726 = VERTEX_POINT('',#2727);
#2727 = CARTESIAN_POINT('',(0.955,0.6,4.5E-02));
#2728 = LINE('',#2729,#2730);
#2729 = CARTESIAN_POINT('',(0.955,0.6,4.5E-02));
#2730 = VECTOR('',#2731,1.);
#2731 = DIRECTION('',(0.,0.,1.));
#2732 = ORIENTED_EDGE('',*,*,#2733,.F.);
#2733 = EDGE_CURVE('',#2734,#2726,#2736,.T.);
#2734 = VERTEX_POINT('',#2735);
#2735 = CARTESIAN_POINT('',(0.7,0.6,4.5E-02));
#2736 = LINE('',#2737,#2738);
#2737 = CARTESIAN_POINT('',(-0.955,0.6,4.5E-02));
#2738 = VECTOR('',#2739,1.);
#2739 = DIRECTION('',(1.,0.,0.));
#2740 = ORIENTED_EDGE('',*,*,#2741,.F.);
#2741 = EDGE_CURVE('',#2567,#2734,#2742,.T.);
#2742 = LINE('',#2743,#2744);
#2743 = CARTESIAN_POINT('',(-0.955,0.6,4.5E-02));
#2744 = VECTOR('',#2745,1.);
#2745 = DIRECTION('',(1.,0.,0.));
#2746 = PLANE('',#2747);
#2747 = AXIS2_PLACEMENT_3D('',#2748,#2749,#2750);
#2748 = CARTESIAN_POINT('',(-0.955,0.6,4.5E-02));
#2749 = DIRECTION('',(0.,1.,0.));
#2750 = DIRECTION('',(0.,-0.,1.));
#2751 = ADVANCED_FACE('',(#2752),#2763,.F.);
#2752 = FACE_BOUND('',#2753,.F.);
#2753 = EDGE_LOOP('',(#2754,#2755,#2756,#2762));
#2754 = ORIENTED_EDGE('',*,*,#2609,.F.);
#2755 = ORIENTED_EDGE('',*,*,#2658,.T.);
#2756 = ORIENTED_EDGE('',*,*,#2757,.T.);
#2757 = EDGE_CURVE('',#2651,#2734,#2758,.T.);
#2758 = LINE('',#2759,#2760);
#2759 = CARTESIAN_POINT('',(0.7,-0.6,4.5E-02));
#2760 = VECTOR('',#2761,1.);
#2761 = DIRECTION('',(0.,1.,0.));
#2762 = ORIENTED_EDGE('',*,*,#2741,.F.);
#2763 = PLANE('',#2764);
#2764 = AXIS2_PLACEMENT_3D('',#2765,#2766,#2767);
#2765 = CARTESIAN_POINT('',(-0.955,-0.6,4.5E-02));
#2766 = DIRECTION('',(0.,0.,1.));
#2767 = DIRECTION('',(1.,0.,-0.));
#2768 = ADVANCED_FACE('',(#2769),#2832,.F.);
#2769 = FACE_BOUND('',#2770,.F.);
#2770 = EDGE_LOOP('',(#2771,#2781,#2788,#2789,#2790,#2791,#2800,#2808,
    #2817,#2825));
#2771 = ORIENTED_EDGE('',*,*,#2772,.F.);
#2772 = EDGE_CURVE('',#2773,#2775,#2777,.T.);
#2773 = VERTEX_POINT('',#2774);
#2774 = CARTESIAN_POINT('',(0.745,-0.6,-2.775557561563E-17));
#2775 = VERTEX_POINT('',#2776);
#2776 = CARTESIAN_POINT('',(0.955,-0.6,-2.775557561563E-17));
#2777 = LINE('',#2778,#2779);
#2778 = CARTESIAN_POINT('',(0.7,-0.6,0.));
#2779 = VECTOR('',#2780,1.);
#2780 = DIRECTION('',(1.,0.,0.));
#2781 = ORIENTED_EDGE('',*,*,#2782,.F.);
#2782 = EDGE_CURVE('',#2651,#2773,#2783,.T.);
#2783 = CIRCLE('',#2784,4.5E-02);
#2784 = AXIS2_PLACEMENT_3D('',#2785,#2786,#2787);
#2785 = CARTESIAN_POINT('',(0.745,-0.6,4.5E-02));
#2786 = DIRECTION('',(0.,-1.,0.));
#2787 = DIRECTION('',(0.,0.,1.));
#2788 = ORIENTED_EDGE('',*,*,#2650,.T.);
#2789 = ORIENTED_EDGE('',*,*,#2642,.T.);
#2790 = ORIENTED_EDGE('',*,*,#2634,.F.);
#2791 = ORIENTED_EDGE('',*,*,#2792,.T.);
#2792 = EDGE_CURVE('',#2627,#2793,#2795,.T.);
#2793 = VERTEX_POINT('',#2794);
#2794 = CARTESIAN_POINT('',(0.745,-0.6,0.45));
#2795 = CIRCLE('',#2796,4.5E-02);
#2796 = AXIS2_PLACEMENT_3D('',#2797,#2798,#2799);
#2797 = CARTESIAN_POINT('',(0.745,-0.6,0.405));
#2798 = DIRECTION('',(0.,1.,0.));
#2799 = DIRECTION('',(0.,-0.,1.));
#2800 = ORIENTED_EDGE('',*,*,#2801,.T.);
#2801 = EDGE_CURVE('',#2793,#2802,#2804,.T.);
#2802 = VERTEX_POINT('',#2803);
#2803 = CARTESIAN_POINT('',(0.955,-0.6,0.45));
#2804 = LINE('',#2805,#2806);
#2805 = CARTESIAN_POINT('',(0.7,-0.6,0.45));
#2806 = VECTOR('',#2807,1.);
#2807 = DIRECTION('',(1.,0.,0.));
#2808 = ORIENTED_EDGE('',*,*,#2809,.F.);
#2809 = EDGE_CURVE('',#2810,#2802,#2812,.T.);
#2810 = VERTEX_POINT('',#2811);
#2811 = CARTESIAN_POINT('',(1.,-0.6,0.405));
#2812 = CIRCLE('',#2813,4.5E-02);
#2813 = AXIS2_PLACEMENT_3D('',#2814,#2815,#2816);
#2814 = CARTESIAN_POINT('',(0.955,-0.6,0.405));
#2815 = DIRECTION('',(0.,-1.,0.));
#2816 = DIRECTION('',(0.,0.,1.));
#2817 = ORIENTED_EDGE('',*,*,#2818,.F.);
#2818 = EDGE_CURVE('',#2819,#2810,#2821,.T.);
#2819 = VERTEX_POINT('',#2820);
#2820 = CARTESIAN_POINT('',(1.,-0.6,4.5E-02));
#2821 = LINE('',#2822,#2823);
#2822 = CARTESIAN_POINT('',(1.,-0.6,0.));
#2823 = VECTOR('',#2824,1.);
#2824 = DIRECTION('',(0.,0.,1.));
#2825 = ORIENTED_EDGE('',*,*,#2826,.T.);
#2826 = EDGE_CURVE('',#2819,#2775,#2827,.T.);
#2827 = CIRCLE('',#2828,4.5E-02);
#2828 = AXIS2_PLACEMENT_3D('',#2829,#2830,#2831);
#2829 = CARTESIAN_POINT('',(0.955,-0.6,4.5E-02));
#2830 = DIRECTION('',(0.,1.,0.));
#2831 = DIRECTION('',(0.,-0.,1.));
#2832 = PLANE('',#2833);
#2833 = AXIS2_PLACEMENT_3D('',#2834,#2835,#2836);
#2834 = CARTESIAN_POINT('',(0.7,-0.6,0.));
#2835 = DIRECTION('',(0.,1.,0.));
#2836 = DIRECTION('',(0.,-0.,1.));
#2837 = ADVANCED_FACE('',(#2838),#2863,.F.);
#2838 = FACE_BOUND('',#2839,.F.);
#2839 = EDGE_LOOP('',(#2840,#2841,#2849,#2857));
#2840 = ORIENTED_EDGE('',*,*,#2626,.F.);
#2841 = ORIENTED_EDGE('',*,*,#2842,.T.);
#2842 = EDGE_CURVE('',#2425,#2843,#2845,.T.);
#2843 = VERTEX_POINT('',#2844);
#2844 = CARTESIAN_POINT('',(-0.7,-0.6,0.45));
#2845 = LINE('',#2846,#2847);
#2846 = CARTESIAN_POINT('',(-0.7,-0.6,0.405));
#2847 = VECTOR('',#2848,1.);
#2848 = DIRECTION('',(0.,0.,1.));
#2849 = ORIENTED_EDGE('',*,*,#2850,.T.);
#2850 = EDGE_CURVE('',#2843,#2851,#2853,.T.);
#2851 = VERTEX_POINT('',#2852);
#2852 = CARTESIAN_POINT('',(0.7,-0.6,0.45));
#2853 = LINE('',#2854,#2855);
#2854 = CARTESIAN_POINT('',(-0.7,-0.6,0.45));
#2855 = VECTOR('',#2856,1.);
#2856 = DIRECTION('',(1.,0.,0.));
#2857 = ORIENTED_EDGE('',*,*,#2858,.F.);
#2858 = EDGE_CURVE('',#2627,#2851,#2859,.T.);
#2859 = LINE('',#2860,#2861);
#2860 = CARTESIAN_POINT('',(0.7,-0.6,0.405));
#2861 = VECTOR('',#2862,1.);
#2862 = DIRECTION('',(0.,0.,1.));
#2863 = PLANE('',#2864);
#2864 = AXIS2_PLACEMENT_3D('',#2865,#2866,#2867);
#2865 = CARTESIAN_POINT('',(-0.7,-0.6,0.405));
#2866 = DIRECTION('',(0.,1.,0.));
#2867 = DIRECTION('',(0.,-0.,1.));
#2868 = ADVANCED_FACE('',(#2869),#2887,.F.);
#2869 = FACE_BOUND('',#2870,.F.);
#2870 = EDGE_LOOP('',(#2871,#2872,#2873,#2881));
#2871 = ORIENTED_EDGE('',*,*,#2842,.F.);
#2872 = ORIENTED_EDGE('',*,*,#2689,.T.);
#2873 = ORIENTED_EDGE('',*,*,#2874,.T.);
#2874 = EDGE_CURVE('',#2542,#2875,#2877,.T.);
#2875 = VERTEX_POINT('',#2876);
#2876 = CARTESIAN_POINT('',(-0.7,0.6,0.45));
#2877 = LINE('',#2878,#2879);
#2878 = CARTESIAN_POINT('',(-0.7,0.6,0.405));
#2879 = VECTOR('',#2880,1.);
#2880 = DIRECTION('',(0.,0.,1.));
#2881 = ORIENTED_EDGE('',*,*,#2882,.F.);
#2882 = EDGE_CURVE('',#2843,#2875,#2883,.T.);
#2883 = LINE('',#2884,#2885);
#2884 = CARTESIAN_POINT('',(-0.7,-0.6,0.45));
#2885 = VECTOR('',#2886,1.);
#2886 = DIRECTION('',(0.,1.,0.));
#2887 = PLANE('',#2888);
#2888 = AXIS2_PLACEMENT_3D('',#2889,#2890,#2891);
#2889 = CARTESIAN_POINT('',(-0.7,-0.6,0.405));
#2890 = DIRECTION('',(1.,0.,0.));
#2891 = DIRECTION('',(0.,0.,1.));
#2892 = ADVANCED_FACE('',(#2893),#2956,.T.);
#2893 = FACE_BOUND('',#2894,.T.);
#2894 = EDGE_LOOP('',(#2895,#2905,#2912,#2913,#2914,#2915,#2924,#2932,
    #2941,#2949));
#2895 = ORIENTED_EDGE('',*,*,#2896,.F.);
#2896 = EDGE_CURVE('',#2897,#2899,#2901,.T.);
#2897 = VERTEX_POINT('',#2898);
#2898 = CARTESIAN_POINT('',(0.745,0.6,-2.775557561563E-17));
#2899 = VERTEX_POINT('',#2900);
#2900 = CARTESIAN_POINT('',(0.955,0.6,-2.775557561563E-17));
#2901 = LINE('',#2902,#2903);
#2902 = CARTESIAN_POINT('',(0.7,0.6,0.));
#2903 = VECTOR('',#2904,1.);
#2904 = DIRECTION('',(1.,0.,0.));
#2905 = ORIENTED_EDGE('',*,*,#2906,.F.);
#2906 = EDGE_CURVE('',#2734,#2897,#2907,.T.);
#2907 = CIRCLE('',#2908,4.5E-02);
#2908 = AXIS2_PLACEMENT_3D('',#2909,#2910,#2911);
#2909 = CARTESIAN_POINT('',(0.745,0.6,4.5E-02));
#2910 = DIRECTION('',(0.,-1.,0.));
#2911 = DIRECTION('',(0.,0.,1.));
#2912 = ORIENTED_EDGE('',*,*,#2733,.T.);
#2913 = ORIENTED_EDGE('',*,*,#2725,.T.);
#2914 = ORIENTED_EDGE('',*,*,#2717,.F.);
#2915 = ORIENTED_EDGE('',*,*,#2916,.T.);
#2916 = EDGE_CURVE('',#2710,#2917,#2919,.T.);
#2917 = VERTEX_POINT('',#2918);
#2918 = CARTESIAN_POINT('',(0.745,0.6,0.45));
#2919 = CIRCLE('',#2920,4.5E-02);
#2920 = AXIS2_PLACEMENT_3D('',#2921,#2922,#2923);
#2921 = CARTESIAN_POINT('',(0.745,0.6,0.405));
#2922 = DIRECTION('',(0.,1.,0.));
#2923 = DIRECTION('',(0.,-0.,1.));
#2924 = ORIENTED_EDGE('',*,*,#2925,.T.);
#2925 = EDGE_CURVE('',#2917,#2926,#2928,.T.);
#2926 = VERTEX_POINT('',#2927);
#2927 = CARTESIAN_POINT('',(0.955,0.6,0.45));
#2928 = LINE('',#2929,#2930);
#2929 = CARTESIAN_POINT('',(0.7,0.6,0.45));
#2930 = VECTOR('',#2931,1.);
#2931 = DIRECTION('',(1.,0.,0.));
#2932 = ORIENTED_EDGE('',*,*,#2933,.F.);
#2933 = EDGE_CURVE('',#2934,#2926,#2936,.T.);
#2934 = VERTEX_POINT('',#2935);
#2935 = CARTESIAN_POINT('',(1.,0.6,0.405));
#2936 = CIRCLE('',#2937,4.5E-02);
#2937 = AXIS2_PLACEMENT_3D('',#2938,#2939,#2940);
#2938 = CARTESIAN_POINT('',(0.955,0.6,0.405));
#2939 = DIRECTION('',(0.,-1.,0.));
#2940 = DIRECTION('',(0.,0.,1.));
#2941 = ORIENTED_EDGE('',*,*,#2942,.F.);
#2942 = EDGE_CURVE('',#2943,#2934,#2945,.T.);
#2943 = VERTEX_POINT('',#2944);
#2944 = CARTESIAN_POINT('',(1.,0.6,4.5E-02));
#2945 = LINE('',#2946,#2947);
#2946 = CARTESIAN_POINT('',(1.,0.6,0.));
#2947 = VECTOR('',#2948,1.);
#2948 = DIRECTION('',(0.,0.,1.));
#2949 = ORIENTED_EDGE('',*,*,#2950,.T.);
#2950 = EDGE_CURVE('',#2943,#2899,#2951,.T.);
#2951 = CIRCLE('',#2952,4.5E-02);
#2952 = AXIS2_PLACEMENT_3D('',#2953,#2954,#2955);
#2953 = CARTESIAN_POINT('',(0.955,0.6,4.5E-02));
#2954 = DIRECTION('',(0.,1.,0.));
#2955 = DIRECTION('',(0.,-0.,1.));
#2956 = PLANE('',#2957);
#2957 = AXIS2_PLACEMENT_3D('',#2958,#2959,#2960);
#2958 = CARTESIAN_POINT('',(0.7,0.6,0.));
#2959 = DIRECTION('',(0.,1.,0.));
#2960 = DIRECTION('',(0.,-0.,1.));
#2961 = ADVANCED_FACE('',(#2962),#2980,.T.);
#2962 = FACE_BOUND('',#2963,.T.);
#2963 = EDGE_LOOP('',(#2964,#2965,#2966,#2974));
#2964 = ORIENTED_EDGE('',*,*,#2709,.F.);
#2965 = ORIENTED_EDGE('',*,*,#2874,.T.);
#2966 = ORIENTED_EDGE('',*,*,#2967,.T.);
#2967 = EDGE_CURVE('',#2875,#2968,#2970,.T.);
#2968 = VERTEX_POINT('',#2969);
#2969 = CARTESIAN_POINT('',(0.7,0.6,0.45));
#2970 = LINE('',#2971,#2972);
#2971 = CARTESIAN_POINT('',(-0.7,0.6,0.45));
#2972 = VECTOR('',#2973,1.);
#2973 = DIRECTION('',(1.,0.,0.));
#2974 = ORIENTED_EDGE('',*,*,#2975,.F.);
#2975 = EDGE_CURVE('',#2710,#2968,#2976,.T.);
#2976 = LINE('',#2977,#2978);
#2977 = CARTESIAN_POINT('',(0.7,0.6,0.405));
#2978 = VECTOR('',#2979,1.);
#2979 = DIRECTION('',(0.,0.,1.));
#2980 = PLANE('',#2981);
#2981 = AXIS2_PLACEMENT_3D('',#2982,#2983,#2984);
#2982 = CARTESIAN_POINT('',(-0.7,0.6,0.405));
#2983 = DIRECTION('',(0.,1.,0.));
#2984 = DIRECTION('',(0.,-0.,1.));
#2985 = ADVANCED_FACE('',(#2986),#2997,.T.);
#2986 = FACE_BOUND('',#2987,.T.);
#2987 = EDGE_LOOP('',(#2988,#2989,#2990,#2996));
#2988 = ORIENTED_EDGE('',*,*,#2757,.T.);
#2989 = ORIENTED_EDGE('',*,*,#2906,.T.);
#2990 = ORIENTED_EDGE('',*,*,#2991,.F.);
#2991 = EDGE_CURVE('',#2773,#2897,#2992,.T.);
#2992 = LINE('',#2993,#2994);
#2993 = CARTESIAN_POINT('',(0.745,-0.6,-2.775557561563E-17));
#2994 = VECTOR('',#2995,1.);
#2995 = DIRECTION('',(0.,1.,0.));
#2996 = ORIENTED_EDGE('',*,*,#2782,.F.);
#2997 = CYLINDRICAL_SURFACE('',#2998,4.5E-02);
#2998 = AXIS2_PLACEMENT_3D('',#2999,#3000,#3001);
#2999 = CARTESIAN_POINT('',(0.745,-0.6,4.5E-02));
#3000 = DIRECTION('',(0.,1.,0.));
#3001 = DIRECTION('',(-1.,0.,0.));
#3002 = ADVANCED_FACE('',(#3003),#3014,.F.);
#3003 = FACE_BOUND('',#3004,.F.);
#3004 = EDGE_LOOP('',(#3005,#3006,#3007,#3008));
#3005 = ORIENTED_EDGE('',*,*,#2896,.F.);
#3006 = ORIENTED_EDGE('',*,*,#2991,.F.);
#3007 = ORIENTED_EDGE('',*,*,#2772,.T.);
#3008 = ORIENTED_EDGE('',*,*,#3009,.T.);
#3009 = EDGE_CURVE('',#2775,#2899,#3010,.T.);
#3010 = LINE('',#3011,#3012);
#3011 = CARTESIAN_POINT('',(0.955,-0.6,-2.775557561563E-17));
#3012 = VECTOR('',#3013,1.);
#3013 = DIRECTION('',(0.,1.,0.));
#3014 = PLANE('',#3015);
#3015 = AXIS2_PLACEMENT_3D('',#3016,#3017,#3018);
#3016 = CARTESIAN_POINT('',(0.7,-0.6,0.));
#3017 = DIRECTION('',(0.,0.,1.));
#3018 = DIRECTION('',(1.,0.,-0.));
#3019 = ADVANCED_FACE('',(#3020),#3031,.T.);
#3020 = FACE_BOUND('',#3021,.T.);
#3021 = EDGE_LOOP('',(#3022,#3023,#3024,#3025));
#3022 = ORIENTED_EDGE('',*,*,#2826,.T.);
#3023 = ORIENTED_EDGE('',*,*,#3009,.T.);
#3024 = ORIENTED_EDGE('',*,*,#2950,.F.);
#3025 = ORIENTED_EDGE('',*,*,#3026,.F.);
#3026 = EDGE_CURVE('',#2819,#2943,#3027,.T.);
#3027 = LINE('',#3028,#3029);
#3028 = CARTESIAN_POINT('',(1.,-0.6,4.5E-02));
#3029 = VECTOR('',#3030,1.);
#3030 = DIRECTION('',(0.,1.,0.));
#3031 = CYLINDRICAL_SURFACE('',#3032,4.5E-02);
#3032 = AXIS2_PLACEMENT_3D('',#3033,#3034,#3035);
#3033 = CARTESIAN_POINT('',(0.955,-0.6,4.5E-02));
#3034 = DIRECTION('',(0.,1.,0.));
#3035 = DIRECTION('',(1.,0.,0.));
#3036 = ADVANCED_FACE('',(#3037),#3048,.T.);
#3037 = FACE_BOUND('',#3038,.T.);
#3038 = EDGE_LOOP('',(#3039,#3040,#3041,#3042));
#3039 = ORIENTED_EDGE('',*,*,#2818,.F.);
#3040 = ORIENTED_EDGE('',*,*,#3026,.T.);
#3041 = ORIENTED_EDGE('',*,*,#2942,.T.);
#3042 = ORIENTED_EDGE('',*,*,#3043,.F.);
#3043 = EDGE_CURVE('',#2810,#2934,#3044,.T.);
#3044 = LINE('',#3045,#3046);
#3045 = CARTESIAN_POINT('',(1.,-0.6,0.405));
#3046 = VECTOR('',#3047,1.);
#3047 = DIRECTION('',(0.,1.,0.));
#3048 = PLANE('',#3049);
#3049 = AXIS2_PLACEMENT_3D('',#3050,#3051,#3052);
#3050 = CARTESIAN_POINT('',(1.,-0.6,0.));
#3051 = DIRECTION('',(1.,0.,0.));
#3052 = DIRECTION('',(0.,0.,1.));
#3053 = ADVANCED_FACE('',(#3054),#3065,.T.);
#3054 = FACE_BOUND('',#3055,.T.);
#3055 = EDGE_LOOP('',(#3056,#3057,#3058,#3064));
#3056 = ORIENTED_EDGE('',*,*,#3043,.T.);
#3057 = ORIENTED_EDGE('',*,*,#2933,.T.);
#3058 = ORIENTED_EDGE('',*,*,#3059,.F.);
#3059 = EDGE_CURVE('',#2802,#2926,#3060,.T.);
#3060 = LINE('',#3061,#3062);
#3061 = CARTESIAN_POINT('',(0.955,-0.6,0.45));
#3062 = VECTOR('',#3063,1.);
#3063 = DIRECTION('',(0.,1.,0.));
#3064 = ORIENTED_EDGE('',*,*,#2809,.F.);
#3065 = CYLINDRICAL_SURFACE('',#3066,4.5E-02);
#3066 = AXIS2_PLACEMENT_3D('',#3067,#3068,#3069);
#3067 = CARTESIAN_POINT('',(0.955,-0.6,0.405));
#3068 = DIRECTION('',(0.,1.,0.));
#3069 = DIRECTION('',(1.,0.,0.));
#3070 = ADVANCED_FACE('',(#3071),#3082,.T.);
#3071 = FACE_BOUND('',#3072,.T.);
#3072 = EDGE_LOOP('',(#3073,#3074,#3080,#3081));
#3073 = ORIENTED_EDGE('',*,*,#2925,.F.);
#3074 = ORIENTED_EDGE('',*,*,#3075,.F.);
#3075 = EDGE_CURVE('',#2793,#2917,#3076,.T.);
#3076 = LINE('',#3077,#3078);
#3077 = CARTESIAN_POINT('',(0.745,-0.6,0.45));
#3078 = VECTOR('',#3079,1.);
#3079 = DIRECTION('',(0.,1.,0.));
#3080 = ORIENTED_EDGE('',*,*,#2801,.T.);
#3081 = ORIENTED_EDGE('',*,*,#3059,.T.);
#3082 = PLANE('',#3083);
#3083 = AXIS2_PLACEMENT_3D('',#3084,#3085,#3086);
#3084 = CARTESIAN_POINT('',(0.7,-0.6,0.45));
#3085 = DIRECTION('',(0.,0.,1.));
#3086 = DIRECTION('',(1.,0.,-0.));
#3087 = ADVANCED_FACE('',(#3088),#3099,.T.);
#3088 = FACE_BOUND('',#3089,.T.);
#3089 = EDGE_LOOP('',(#3090,#3091,#3092,#3093));
#3090 = ORIENTED_EDGE('',*,*,#2792,.T.);
#3091 = ORIENTED_EDGE('',*,*,#3075,.T.);
#3092 = ORIENTED_EDGE('',*,*,#2916,.F.);
#3093 = ORIENTED_EDGE('',*,*,#3094,.F.);
#3094 = EDGE_CURVE('',#2627,#2710,#3095,.T.);
#3095 = LINE('',#3096,#3097);
#3096 = CARTESIAN_POINT('',(0.7,-0.6,0.405));
#3097 = VECTOR('',#3098,1.);
#3098 = DIRECTION('',(0.,1.,0.));
#3099 = CYLINDRICAL_SURFACE('',#3100,4.5E-02);
#3100 = AXIS2_PLACEMENT_3D('',#3101,#3102,#3103);
#3101 = CARTESIAN_POINT('',(0.745,-0.6,0.405));
#3102 = DIRECTION('',(0.,1.,0.));
#3103 = DIRECTION('',(-1.,0.,0.));
#3104 = ADVANCED_FACE('',(#3105),#3116,.T.);
#3105 = FACE_BOUND('',#3106,.T.);
#3106 = EDGE_LOOP('',(#3107,#3108,#3109,#3110));
#3107 = ORIENTED_EDGE('',*,*,#2858,.F.);
#3108 = ORIENTED_EDGE('',*,*,#3094,.T.);
#3109 = ORIENTED_EDGE('',*,*,#2975,.T.);
#3110 = ORIENTED_EDGE('',*,*,#3111,.F.);
#3111 = EDGE_CURVE('',#2851,#2968,#3112,.T.);
#3112 = LINE('',#3113,#3114);
#3113 = CARTESIAN_POINT('',(0.7,-0.6,0.45));
#3114 = VECTOR('',#3115,1.);
#3115 = DIRECTION('',(0.,1.,0.));
#3116 = PLANE('',#3117);
#3117 = AXIS2_PLACEMENT_3D('',#3118,#3119,#3120);
#3118 = CARTESIAN_POINT('',(0.7,-0.6,0.405));
#3119 = DIRECTION('',(1.,0.,0.));
#3120 = DIRECTION('',(0.,0.,1.));
#3121 = ADVANCED_FACE('',(#3122),#3128,.T.);
#3122 = FACE_BOUND('',#3123,.T.);
#3123 = EDGE_LOOP('',(#3124,#3125,#3126,#3127));
#3124 = ORIENTED_EDGE('',*,*,#2882,.F.);
#3125 = ORIENTED_EDGE('',*,*,#2850,.T.);
#3126 = ORIENTED_EDGE('',*,*,#3111,.T.);
#3127 = ORIENTED_EDGE('',*,*,#2967,.F.);
#3128 = PLANE('',#3129);
#3129 = AXIS2_PLACEMENT_3D('',#3130,#3131,#3132);
#3130 = CARTESIAN_POINT('',(-0.7,-0.6,0.45));
#3131 = DIRECTION('',(0.,0.,1.));
#3132 = DIRECTION('',(1.,0.,-0.));
#3133 = ( GEOMETRIC_REPRESENTATION_CONTEXT(3) 
GLOBAL_UNCERTAINTY_ASSIGNED_CONTEXT((#3137)) 
GLOBAL_UNIT_ASSIGNED_CONTEXT((#3134,#3135,#3136)) REPRESENTATION_CONTEXT
('Context #1','3D Context with UNIT and UNCERTAINTY') );
#3134 = ( LENGTH_UNIT() NAMED_UNIT(*) SI_UNIT(.MILLI.,.METRE.) );
#3135 = ( NAMED_UNIT(*) PLANE_ANGLE_UNIT() SI_UNIT($,.RADIAN.) );
#3136 = ( NAMED_UNIT(*) SI_UNIT($,.STERADIAN.) SOLID_ANGLE_UNIT() );
#3137 = UNCERTAINTY_MEASURE_WITH_UNIT(LENGTH_MEASURE(1.E-07),#3134,
  'distance_accuracy_value','confusion accuracy');
#3138 = CONTEXT_DEPENDENT_SHAPE_REPRESENTATION(#3139,#3141);
#3139 = ( REPRESENTATION_RELATIONSHIP('','',#2342,#10) 
REPRESENTATION_RELATIONSHIP_WITH_TRANSFORMATION(#3140) 
SHAPE_REPRESENTATION_RELATIONSHIP() );
#3140 = ITEM_DEFINED_TRANSFORMATION('','',#11,#19);
#3141 = PRODUCT_DEFINITION_SHAPE('Placement','Placement of an item',
  #3142);
#3142 = NEXT_ASSEMBLY_USAGE_OCCURRENCE('2','R2','',#5,#2337,$);
#3143 = PRODUCT_RELATED_PRODUCT_CATEGORY('part',$,(#2339));
#3144 = CONTEXT_DEPENDENT_SHAPE_REPRESENTATION(#3145,#3147);
#3145 = ( REPRESENTATION_RELATIONSHIP('','',#2342,#10) 
REPRESENTATION_RELATIONSHIP_WITH_TRANSFORMATION(#3146) 
SHAPE_REPRESENTATION_RELATIONSHIP() );
#3146 = ITEM_DEFINED_TRANSFORMATION('','',#11,#23);
#3147 = PRODUCT_DEFINITION_SHAPE('Placement','Placement of an item',
  #3148);
#3148 = NEXT_ASSEMBLY_USAGE_OCCURRENCE('3','R4','',#5,#2337,$);
#3149 = CONTEXT_DEPENDENT_SHAPE_REPRESENTATION(#3150,#3152);
#3150 = ( REPRESENTATION_RELATIONSHIP('','',#2342,#10) 
REPRESENTATION_RELATIONSHIP_WITH_TRANSFORMATION(#3151) 
SHAPE_REPRESENTATION_RELATIONSHIP() );
#3151 = ITEM_DEFINED_TRANSFORMATION('','',#11,#27);
#3152 = PRODUCT_DEFINITION_SHAPE('Placement','Placement of an item',
  #3153);
#3153 = NEXT_ASSEMBLY_USAGE_OCCURRENCE('4','R1','',#5,#2337,$);
#3154 = CONTEXT_DEPENDENT_SHAPE_REPRESENTATION(#3155,#3157);
#3155 = ( REPRESENTATION_RELATIONSHIP('','',#2342,#10) 
REPRESENTATION_RELATIONSHIP_WITH_TRANSFORMATION(#3156) 
SHAPE_REPRESENTATION_RELATIONSHIP() );
#3156 = ITEM_DEFINED_TRANSFORMATION('','',#11,#31);
#3157 = PRODUCT_DEFINITION_SHAPE('Placement','Placement of an item',
  #3158);
#3158 = NEXT_ASSEMBLY_USAGE_OCCURRENCE('5','R3','',#5,#2337,$);
#3159 = SHAPE_DEFINITION_REPRESENTATION(#3160,#3166);
#3160 = PRODUCT_DEFINITION_SHAPE('','',#3161);
#3161 = PRODUCT_DEFINITION('design','',#3162,#3165);
#3162 = PRODUCT_DEFINITION_FORMATION('','',#3163);
#3163 = PRODUCT('PinHeader_1x02_P2.54mm_Vertical',
  'PinHeader_1x02_P2.54mm_Vertical','',(#3164));
#3164 = PRODUCT_CONTEXT('',#2,'mechanical');
#3165 = PRODUCT_DEFINITION_CONTEXT('part definition',#2,'design');
#3166 = ADVANCED_BREP_SHAPE_REPRESENTATION('',(#11,#3167),#4599);
#3167 = MANIFOLD_SOLID_BREP('',#3168);
#3168 = CLOSED_SHELL('',(#3169,#3209,#3240,#3271,#3436,#3601,#3618,#3635
    ,#3652,#3669,#3686,#3703,#3720,#3737,#3754,#3771,#3783,#3814,#3838,
    #3862,#3879,#3910,#3934,#3958,#3975,#4006,#4030,#4054,#4071,#4102,
    #4126,#4150,#4167,#4198,#4222,#4246,#4263,#4294,#4318,#4342,#4359,
    #4390,#4414,#4438,#4455,#4486,#4510,#4534,#4551,#4563,#4575,#4587));
#3169 = ADVANCED_FACE('',(#3170),#3204,.F.);
#3170 = FACE_BOUND('',#3171,.F.);
#3171 = EDGE_LOOP('',(#3172,#3182,#3190,#3198));
#3172 = ORIENTED_EDGE('',*,*,#3173,.T.);
#3173 = EDGE_CURVE('',#3174,#3176,#3178,.T.);
#3174 = VERTEX_POINT('',#3175);
#3175 = CARTESIAN_POINT('',(-1.016,1.27,0.));
#3176 = VERTEX_POINT('',#3177);
#3177 = CARTESIAN_POINT('',(-1.016,1.27,2.54));
#3178 = LINE('',#3179,#3180);
#3179 = CARTESIAN_POINT('',(-1.016,1.27,0.));
#3180 = VECTOR('',#3181,1.);
#3181 = DIRECTION('',(0.,0.,1.));
#3182 = ORIENTED_EDGE('',*,*,#3183,.T.);
#3183 = EDGE_CURVE('',#3176,#3184,#3186,.T.);
#3184 = VERTEX_POINT('',#3185);
#3185 = CARTESIAN_POINT('',(-1.27,1.016,2.54));
#3186 = LINE('',#3187,#3188);
#3187 = CARTESIAN_POINT('',(-1.016,1.27,2.54));
#3188 = VECTOR('',#3189,1.);
#3189 = DIRECTION('',(-0.707106781187,-0.707106781187,0.));
#3190 = ORIENTED_EDGE('',*,*,#3191,.F.);
#3191 = EDGE_CURVE('',#3192,#3184,#3194,.T.);
#3192 = VERTEX_POINT('',#3193);
#3193 = CARTESIAN_POINT('',(-1.27,1.016,0.));
#3194 = LINE('',#3195,#3196);
#3195 = CARTESIAN_POINT('',(-1.27,1.016,0.));
#3196 = VECTOR('',#3197,1.);
#3197 = DIRECTION('',(0.,0.,1.));
#3198 = ORIENTED_EDGE('',*,*,#3199,.F.);
#3199 = EDGE_CURVE('',#3174,#3192,#3200,.T.);
#3200 = LINE('',#3201,#3202);
#3201 = CARTESIAN_POINT('',(-1.016,1.27,0.));
#3202 = VECTOR('',#3203,1.);
#3203 = DIRECTION('',(-0.707106781187,-0.707106781187,0.));
#3204 = PLANE('',#3205);
#3205 = AXIS2_PLACEMENT_3D('',#3206,#3207,#3208);
#3206 = CARTESIAN_POINT('',(-1.016,1.27,0.));
#3207 = DIRECTION('',(0.707106781187,-0.707106781187,0.));
#3208 = DIRECTION('',(-0.707106781187,-0.707106781187,0.));
#3209 = ADVANCED_FACE('',(#3210),#3235,.F.);
#3210 = FACE_BOUND('',#3211,.F.);
#3211 = EDGE_LOOP('',(#3212,#3222,#3228,#3229));
#3212 = ORIENTED_EDGE('',*,*,#3213,.T.);
#3213 = EDGE_CURVE('',#3214,#3216,#3218,.T.);
#3214 = VERTEX_POINT('',#3215);
#3215 = CARTESIAN_POINT('',(1.016,1.27,0.));
#3216 = VERTEX_POINT('',#3217);
#3217 = CARTESIAN_POINT('',(1.016,1.27,2.54));
#3218 = LINE('',#3219,#3220);
#3219 = CARTESIAN_POINT('',(1.016,1.27,0.));
#3220 = VECTOR('',#3221,1.);
#3221 = DIRECTION('',(0.,0.,1.));
#3222 = ORIENTED_EDGE('',*,*,#3223,.T.);
#3223 = EDGE_CURVE('',#3216,#3176,#3224,.T.);
#3224 = LINE('',#3225,#3226);
#3225 = CARTESIAN_POINT('',(1.016,1.27,2.54));
#3226 = VECTOR('',#3227,1.);
#3227 = DIRECTION('',(-1.,0.,0.));
#3228 = ORIENTED_EDGE('',*,*,#3173,.F.);
#3229 = ORIENTED_EDGE('',*,*,#3230,.F.);
#3230 = EDGE_CURVE('',#3214,#3174,#3231,.T.);
#3231 = LINE('',#3232,#3233);
#3232 = CARTESIAN_POINT('',(1.016,1.27,0.));
#3233 = VECTOR('',#3234,1.);
#3234 = DIRECTION('',(-1.,0.,0.));
#3235 = PLANE('',#3236);
#3236 = AXIS2_PLACEMENT_3D('',#3237,#3238,#3239);
#3237 = CARTESIAN_POINT('',(1.016,1.27,0.));
#3238 = DIRECTION('',(0.,-1.,0.));
#3239 = DIRECTION('',(-1.,0.,0.));
#3240 = ADVANCED_FACE('',(#3241),#3266,.F.);
#3241 = FACE_BOUND('',#3242,.F.);
#3242 = EDGE_LOOP('',(#3243,#3244,#3252,#3260));
#3243 = ORIENTED_EDGE('',*,*,#3191,.T.);
#3244 = ORIENTED_EDGE('',*,*,#3245,.T.);
#3245 = EDGE_CURVE('',#3184,#3246,#3248,.T.);
#3246 = VERTEX_POINT('',#3247);
#3247 = CARTESIAN_POINT('',(-1.27,-1.016,2.54));
#3248 = LINE('',#3249,#3250);
#3249 = CARTESIAN_POINT('',(-1.27,1.016,2.54));
#3250 = VECTOR('',#3251,1.);
#3251 = DIRECTION('',(0.,-1.,0.));
#3252 = ORIENTED_EDGE('',*,*,#3253,.F.);
#3253 = EDGE_CURVE('',#3254,#3246,#3256,.T.);
#3254 = VERTEX_POINT('',#3255);
#3255 = CARTESIAN_POINT('',(-1.27,-1.016,0.));
#3256 = LINE('',#3257,#3258);
#3257 = CARTESIAN_POINT('',(-1.27,-1.016,0.));
#3258 = VECTOR('',#3259,1.);
#3259 = DIRECTION('',(0.,0.,1.));
#3260 = ORIENTED_EDGE('',*,*,#3261,.F.);
#3261 = EDGE_CURVE('',#3192,#3254,#3262,.T.);
#3262 = LINE('',#3263,#3264);
#3263 = CARTESIAN_POINT('',(-1.27,1.016,0.));
#3264 = VECTOR('',#3265,1.);
#3265 = DIRECTION('',(0.,-1.,0.));
#3266 = PLANE('',#3267);
#3267 = AXIS2_PLACEMENT_3D('',#3268,#3269,#3270);
#3268 = CARTESIAN_POINT('',(-1.27,1.016,0.));
#3269 = DIRECTION('',(1.,0.,0.));
#3270 = DIRECTION('',(0.,-1.,0.));
#3271 = ADVANCED_FACE('',(#3272,#3363,#3397),#3431,.F.);
#3272 = FACE_BOUND('',#3273,.F.);
#3273 = EDGE_LOOP('',(#3274,#3275,#3276,#3284,#3292,#3300,#3308,#3316,
    #3324,#3332,#3340,#3348,#3356,#3362));
#3274 = ORIENTED_EDGE('',*,*,#3199,.T.);
#3275 = ORIENTED_EDGE('',*,*,#3261,.T.);
#3276 = ORIENTED_EDGE('',*,*,#3277,.T.);
#3277 = EDGE_CURVE('',#3254,#3278,#3280,.T.);
#3278 = VERTEX_POINT('',#3279);
#3279 = CARTESIAN_POINT('',(-1.016,-1.27,0.));
#3280 = LINE('',#3281,#3282);
#3281 = CARTESIAN_POINT('',(-1.27,-1.016,0.));
#3282 = VECTOR('',#3283,1.);
#3283 = DIRECTION('',(0.707106781187,-0.707106781187,0.));
#3284 = ORIENTED_EDGE('',*,*,#3285,.T.);
#3285 = EDGE_CURVE('',#3278,#3286,#3288,.T.);
#3286 = VERTEX_POINT('',#3287);
#3287 = CARTESIAN_POINT('',(-1.27,-1.524,0.));
#3288 = LINE('',#3289,#3290);
#3289 = CARTESIAN_POINT('',(-1.016,-1.27,0.));
#3290 = VECTOR('',#3291,1.);
#3291 = DIRECTION('',(-0.707106781187,-0.707106781187,0.));
#3292 = ORIENTED_EDGE('',*,*,#3293,.T.);
#3293 = EDGE_CURVE('',#3286,#3294,#3296,.T.);
#3294 = VERTEX_POINT('',#3295);
#3295 = CARTESIAN_POINT('',(-1.27,-3.556,0.));
#3296 = LINE('',#3297,#3298);
#3297 = CARTESIAN_POINT('',(-1.27,-1.524,0.));
#3298 = VECTOR('',#3299,1.);
#3299 = DIRECTION('',(0.,-1.,0.));
#3300 = ORIENTED_EDGE('',*,*,#3301,.T.);
#3301 = EDGE_CURVE('',#3294,#3302,#3304,.T.);
#3302 = VERTEX_POINT('',#3303);
#3303 = CARTESIAN_POINT('',(-1.016,-3.81,0.));
#3304 = LINE('',#3305,#3306);
#3305 = CARTESIAN_POINT('',(-1.27,-3.556,0.));
#3306 = VECTOR('',#3307,1.);
#3307 = DIRECTION('',(0.707106781187,-0.707106781187,0.));
#3308 = ORIENTED_EDGE('',*,*,#3309,.T.);
#3309 = EDGE_CURVE('',#3302,#3310,#3312,.T.);
#3310 = VERTEX_POINT('',#3311);
#3311 = CARTESIAN_POINT('',(1.016,-3.81,0.));
#3312 = LINE('',#3313,#3314);
#3313 = CARTESIAN_POINT('',(-1.016,-3.81,0.));
#3314 = VECTOR('',#3315,1.);
#3315 = DIRECTION('',(1.,0.,0.));
#3316 = ORIENTED_EDGE('',*,*,#3317,.T.);
#3317 = EDGE_CURVE('',#3310,#3318,#3320,.T.);
#3318 = VERTEX_POINT('',#3319);
#3319 = CARTESIAN_POINT('',(1.27,-3.556,0.));
#3320 = LINE('',#3321,#3322);
#3321 = CARTESIAN_POINT('',(1.016,-3.81,0.));
#3322 = VECTOR('',#3323,1.);
#3323 = DIRECTION('',(0.707106781187,0.707106781187,0.));
#3324 = ORIENTED_EDGE('',*,*,#3325,.T.);
#3325 = EDGE_CURVE('',#3318,#3326,#3328,.T.);
#3326 = VERTEX_POINT('',#3327);
#3327 = CARTESIAN_POINT('',(1.27,-1.524,0.));
#3328 = LINE('',#3329,#3330);
#3329 = CARTESIAN_POINT('',(1.27,-3.556,0.));
#3330 = VECTOR('',#3331,1.);
#3331 = DIRECTION('',(0.,1.,0.));
#3332 = ORIENTED_EDGE('',*,*,#3333,.T.);
#3333 = EDGE_CURVE('',#3326,#3334,#3336,.T.);
#3334 = VERTEX_POINT('',#3335);
#3335 = CARTESIAN_POINT('',(1.016,-1.27,0.));
#3336 = LINE('',#3337,#3338);
#3337 = CARTESIAN_POINT('',(1.27,-1.524,0.));
#3338 = VECTOR('',#3339,1.);
#3339 = DIRECTION('',(-0.707106781187,0.707106781187,0.));
#3340 = ORIENTED_EDGE('',*,*,#3341,.T.);
#3341 = EDGE_CURVE('',#3334,#3342,#3344,.T.);
#3342 = VERTEX_POINT('',#3343);
#3343 = CARTESIAN_POINT('',(1.27,-1.016,0.));
#3344 = LINE('',#3345,#3346);
#3345 = CARTESIAN_POINT('',(1.016,-1.27,0.));
#3346 = VECTOR('',#3347,1.);
#3347 = DIRECTION('',(0.707106781187,0.707106781187,0.));
#3348 = ORIENTED_EDGE('',*,*,#3349,.T.);
#3349 = EDGE_CURVE('',#3342,#3350,#3352,.T.);
#3350 = VERTEX_POINT('',#3351);
#3351 = CARTESIAN_POINT('',(1.27,1.016,0.));
#3352 = LINE('',#3353,#3354);
#3353 = CARTESIAN_POINT('',(1.27,-1.016,0.));
#3354 = VECTOR('',#3355,1.);
#3355 = DIRECTION('',(0.,1.,0.));
#3356 = ORIENTED_EDGE('',*,*,#3357,.T.);
#3357 = EDGE_CURVE('',#3350,#3214,#3358,.T.);
#3358 = LINE('',#3359,#3360);
#3359 = CARTESIAN_POINT('',(1.27,1.016,0.));
#3360 = VECTOR('',#3361,1.);
#3361 = DIRECTION('',(-0.707106781187,0.707106781187,0.));
#3362 = ORIENTED_EDGE('',*,*,#3230,.T.);
#3363 = FACE_BOUND('',#3364,.F.);
#3364 = EDGE_LOOP('',(#3365,#3375,#3383,#3391));
#3365 = ORIENTED_EDGE('',*,*,#3366,.T.);
#3366 = EDGE_CURVE('',#3367,#3369,#3371,.T.);
#3367 = VERTEX_POINT('',#3368);
#3368 = CARTESIAN_POINT('',(0.32,-0.32,0.));
#3369 = VERTEX_POINT('',#3370);
#3370 = CARTESIAN_POINT('',(-0.32,-0.32,0.));
#3371 = LINE('',#3372,#3373);
#3372 = CARTESIAN_POINT('',(-0.16,-0.32,0.));
#3373 = VECTOR('',#3374,1.);
#3374 = DIRECTION('',(-1.,0.,0.));
#3375 = ORIENTED_EDGE('',*,*,#3376,.T.);
#3376 = EDGE_CURVE('',#3369,#3377,#3379,.T.);
#3377 = VERTEX_POINT('',#3378);
#3378 = CARTESIAN_POINT('',(-0.32,0.32,0.));
#3379 = LINE('',#3380,#3381);
#3380 = CARTESIAN_POINT('',(-0.32,-0.795,0.));
#3381 = VECTOR('',#3382,1.);
#3382 = DIRECTION('',(0.,1.,0.));
#3383 = ORIENTED_EDGE('',*,*,#3384,.F.);
#3384 = EDGE_CURVE('',#3385,#3377,#3387,.T.);
#3385 = VERTEX_POINT('',#3386);
#3386 = CARTESIAN_POINT('',(0.32,0.32,0.));
#3387 = LINE('',#3388,#3389);
#3388 = CARTESIAN_POINT('',(-0.16,0.32,0.));
#3389 = VECTOR('',#3390,1.);
#3390 = DIRECTION('',(-1.,0.,0.));
#3391 = ORIENTED_EDGE('',*,*,#3392,.F.);
#3392 = EDGE_CURVE('',#3367,#3385,#3393,.T.);
#3393 = LINE('',#3394,#3395);
#3394 = CARTESIAN_POINT('',(0.32,-0.795,0.));
#3395 = VECTOR('',#3396,1.);
#3396 = DIRECTION('',(0.,1.,0.));
#3397 = FACE_BOUND('',#3398,.F.);
#3398 = EDGE_LOOP('',(#3399,#3409,#3417,#3425));
#3399 = ORIENTED_EDGE('',*,*,#3400,.T.);
#3400 = EDGE_CURVE('',#3401,#3403,#3405,.T.);
#3401 = VERTEX_POINT('',#3402);
#3402 = CARTESIAN_POINT('',(0.32,-2.86,0.));
#3403 = VERTEX_POINT('',#3404);
#3404 = CARTESIAN_POINT('',(-0.32,-2.86,0.));
#3405 = LINE('',#3406,#3407);
#3406 = CARTESIAN_POINT('',(-0.16,-2.86,0.));
#3407 = VECTOR('',#3408,1.);
#3408 = DIRECTION('',(-1.,0.,0.));
#3409 = ORIENTED_EDGE('',*,*,#3410,.T.);
#3410 = EDGE_CURVE('',#3403,#3411,#3413,.T.);
#3411 = VERTEX_POINT('',#3412);
#3412 = CARTESIAN_POINT('',(-0.32,-2.22,0.));
#3413 = LINE('',#3414,#3415);
#3414 = CARTESIAN_POINT('',(-0.32,-2.065,0.));
#3415 = VECTOR('',#3416,1.);
#3416 = DIRECTION('',(0.,1.,0.));
#3417 = ORIENTED_EDGE('',*,*,#3418,.F.);
#3418 = EDGE_CURVE('',#3419,#3411,#3421,.T.);
#3419 = VERTEX_POINT('',#3420);
#3420 = CARTESIAN_POINT('',(0.32,-2.22,0.));
#3421 = LINE('',#3422,#3423);
#3422 = CARTESIAN_POINT('',(-0.16,-2.22,0.));
#3423 = VECTOR('',#3424,1.);
#3424 = DIRECTION('',(-1.,0.,0.));
#3425 = ORIENTED_EDGE('',*,*,#3426,.F.);
#3426 = EDGE_CURVE('',#3401,#3419,#3427,.T.);
#3427 = LINE('',#3428,#3429);
#3428 = CARTESIAN_POINT('',(0.32,-2.065,0.));
#3429 = VECTOR('',#3430,1.);
#3430 = DIRECTION('',(0.,1.,0.));
#3431 = PLANE('',#3432);
#3432 = AXIS2_PLACEMENT_3D('',#3433,#3434,#3435);
#3433 = CARTESIAN_POINT('',(1.473843703412E-17,-1.27,0.));
#3434 = DIRECTION('',(0.,0.,1.));
#3435 = DIRECTION('',(1.,0.,-0.));
#3436 = ADVANCED_FACE('',(#3437,#3528,#3562),#3596,.T.);
#3437 = FACE_BOUND('',#3438,.T.);
#3438 = EDGE_LOOP('',(#3439,#3440,#3441,#3449,#3457,#3465,#3473,#3481,
    #3489,#3497,#3505,#3513,#3521,#3527));
#3439 = ORIENTED_EDGE('',*,*,#3183,.T.);
#3440 = ORIENTED_EDGE('',*,*,#3245,.T.);
#3441 = ORIENTED_EDGE('',*,*,#3442,.T.);
#3442 = EDGE_CURVE('',#3246,#3443,#3445,.T.);
#3443 = VERTEX_POINT('',#3444);
#3444 = CARTESIAN_POINT('',(-1.016,-1.27,2.54));
#3445 = LINE('',#3446,#3447);
#3446 = CARTESIAN_POINT('',(-1.27,-1.016,2.54));
#3447 = VECTOR('',#3448,1.);
#3448 = DIRECTION('',(0.707106781187,-0.707106781187,0.));
#3449 = ORIENTED_EDGE('',*,*,#3450,.T.);
#3450 = EDGE_CURVE('',#3443,#3451,#3453,.T.);
#3451 = VERTEX_POINT('',#3452);
#3452 = CARTESIAN_POINT('',(-1.27,-1.524,2.54));
#3453 = LINE('',#3454,#3455);
#3454 = CARTESIAN_POINT('',(-1.016,-1.27,2.54));
#3455 = VECTOR('',#3456,1.);
#3456 = DIRECTION('',(-0.707106781187,-0.707106781187,0.));
#3457 = ORIENTED_EDGE('',*,*,#3458,.T.);
#3458 = EDGE_CURVE('',#3451,#3459,#3461,.T.);
#3459 = VERTEX_POINT('',#3460);
#3460 = CARTESIAN_POINT('',(-1.27,-3.556,2.54));
#3461 = LINE('',#3462,#3463);
#3462 = CARTESIAN_POINT('',(-1.27,-1.524,2.54));
#3463 = VECTOR('',#3464,1.);
#3464 = DIRECTION('',(0.,-1.,0.));
#3465 = ORIENTED_EDGE('',*,*,#3466,.T.);
#3466 = EDGE_CURVE('',#3459,#3467,#3469,.T.);
#3467 = VERTEX_POINT('',#3468);
#3468 = CARTESIAN_POINT('',(-1.016,-3.81,2.54));
#3469 = LINE('',#3470,#3471);
#3470 = CARTESIAN_POINT('',(-1.27,-3.556,2.54));
#3471 = VECTOR('',#3472,1.);
#3472 = DIRECTION('',(0.707106781187,-0.707106781187,0.));
#3473 = ORIENTED_EDGE('',*,*,#3474,.T.);
#3474 = EDGE_CURVE('',#3467,#3475,#3477,.T.);
#3475 = VERTEX_POINT('',#3476);
#3476 = CARTESIAN_POINT('',(1.016,-3.81,2.54));
#3477 = LINE('',#3478,#3479);
#3478 = CARTESIAN_POINT('',(-1.016,-3.81,2.54));
#3479 = VECTOR('',#3480,1.);
#3480 = DIRECTION('',(1.,0.,0.));
#3481 = ORIENTED_EDGE('',*,*,#3482,.T.);
#3482 = EDGE_CURVE('',#3475,#3483,#3485,.T.);
#3483 = VERTEX_POINT('',#3484);
#3484 = CARTESIAN_POINT('',(1.27,-3.556,2.54));
#3485 = LINE('',#3486,#3487);
#3486 = CARTESIAN_POINT('',(1.016,-3.81,2.54));
#3487 = VECTOR('',#3488,1.);
#3488 = DIRECTION('',(0.707106781187,0.707106781187,0.));
#3489 = ORIENTED_EDGE('',*,*,#3490,.T.);
#3490 = EDGE_CURVE('',#3483,#3491,#3493,.T.);
#3491 = VERTEX_POINT('',#3492);
#3492 = CARTESIAN_POINT('',(1.27,-1.524,2.54));
#3493 = LINE('',#3494,#3495);
#3494 = CARTESIAN_POINT('',(1.27,-3.556,2.54));
#3495 = VECTOR('',#3496,1.);
#3496 = DIRECTION('',(0.,1.,0.));
#3497 = ORIENTED_EDGE('',*,*,#3498,.T.);
#3498 = EDGE_CURVE('',#3491,#3499,#3501,.T.);
#3499 = VERTEX_POINT('',#3500);
#3500 = CARTESIAN_POINT('',(1.016,-1.27,2.54));
#3501 = LINE('',#3502,#3503);
#3502 = CARTESIAN_POINT('',(1.27,-1.524,2.54));
#3503 = VECTOR('',#3504,1.);
#3504 = DIRECTION('',(-0.707106781187,0.707106781187,0.));
#3505 = ORIENTED_EDGE('',*,*,#3506,.T.);
#3506 = EDGE_CURVE('',#3499,#3507,#3509,.T.);
#3507 = VERTEX_POINT('',#3508);
#3508 = CARTESIAN_POINT('',(1.27,-1.016,2.54));
#3509 = LINE('',#3510,#3511);
#3510 = CARTESIAN_POINT('',(1.016,-1.27,2.54));
#3511 = VECTOR('',#3512,1.);
#3512 = DIRECTION('',(0.707106781187,0.707106781187,0.));
#3513 = ORIENTED_EDGE('',*,*,#3514,.T.);
#3514 = EDGE_CURVE('',#3507,#3515,#3517,.T.);
#3515 = VERTEX_POINT('',#3516);
#3516 = CARTESIAN_POINT('',(1.27,1.016,2.54));
#3517 = LINE('',#3518,#3519);
#3518 = CARTESIAN_POINT('',(1.27,-1.016,2.54));
#3519 = VECTOR('',#3520,1.);
#3520 = DIRECTION('',(0.,1.,0.));
#3521 = ORIENTED_EDGE('',*,*,#3522,.T.);
#3522 = EDGE_CURVE('',#3515,#3216,#3523,.T.);
#3523 = LINE('',#3524,#3525);
#3524 = CARTESIAN_POINT('',(1.27,1.016,2.54));
#3525 = VECTOR('',#3526,1.);
#3526 = DIRECTION('',(-0.707106781187,0.707106781187,0.));
#3527 = ORIENTED_EDGE('',*,*,#3223,.T.);
#3528 = FACE_BOUND('',#3529,.T.);
#3529 = EDGE_LOOP('',(#3530,#3540,#3548,#3556));
#3530 = ORIENTED_EDGE('',*,*,#3531,.T.);
#3531 = EDGE_CURVE('',#3532,#3534,#3536,.T.);
#3532 = VERTEX_POINT('',#3533);
#3533 = CARTESIAN_POINT('',(0.32,-0.32,2.54));
#3534 = VERTEX_POINT('',#3535);
#3535 = CARTESIAN_POINT('',(-0.32,-0.32,2.54));
#3536 = LINE('',#3537,#3538);
#3537 = CARTESIAN_POINT('',(-0.16,-0.32,2.54));
#3538 = VECTOR('',#3539,1.);
#3539 = DIRECTION('',(-1.,0.,0.));
#3540 = ORIENTED_EDGE('',*,*,#3541,.T.);
#3541 = EDGE_CURVE('',#3534,#3542,#3544,.T.);
#3542 = VERTEX_POINT('',#3543);
#3543 = CARTESIAN_POINT('',(-0.32,0.32,2.54));
#3544 = LINE('',#3545,#3546);
#3545 = CARTESIAN_POINT('',(-0.32,-0.795,2.54));
#3546 = VECTOR('',#3547,1.);
#3547 = DIRECTION('',(0.,1.,0.));
#3548 = ORIENTED_EDGE('',*,*,#3549,.F.);
#3549 = EDGE_CURVE('',#3550,#3542,#3552,.T.);
#3550 = VERTEX_POINT('',#3551);
#3551 = CARTESIAN_POINT('',(0.32,0.32,2.54));
#3552 = LINE('',#3553,#3554);
#3553 = CARTESIAN_POINT('',(-0.16,0.32,2.54));
#3554 = VECTOR('',#3555,1.);
#3555 = DIRECTION('',(-1.,0.,0.));
#3556 = ORIENTED_EDGE('',*,*,#3557,.F.);
#3557 = EDGE_CURVE('',#3532,#3550,#3558,.T.);
#3558 = LINE('',#3559,#3560);
#3559 = CARTESIAN_POINT('',(0.32,-0.795,2.54));
#3560 = VECTOR('',#3561,1.);
#3561 = DIRECTION('',(0.,1.,0.));
#3562 = FACE_BOUND('',#3563,.T.);
#3563 = EDGE_LOOP('',(#3564,#3574,#3582,#3590));
#3564 = ORIENTED_EDGE('',*,*,#3565,.T.);
#3565 = EDGE_CURVE('',#3566,#3568,#3570,.T.);
#3566 = VERTEX_POINT('',#3567);
#3567 = CARTESIAN_POINT('',(0.32,-2.86,2.54));
#3568 = VERTEX_POINT('',#3569);
#3569 = CARTESIAN_POINT('',(-0.32,-2.86,2.54));
#3570 = LINE('',#3571,#3572);
#3571 = CARTESIAN_POINT('',(-0.16,-2.86,2.54));
#3572 = VECTOR('',#3573,1.);
#3573 = DIRECTION('',(-1.,0.,0.));
#3574 = ORIENTED_EDGE('',*,*,#3575,.T.);
#3575 = EDGE_CURVE('',#3568,#3576,#3578,.T.);
#3576 = VERTEX_POINT('',#3577);
#3577 = CARTESIAN_POINT('',(-0.32,-2.22,2.54));
#3578 = LINE('',#3579,#3580);
#3579 = CARTESIAN_POINT('',(-0.32,-2.065,2.54));
#3580 = VECTOR('',#3581,1.);
#3581 = DIRECTION('',(0.,1.,0.));
#3582 = ORIENTED_EDGE('',*,*,#3583,.F.);
#3583 = EDGE_CURVE('',#3584,#3576,#3586,.T.);
#3584 = VERTEX_POINT('',#3585);
#3585 = CARTESIAN_POINT('',(0.32,-2.22,2.54));
#3586 = LINE('',#3587,#3588);
#3587 = CARTESIAN_POINT('',(-0.16,-2.22,2.54));
#3588 = VECTOR('',#3589,1.);
#3589 = DIRECTION('',(-1.,0.,0.));
#3590 = ORIENTED_EDGE('',*,*,#3591,.F.);
#3591 = EDGE_CURVE('',#3566,#3584,#3592,.T.);
#3592 = LINE('',#3593,#3594);
#3593 = CARTESIAN_POINT('',(0.32,-2.065,2.54));
#3594 = VECTOR('',#3595,1.);
#3595 = DIRECTION('',(0.,1.,0.));
#3596 = PLANE('',#3597);
#3597 = AXIS2_PLACEMENT_3D('',#3598,#3599,#3600);
#3598 = CARTESIAN_POINT('',(1.473843703412E-17,-1.27,2.54));
#3599 = DIRECTION('',(0.,0.,1.));
#3600 = DIRECTION('',(1.,0.,-0.));
#3601 = ADVANCED_FACE('',(#3602),#3613,.F.);
#3602 = FACE_BOUND('',#3603,.F.);
#3603 = EDGE_LOOP('',(#3604,#3610,#3611,#3612));
#3604 = ORIENTED_EDGE('',*,*,#3605,.T.);
#3605 = EDGE_CURVE('',#3350,#3515,#3606,.T.);
#3606 = LINE('',#3607,#3608);
#3607 = CARTESIAN_POINT('',(1.27,1.016,0.));
#3608 = VECTOR('',#3609,1.);
#3609 = DIRECTION('',(0.,0.,1.));
#3610 = ORIENTED_EDGE('',*,*,#3522,.T.);
#3611 = ORIENTED_EDGE('',*,*,#3213,.F.);
#3612 = ORIENTED_EDGE('',*,*,#3357,.F.);
#3613 = PLANE('',#3614);
#3614 = AXIS2_PLACEMENT_3D('',#3615,#3616,#3617);
#3615 = CARTESIAN_POINT('',(1.27,1.016,0.));
#3616 = DIRECTION('',(-0.707106781187,-0.707106781187,0.));
#3617 = DIRECTION('',(-0.707106781187,0.707106781187,0.));
#3618 = ADVANCED_FACE('',(#3619),#3630,.F.);
#3619 = FACE_BOUND('',#3620,.F.);
#3620 = EDGE_LOOP('',(#3621,#3622,#3623,#3629));
#3621 = ORIENTED_EDGE('',*,*,#3253,.T.);
#3622 = ORIENTED_EDGE('',*,*,#3442,.T.);
#3623 = ORIENTED_EDGE('',*,*,#3624,.F.);
#3624 = EDGE_CURVE('',#3278,#3443,#3625,.T.);
#3625 = LINE('',#3626,#3627);
#3626 = CARTESIAN_POINT('',(-1.016,-1.27,0.));
#3627 = VECTOR('',#3628,1.);
#3628 = DIRECTION('',(0.,0.,1.));
#3629 = ORIENTED_EDGE('',*,*,#3277,.F.);
#3630 = PLANE('',#3631);
#3631 = AXIS2_PLACEMENT_3D('',#3632,#3633,#3634);
#3632 = CARTESIAN_POINT('',(-1.27,-1.016,0.));
#3633 = DIRECTION('',(0.707106781187,0.707106781187,0.));
#3634 = DIRECTION('',(0.707106781187,-0.707106781187,0.));
#3635 = ADVANCED_FACE('',(#3636),#3647,.F.);
#3636 = FACE_BOUND('',#3637,.F.);
#3637 = EDGE_LOOP('',(#3638,#3644,#3645,#3646));
#3638 = ORIENTED_EDGE('',*,*,#3639,.T.);
#3639 = EDGE_CURVE('',#3342,#3507,#3640,.T.);
#3640 = LINE('',#3641,#3642);
#3641 = CARTESIAN_POINT('',(1.27,-1.016,0.));
#3642 = VECTOR('',#3643,1.);
#3643 = DIRECTION('',(0.,0.,1.));
#3644 = ORIENTED_EDGE('',*,*,#3514,.T.);
#3645 = ORIENTED_EDGE('',*,*,#3605,.F.);
#3646 = ORIENTED_EDGE('',*,*,#3349,.F.);
#3647 = PLANE('',#3648);
#3648 = AXIS2_PLACEMENT_3D('',#3649,#3650,#3651);
#3649 = CARTESIAN_POINT('',(1.27,-1.016,0.));
#3650 = DIRECTION('',(-1.,0.,0.));
#3651 = DIRECTION('',(0.,1.,0.));
#3652 = ADVANCED_FACE('',(#3653),#3664,.F.);
#3653 = FACE_BOUND('',#3654,.F.);
#3654 = EDGE_LOOP('',(#3655,#3656,#3657,#3663));
#3655 = ORIENTED_EDGE('',*,*,#3624,.T.);
#3656 = ORIENTED_EDGE('',*,*,#3450,.T.);
#3657 = ORIENTED_EDGE('',*,*,#3658,.F.);
#3658 = EDGE_CURVE('',#3286,#3451,#3659,.T.);
#3659 = LINE('',#3660,#3661);
#3660 = CARTESIAN_POINT('',(-1.27,-1.524,0.));
#3661 = VECTOR('',#3662,1.);
#3662 = DIRECTION('',(0.,0.,1.));
#3663 = ORIENTED_EDGE('',*,*,#3285,.F.);
#3664 = PLANE('',#3665);
#3665 = AXIS2_PLACEMENT_3D('',#3666,#3667,#3668);
#3666 = CARTESIAN_POINT('',(-1.016,-1.27,0.));
#3667 = DIRECTION('',(0.707106781187,-0.707106781187,0.));
#3668 = DIRECTION('',(-0.707106781187,-0.707106781187,0.));
#3669 = ADVANCED_FACE('',(#3670),#3681,.F.);
#3670 = FACE_BOUND('',#3671,.F.);
#3671 = EDGE_LOOP('',(#3672,#3678,#3679,#3680));
#3672 = ORIENTED_EDGE('',*,*,#3673,.T.);
#3673 = EDGE_CURVE('',#3334,#3499,#3674,.T.);
#3674 = LINE('',#3675,#3676);
#3675 = CARTESIAN_POINT('',(1.016,-1.27,0.));
#3676 = VECTOR('',#3677,1.);
#3677 = DIRECTION('',(0.,0.,1.));
#3678 = ORIENTED_EDGE('',*,*,#3506,.T.);
#3679 = ORIENTED_EDGE('',*,*,#3639,.F.);
#3680 = ORIENTED_EDGE('',*,*,#3341,.F.);
#3681 = PLANE('',#3682);
#3682 = AXIS2_PLACEMENT_3D('',#3683,#3684,#3685);
#3683 = CARTESIAN_POINT('',(1.016,-1.27,0.));
#3684 = DIRECTION('',(-0.707106781187,0.707106781187,0.));
#3685 = DIRECTION('',(0.707106781187,0.707106781187,0.));
#3686 = ADVANCED_FACE('',(#3687),#3698,.F.);
#3687 = FACE_BOUND('',#3688,.F.);
#3688 = EDGE_LOOP('',(#3689,#3690,#3691,#3697));
#3689 = ORIENTED_EDGE('',*,*,#3658,.T.);
#3690 = ORIENTED_EDGE('',*,*,#3458,.T.);
#3691 = ORIENTED_EDGE('',*,*,#3692,.F.);
#3692 = EDGE_CURVE('',#3294,#3459,#3693,.T.);
#3693 = LINE('',#3694,#3695);
#3694 = CARTESIAN_POINT('',(-1.27,-3.556,0.));
#3695 = VECTOR('',#3696,1.);
#3696 = DIRECTION('',(0.,0.,1.));
#3697 = ORIENTED_EDGE('',*,*,#3293,.F.);
#3698 = PLANE('',#3699);
#3699 = AXIS2_PLACEMENT_3D('',#3700,#3701,#3702);
#3700 = CARTESIAN_POINT('',(-1.27,-1.524,0.));
#3701 = DIRECTION('',(1.,0.,0.));
#3702 = DIRECTION('',(0.,-1.,0.));
#3703 = ADVANCED_FACE('',(#3704),#3715,.F.);
#3704 = FACE_BOUND('',#3705,.F.);
#3705 = EDGE_LOOP('',(#3706,#3712,#3713,#3714));
#3706 = ORIENTED_EDGE('',*,*,#3707,.T.);
#3707 = EDGE_CURVE('',#3326,#3491,#3708,.T.);
#3708 = LINE('',#3709,#3710);
#3709 = CARTESIAN_POINT('',(1.27,-1.524,0.));
#3710 = VECTOR('',#3711,1.);
#3711 = DIRECTION('',(0.,0.,1.));
#3712 = ORIENTED_EDGE('',*,*,#3498,.T.);
#3713 = ORIENTED_EDGE('',*,*,#3673,.F.);
#3714 = ORIENTED_EDGE('',*,*,#3333,.F.);
#3715 = PLANE('',#3716);
#3716 = AXIS2_PLACEMENT_3D('',#3717,#3718,#3719);
#3717 = CARTESIAN_POINT('',(1.27,-1.524,0.));
#3718 = DIRECTION('',(-0.707106781187,-0.707106781187,0.));
#3719 = DIRECTION('',(-0.707106781187,0.707106781187,0.));
#3720 = ADVANCED_FACE('',(#3721),#3732,.F.);
#3721 = FACE_BOUND('',#3722,.F.);
#3722 = EDGE_LOOP('',(#3723,#3724,#3725,#3731));
#3723 = ORIENTED_EDGE('',*,*,#3692,.T.);
#3724 = ORIENTED_EDGE('',*,*,#3466,.T.);
#3725 = ORIENTED_EDGE('',*,*,#3726,.F.);
#3726 = EDGE_CURVE('',#3302,#3467,#3727,.T.);
#3727 = LINE('',#3728,#3729);
#3728 = CARTESIAN_POINT('',(-1.016,-3.81,0.));
#3729 = VECTOR('',#3730,1.);
#3730 = DIRECTION('',(0.,0.,1.));
#3731 = ORIENTED_EDGE('',*,*,#3301,.F.);
#3732 = PLANE('',#3733);
#3733 = AXIS2_PLACEMENT_3D('',#3734,#3735,#3736);
#3734 = CARTESIAN_POINT('',(-1.27,-3.556,0.));
#3735 = DIRECTION('',(0.707106781187,0.707106781187,0.));
#3736 = DIRECTION('',(0.707106781187,-0.707106781187,0.));
#3737 = ADVANCED_FACE('',(#3738),#3749,.F.);
#3738 = FACE_BOUND('',#3739,.F.);
#3739 = EDGE_LOOP('',(#3740,#3746,#3747,#3748));
#3740 = ORIENTED_EDGE('',*,*,#3741,.T.);
#3741 = EDGE_CURVE('',#3318,#3483,#3742,.T.);
#3742 = LINE('',#3743,#3744);
#3743 = CARTESIAN_POINT('',(1.27,-3.556,0.));
#3744 = VECTOR('',#3745,1.);
#3745 = DIRECTION('',(0.,0.,1.));
#3746 = ORIENTED_EDGE('',*,*,#3490,.T.);
#3747 = ORIENTED_EDGE('',*,*,#3707,.F.);
#3748 = ORIENTED_EDGE('',*,*,#3325,.F.);
#3749 = PLANE('',#3750);
#3750 = AXIS2_PLACEMENT_3D('',#3751,#3752,#3753);
#3751 = CARTESIAN_POINT('',(1.27,-3.556,0.));
#3752 = DIRECTION('',(-1.,0.,0.));
#3753 = DIRECTION('',(0.,1.,0.));
#3754 = ADVANCED_FACE('',(#3755),#3766,.F.);
#3755 = FACE_BOUND('',#3756,.F.);
#3756 = EDGE_LOOP('',(#3757,#3758,#3759,#3765));
#3757 = ORIENTED_EDGE('',*,*,#3726,.T.);
#3758 = ORIENTED_EDGE('',*,*,#3474,.T.);
#3759 = ORIENTED_EDGE('',*,*,#3760,.F.);
#3760 = EDGE_CURVE('',#3310,#3475,#3761,.T.);
#3761 = LINE('',#3762,#3763);
#3762 = CARTESIAN_POINT('',(1.016,-3.81,0.));
#3763 = VECTOR('',#3764,1.);
#3764 = DIRECTION('',(0.,0.,1.));
#3765 = ORIENTED_EDGE('',*,*,#3309,.F.);
#3766 = PLANE('',#3767);
#3767 = AXIS2_PLACEMENT_3D('',#3768,#3769,#3770);
#3768 = CARTESIAN_POINT('',(-1.016,-3.81,0.));
#3769 = DIRECTION('',(0.,1.,0.));
#3770 = DIRECTION('',(1.,0.,0.));
#3771 = ADVANCED_FACE('',(#3772),#3778,.F.);
#3772 = FACE_BOUND('',#3773,.F.);
#3773 = EDGE_LOOP('',(#3774,#3775,#3776,#3777));
#3774 = ORIENTED_EDGE('',*,*,#3760,.T.);
#3775 = ORIENTED_EDGE('',*,*,#3482,.T.);
#3776 = ORIENTED_EDGE('',*,*,#3741,.F.);
#3777 = ORIENTED_EDGE('',*,*,#3317,.F.);
#3778 = PLANE('',#3779);
#3779 = AXIS2_PLACEMENT_3D('',#3780,#3781,#3782);
#3780 = CARTESIAN_POINT('',(1.016,-3.81,0.));
#3781 = DIRECTION('',(-0.707106781187,0.707106781187,0.));
#3782 = DIRECTION('',(0.707106781187,0.707106781187,0.));
#3783 = ADVANCED_FACE('',(#3784),#3809,.F.);
#3784 = FACE_BOUND('',#3785,.F.);
#3785 = EDGE_LOOP('',(#3786,#3794,#3802,#3808));
#3786 = ORIENTED_EDGE('',*,*,#3787,.F.);
#3787 = EDGE_CURVE('',#3788,#3367,#3790,.T.);
#3788 = VERTEX_POINT('',#3789);
#3789 = CARTESIAN_POINT('',(0.32,-0.32,-2.84));
#3790 = LINE('',#3791,#3792);
#3791 = CARTESIAN_POINT('',(0.32,-0.32,-3.));
#3792 = VECTOR('',#3793,1.);
#3793 = DIRECTION('',(0.,0.,1.));
#3794 = ORIENTED_EDGE('',*,*,#3795,.F.);
#3795 = EDGE_CURVE('',#3796,#3788,#3798,.T.);
#3796 = VERTEX_POINT('',#3797);
#3797 = CARTESIAN_POINT('',(-0.32,-0.32,-2.84));
#3798 = LINE('',#3799,#3800);
#3799 = CARTESIAN_POINT('',(-0.32,-0.32,-2.84));
#3800 = VECTOR('',#3801,1.);
#3801 = DIRECTION('',(1.,0.,0.));
#3802 = ORIENTED_EDGE('',*,*,#3803,.T.);
#3803 = EDGE_CURVE('',#3796,#3369,#3804,.T.);
#3804 = LINE('',#3805,#3806);
#3805 = CARTESIAN_POINT('',(-0.32,-0.32,-3.));
#3806 = VECTOR('',#3807,1.);
#3807 = DIRECTION('',(0.,0.,1.));
#3808 = ORIENTED_EDGE('',*,*,#3366,.F.);
#3809 = PLANE('',#3810);
#3810 = AXIS2_PLACEMENT_3D('',#3811,#3812,#3813);
#3811 = CARTESIAN_POINT('',(-0.32,-0.32,-3.));
#3812 = DIRECTION('',(0.,1.,0.));
#3813 = DIRECTION('',(0.,-0.,1.));
#3814 = ADVANCED_FACE('',(#3815),#3833,.T.);
#3815 = FACE_BOUND('',#3816,.T.);
#3816 = EDGE_LOOP('',(#3817,#3818,#3826,#3832));
#3817 = ORIENTED_EDGE('',*,*,#3787,.F.);
#3818 = ORIENTED_EDGE('',*,*,#3819,.T.);
#3819 = EDGE_CURVE('',#3788,#3820,#3822,.T.);
#3820 = VERTEX_POINT('',#3821);
#3821 = CARTESIAN_POINT('',(0.32,0.32,-2.84));
#3822 = LINE('',#3823,#3824);
#3823 = CARTESIAN_POINT('',(0.32,-0.32,-2.84));
#3824 = VECTOR('',#3825,1.);
#3825 = DIRECTION('',(0.,1.,0.));
#3826 = ORIENTED_EDGE('',*,*,#3827,.T.);
#3827 = EDGE_CURVE('',#3820,#3385,#3828,.T.);
#3828 = LINE('',#3829,#3830);
#3829 = CARTESIAN_POINT('',(0.32,0.32,-3.));
#3830 = VECTOR('',#3831,1.);
#3831 = DIRECTION('',(0.,0.,1.));
#3832 = ORIENTED_EDGE('',*,*,#3392,.F.);
#3833 = PLANE('',#3834);
#3834 = AXIS2_PLACEMENT_3D('',#3835,#3836,#3837);
#3835 = CARTESIAN_POINT('',(0.32,-0.32,-3.));
#3836 = DIRECTION('',(1.,0.,0.));
#3837 = DIRECTION('',(0.,0.,1.));
#3838 = ADVANCED_FACE('',(#3839),#3857,.T.);
#3839 = FACE_BOUND('',#3840,.T.);
#3840 = EDGE_LOOP('',(#3841,#3842,#3850,#3856));
#3841 = ORIENTED_EDGE('',*,*,#3827,.F.);
#3842 = ORIENTED_EDGE('',*,*,#3843,.F.);
#3843 = EDGE_CURVE('',#3844,#3820,#3846,.T.);
#3844 = VERTEX_POINT('',#3845);
#3845 = CARTESIAN_POINT('',(-0.32,0.32,-2.84));
#3846 = LINE('',#3847,#3848);
#3847 = CARTESIAN_POINT('',(-0.32,0.32,-2.84));
#3848 = VECTOR('',#3849,1.);
#3849 = DIRECTION('',(1.,0.,0.));
#3850 = ORIENTED_EDGE('',*,*,#3851,.T.);
#3851 = EDGE_CURVE('',#3844,#3377,#3852,.T.);
#3852 = LINE('',#3853,#3854);
#3853 = CARTESIAN_POINT('',(-0.32,0.32,-3.));
#3854 = VECTOR('',#3855,1.);
#3855 = DIRECTION('',(0.,0.,1.));
#3856 = ORIENTED_EDGE('',*,*,#3384,.F.);
#3857 = PLANE('',#3858);
#3858 = AXIS2_PLACEMENT_3D('',#3859,#3860,#3861);
#3859 = CARTESIAN_POINT('',(-0.32,0.32,-3.));
#3860 = DIRECTION('',(0.,1.,0.));
#3861 = DIRECTION('',(0.,-0.,1.));
#3862 = ADVANCED_FACE('',(#3863),#3874,.F.);
#3863 = FACE_BOUND('',#3864,.F.);
#3864 = EDGE_LOOP('',(#3865,#3866,#3872,#3873));
#3865 = ORIENTED_EDGE('',*,*,#3803,.F.);
#3866 = ORIENTED_EDGE('',*,*,#3867,.T.);
#3867 = EDGE_CURVE('',#3796,#3844,#3868,.T.);
#3868 = LINE('',#3869,#3870);
#3869 = CARTESIAN_POINT('',(-0.32,-0.32,-2.84));
#3870 = VECTOR('',#3871,1.);
#3871 = DIRECTION('',(0.,1.,0.));
#3872 = ORIENTED_EDGE('',*,*,#3851,.T.);
#3873 = ORIENTED_EDGE('',*,*,#3376,.F.);
#3874 = PLANE('',#3875);
#3875 = AXIS2_PLACEMENT_3D('',#3876,#3877,#3878);
#3876 = CARTESIAN_POINT('',(-0.32,-0.32,-3.));
#3877 = DIRECTION('',(1.,0.,0.));
#3878 = DIRECTION('',(0.,0.,1.));
#3879 = ADVANCED_FACE('',(#3880),#3905,.F.);
#3880 = FACE_BOUND('',#3881,.F.);
#3881 = EDGE_LOOP('',(#3882,#3890,#3898,#3904));
#3882 = ORIENTED_EDGE('',*,*,#3883,.F.);
#3883 = EDGE_CURVE('',#3884,#3401,#3886,.T.);
#3884 = VERTEX_POINT('',#3885);
#3885 = CARTESIAN_POINT('',(0.32,-2.86,-2.84));
#3886 = LINE('',#3887,#3888);
#3887 = CARTESIAN_POINT('',(0.32,-2.86,-3.));
#3888 = VECTOR('',#3889,1.);
#3889 = DIRECTION('',(0.,0.,1.));
#3890 = ORIENTED_EDGE('',*,*,#3891,.F.);
#3891 = EDGE_CURVE('',#3892,#3884,#3894,.T.);
#3892 = VERTEX_POINT('',#3893);
#3893 = CARTESIAN_POINT('',(-0.32,-2.86,-2.84));
#3894 = LINE('',#3895,#3896);
#3895 = CARTESIAN_POINT('',(-0.32,-2.86,-2.84));
#3896 = VECTOR('',#3897,1.);
#3897 = DIRECTION('',(1.,0.,0.));
#3898 = ORIENTED_EDGE('',*,*,#3899,.T.);
#3899 = EDGE_CURVE('',#3892,#3403,#3900,.T.);
#3900 = LINE('',#3901,#3902);
#3901 = CARTESIAN_POINT('',(-0.32,-2.86,-3.));
#3902 = VECTOR('',#3903,1.);
#3903 = DIRECTION('',(0.,0.,1.));
#3904 = ORIENTED_EDGE('',*,*,#3400,.F.);
#3905 = PLANE('',#3906);
#3906 = AXIS2_PLACEMENT_3D('',#3907,#3908,#3909);
#3907 = CARTESIAN_POINT('',(-0.32,-2.86,-3.));
#3908 = DIRECTION('',(0.,1.,0.));
#3909 = DIRECTION('',(0.,-0.,1.));
#3910 = ADVANCED_FACE('',(#3911),#3929,.T.);
#3911 = FACE_BOUND('',#3912,.T.);
#3912 = EDGE_LOOP('',(#3913,#3914,#3922,#3928));
#3913 = ORIENTED_EDGE('',*,*,#3883,.F.);
#3914 = ORIENTED_EDGE('',*,*,#3915,.T.);
#3915 = EDGE_CURVE('',#3884,#3916,#3918,.T.);
#3916 = VERTEX_POINT('',#3917);
#3917 = CARTESIAN_POINT('',(0.32,-2.22,-2.84));
#3918 = LINE('',#3919,#3920);
#3919 = CARTESIAN_POINT('',(0.32,-2.86,-2.84));
#3920 = VECTOR('',#3921,1.);
#3921 = DIRECTION('',(0.,1.,0.));
#3922 = ORIENTED_EDGE('',*,*,#3923,.T.);
#3923 = EDGE_CURVE('',#3916,#3419,#3924,.T.);
#3924 = LINE('',#3925,#3926);
#3925 = CARTESIAN_POINT('',(0.32,-2.22,-3.));
#3926 = VECTOR('',#3927,1.);
#3927 = DIRECTION('',(0.,0.,1.));
#3928 = ORIENTED_EDGE('',*,*,#3426,.F.);
#3929 = PLANE('',#3930);
#3930 = AXIS2_PLACEMENT_3D('',#3931,#3932,#3933);
#3931 = CARTESIAN_POINT('',(0.32,-2.86,-3.));
#3932 = DIRECTION('',(1.,0.,0.));
#3933 = DIRECTION('',(0.,0.,1.));
#3934 = ADVANCED_FACE('',(#3935),#3953,.T.);
#3935 = FACE_BOUND('',#3936,.T.);
#3936 = EDGE_LOOP('',(#3937,#3938,#3946,#3952));
#3937 = ORIENTED_EDGE('',*,*,#3923,.F.);
#3938 = ORIENTED_EDGE('',*,*,#3939,.F.);
#3939 = EDGE_CURVE('',#3940,#3916,#3942,.T.);
#3940 = VERTEX_POINT('',#3941);
#3941 = CARTESIAN_POINT('',(-0.32,-2.22,-2.84));
#3942 = LINE('',#3943,#3944);
#3943 = CARTESIAN_POINT('',(-0.32,-2.22,-2.84));
#3944 = VECTOR('',#3945,1.);
#3945 = DIRECTION('',(1.,0.,0.));
#3946 = ORIENTED_EDGE('',*,*,#3947,.T.);
#3947 = EDGE_CURVE('',#3940,#3411,#3948,.T.);
#3948 = LINE('',#3949,#3950);
#3949 = CARTESIAN_POINT('',(-0.32,-2.22,-3.));
#3950 = VECTOR('',#3951,1.);
#3951 = DIRECTION('',(0.,0.,1.));
#3952 = ORIENTED_EDGE('',*,*,#3418,.F.);
#3953 = PLANE('',#3954);
#3954 = AXIS2_PLACEMENT_3D('',#3955,#3956,#3957);
#3955 = CARTESIAN_POINT('',(-0.32,-2.22,-3.));
#3956 = DIRECTION('',(0.,1.,0.));
#3957 = DIRECTION('',(0.,-0.,1.));
#3958 = ADVANCED_FACE('',(#3959),#3970,.F.);
#3959 = FACE_BOUND('',#3960,.F.);
#3960 = EDGE_LOOP('',(#3961,#3962,#3968,#3969));
#3961 = ORIENTED_EDGE('',*,*,#3899,.F.);
#3962 = ORIENTED_EDGE('',*,*,#3963,.T.);
#3963 = EDGE_CURVE('',#3892,#3940,#3964,.T.);
#3964 = LINE('',#3965,#3966);
#3965 = CARTESIAN_POINT('',(-0.32,-2.86,-2.84));
#3966 = VECTOR('',#3967,1.);
#3967 = DIRECTION('',(0.,1.,0.));
#3968 = ORIENTED_EDGE('',*,*,#3947,.T.);
#3969 = ORIENTED_EDGE('',*,*,#3410,.F.);
#3970 = PLANE('',#3971);
#3971 = AXIS2_PLACEMENT_3D('',#3972,#3973,#3974);
#3972 = CARTESIAN_POINT('',(-0.32,-2.86,-3.));
#3973 = DIRECTION('',(1.,0.,0.));
#3974 = DIRECTION('',(0.,0.,1.));
#3975 = ADVANCED_FACE('',(#3976),#4001,.F.);
#3976 = FACE_BOUND('',#3977,.F.);
#3977 = EDGE_LOOP('',(#3978,#3986,#3987,#3995));
#3978 = ORIENTED_EDGE('',*,*,#3979,.F.);
#3979 = EDGE_CURVE('',#3532,#3980,#3982,.T.);
#3980 = VERTEX_POINT('',#3981);
#3981 = CARTESIAN_POINT('',(0.32,-0.32,8.38));
#3982 = LINE('',#3983,#3984);
#3983 = CARTESIAN_POINT('',(0.32,-0.32,-3.));
#3984 = VECTOR('',#3985,1.);
#3985 = DIRECTION('',(0.,0.,1.));
#3986 = ORIENTED_EDGE('',*,*,#3531,.T.);
#3987 = ORIENTED_EDGE('',*,*,#3988,.T.);
#3988 = EDGE_CURVE('',#3534,#3989,#3991,.T.);
#3989 = VERTEX_POINT('',#3990);
#3990 = CARTESIAN_POINT('',(-0.32,-0.32,8.38));
#3991 = LINE('',#3992,#3993);
#3992 = CARTESIAN_POINT('',(-0.32,-0.32,-3.));
#3993 = VECTOR('',#3994,1.);
#3994 = DIRECTION('',(0.,0.,1.));
#3995 = ORIENTED_EDGE('',*,*,#3996,.T.);
#3996 = EDGE_CURVE('',#3989,#3980,#3997,.T.);
#3997 = LINE('',#3998,#3999);
#3998 = CARTESIAN_POINT('',(-0.32,-0.32,8.38));
#3999 = VECTOR('',#4000,1.);
#4000 = DIRECTION('',(1.,0.,0.));
#4001 = PLANE('',#4002);
#4002 = AXIS2_PLACEMENT_3D('',#4003,#4004,#4005);
#4003 = CARTESIAN_POINT('',(-0.32,-0.32,-3.));
#4004 = DIRECTION('',(0.,1.,0.));
#4005 = DIRECTION('',(0.,-0.,1.));
#4006 = ADVANCED_FACE('',(#4007),#4025,.T.);
#4007 = FACE_BOUND('',#4008,.T.);
#4008 = EDGE_LOOP('',(#4009,#4010,#4011,#4019));
#4009 = ORIENTED_EDGE('',*,*,#3979,.F.);
#4010 = ORIENTED_EDGE('',*,*,#3557,.T.);
#4011 = ORIENTED_EDGE('',*,*,#4012,.T.);
#4012 = EDGE_CURVE('',#3550,#4013,#4015,.T.);
#4013 = VERTEX_POINT('',#4014);
#4014 = CARTESIAN_POINT('',(0.32,0.32,8.38));
#4015 = LINE('',#4016,#4017);
#4016 = CARTESIAN_POINT('',(0.32,0.32,-3.));
#4017 = VECTOR('',#4018,1.);
#4018 = DIRECTION('',(0.,0.,1.));
#4019 = ORIENTED_EDGE('',*,*,#4020,.F.);
#4020 = EDGE_CURVE('',#3980,#4013,#4021,.T.);
#4021 = LINE('',#4022,#4023);
#4022 = CARTESIAN_POINT('',(0.32,-0.32,8.38));
#4023 = VECTOR('',#4024,1.);
#4024 = DIRECTION('',(0.,1.,0.));
#4025 = PLANE('',#4026);
#4026 = AXIS2_PLACEMENT_3D('',#4027,#4028,#4029);
#4027 = CARTESIAN_POINT('',(0.32,-0.32,-3.));
#4028 = DIRECTION('',(1.,0.,0.));
#4029 = DIRECTION('',(0.,0.,1.));
#4030 = ADVANCED_FACE('',(#4031),#4049,.T.);
#4031 = FACE_BOUND('',#4032,.T.);
#4032 = EDGE_LOOP('',(#4033,#4034,#4035,#4043));
#4033 = ORIENTED_EDGE('',*,*,#4012,.F.);
#4034 = ORIENTED_EDGE('',*,*,#3549,.T.);
#4035 = ORIENTED_EDGE('',*,*,#4036,.T.);
#4036 = EDGE_CURVE('',#3542,#4037,#4039,.T.);
#4037 = VERTEX_POINT('',#4038);
#4038 = CARTESIAN_POINT('',(-0.32,0.32,8.38));
#4039 = LINE('',#4040,#4041);
#4040 = CARTESIAN_POINT('',(-0.32,0.32,-3.));
#4041 = VECTOR('',#4042,1.);
#4042 = DIRECTION('',(0.,0.,1.));
#4043 = ORIENTED_EDGE('',*,*,#4044,.T.);
#4044 = EDGE_CURVE('',#4037,#4013,#4045,.T.);
#4045 = LINE('',#4046,#4047);
#4046 = CARTESIAN_POINT('',(-0.32,0.32,8.38));
#4047 = VECTOR('',#4048,1.);
#4048 = DIRECTION('',(1.,0.,0.));
#4049 = PLANE('',#4050);
#4050 = AXIS2_PLACEMENT_3D('',#4051,#4052,#4053);
#4051 = CARTESIAN_POINT('',(-0.32,0.32,-3.));
#4052 = DIRECTION('',(0.,1.,0.));
#4053 = DIRECTION('',(0.,-0.,1.));
#4054 = ADVANCED_FACE('',(#4055),#4066,.F.);
#4055 = FACE_BOUND('',#4056,.F.);
#4056 = EDGE_LOOP('',(#4057,#4058,#4059,#4060));
#4057 = ORIENTED_EDGE('',*,*,#3988,.F.);
#4058 = ORIENTED_EDGE('',*,*,#3541,.T.);
#4059 = ORIENTED_EDGE('',*,*,#4036,.T.);
#4060 = ORIENTED_EDGE('',*,*,#4061,.F.);
#4061 = EDGE_CURVE('',#3989,#4037,#4062,.T.);
#4062 = LINE('',#4063,#4064);
#4063 = CARTESIAN_POINT('',(-0.32,-0.32,8.38));
#4064 = VECTOR('',#4065,1.);
#4065 = DIRECTION('',(0.,1.,0.));
#4066 = PLANE('',#4067);
#4067 = AXIS2_PLACEMENT_3D('',#4068,#4069,#4070);
#4068 = CARTESIAN_POINT('',(-0.32,-0.32,-3.));
#4069 = DIRECTION('',(1.,0.,0.));
#4070 = DIRECTION('',(0.,0.,1.));
#4071 = ADVANCED_FACE('',(#4072),#4097,.F.);
#4072 = FACE_BOUND('',#4073,.F.);
#4073 = EDGE_LOOP('',(#4074,#4082,#4083,#4091));
#4074 = ORIENTED_EDGE('',*,*,#4075,.F.);
#4075 = EDGE_CURVE('',#3566,#4076,#4078,.T.);
#4076 = VERTEX_POINT('',#4077);
#4077 = CARTESIAN_POINT('',(0.32,-2.86,8.38));
#4078 = LINE('',#4079,#4080);
#4079 = CARTESIAN_POINT('',(0.32,-2.86,-3.));
#4080 = VECTOR('',#4081,1.);
#4081 = DIRECTION('',(0.,0.,1.));
#4082 = ORIENTED_EDGE('',*,*,#3565,.T.);
#4083 = ORIENTED_EDGE('',*,*,#4084,.T.);
#4084 = EDGE_CURVE('',#3568,#4085,#4087,.T.);
#4085 = VERTEX_POINT('',#4086);
#4086 = CARTESIAN_POINT('',(-0.32,-2.86,8.38));
#4087 = LINE('',#4088,#4089);
#4088 = CARTESIAN_POINT('',(-0.32,-2.86,-3.));
#4089 = VECTOR('',#4090,1.);
#4090 = DIRECTION('',(0.,0.,1.));
#4091 = ORIENTED_EDGE('',*,*,#4092,.T.);
#4092 = EDGE_CURVE('',#4085,#4076,#4093,.T.);
#4093 = LINE('',#4094,#4095);
#4094 = CARTESIAN_POINT('',(-0.32,-2.86,8.38));
#4095 = VECTOR('',#4096,1.);
#4096 = DIRECTION('',(1.,0.,0.));
#4097 = PLANE('',#4098);
#4098 = AXIS2_PLACEMENT_3D('',#4099,#4100,#4101);
#4099 = CARTESIAN_POINT('',(-0.32,-2.86,-3.));
#4100 = DIRECTION('',(0.,1.,0.));
#4101 = DIRECTION('',(0.,-0.,1.));
#4102 = ADVANCED_FACE('',(#4103),#4121,.T.);
#4103 = FACE_BOUND('',#4104,.T.);
#4104 = EDGE_LOOP('',(#4105,#4106,#4107,#4115));
#4105 = ORIENTED_EDGE('',*,*,#4075,.F.);
#4106 = ORIENTED_EDGE('',*,*,#3591,.T.);
#4107 = ORIENTED_EDGE('',*,*,#4108,.T.);
#4108 = EDGE_CURVE('',#3584,#4109,#4111,.T.);
#4109 = VERTEX_POINT('',#4110);
#4110 = CARTESIAN_POINT('',(0.32,-2.22,8.38));
#4111 = LINE('',#4112,#4113);
#4112 = CARTESIAN_POINT('',(0.32,-2.22,-3.));
#4113 = VECTOR('',#4114,1.);
#4114 = DIRECTION('',(0.,0.,1.));
#4115 = ORIENTED_EDGE('',*,*,#4116,.F.);
#4116 = EDGE_CURVE('',#4076,#4109,#4117,.T.);
#4117 = LINE('',#4118,#4119);
#4118 = CARTESIAN_POINT('',(0.32,-2.86,8.38));
#4119 = VECTOR('',#4120,1.);
#4120 = DIRECTION('',(0.,1.,0.));
#4121 = PLANE('',#4122);
#4122 = AXIS2_PLACEMENT_3D('',#4123,#4124,#4125);
#4123 = CARTESIAN_POINT('',(0.32,-2.86,-3.));
#4124 = DIRECTION('',(1.,0.,0.));
#4125 = DIRECTION('',(0.,0.,1.));
#4126 = ADVANCED_FACE('',(#4127),#4145,.T.);
#4127 = FACE_BOUND('',#4128,.T.);
#4128 = EDGE_LOOP('',(#4129,#4130,#4131,#4139));
#4129 = ORIENTED_EDGE('',*,*,#4108,.F.);
#4130 = ORIENTED_EDGE('',*,*,#3583,.T.);
#4131 = ORIENTED_EDGE('',*,*,#4132,.T.);
#4132 = EDGE_CURVE('',#3576,#4133,#4135,.T.);
#4133 = VERTEX_POINT('',#4134);
#4134 = CARTESIAN_POINT('',(-0.32,-2.22,8.38));
#4135 = LINE('',#4136,#4137);
#4136 = CARTESIAN_POINT('',(-0.32,-2.22,-3.));
#4137 = VECTOR('',#4138,1.);
#4138 = DIRECTION('',(0.,0.,1.));
#4139 = ORIENTED_EDGE('',*,*,#4140,.T.);
#4140 = EDGE_CURVE('',#4133,#4109,#4141,.T.);
#4141 = LINE('',#4142,#4143);
#4142 = CARTESIAN_POINT('',(-0.32,-2.22,8.38));
#4143 = VECTOR('',#4144,1.);
#4144 = DIRECTION('',(1.,0.,0.));
#4145 = PLANE('',#4146);
#4146 = AXIS2_PLACEMENT_3D('',#4147,#4148,#4149);
#4147 = CARTESIAN_POINT('',(-0.32,-2.22,-3.));
#4148 = DIRECTION('',(0.,1.,0.));
#4149 = DIRECTION('',(0.,-0.,1.));
#4150 = ADVANCED_FACE('',(#4151),#4162,.F.);
#4151 = FACE_BOUND('',#4152,.F.);
#4152 = EDGE_LOOP('',(#4153,#4154,#4155,#4156));
#4153 = ORIENTED_EDGE('',*,*,#4084,.F.);
#4154 = ORIENTED_EDGE('',*,*,#3575,.T.);
#4155 = ORIENTED_EDGE('',*,*,#4132,.T.);
#4156 = ORIENTED_EDGE('',*,*,#4157,.F.);
#4157 = EDGE_CURVE('',#4085,#4133,#4158,.T.);
#4158 = LINE('',#4159,#4160);
#4159 = CARTESIAN_POINT('',(-0.32,-2.86,8.38));
#4160 = VECTOR('',#4161,1.);
#4161 = DIRECTION('',(0.,1.,0.));
#4162 = PLANE('',#4163);
#4163 = AXIS2_PLACEMENT_3D('',#4164,#4165,#4166);
#4164 = CARTESIAN_POINT('',(-0.32,-2.86,-3.));
#4165 = DIRECTION('',(1.,0.,0.));
#4166 = DIRECTION('',(0.,0.,1.));
#4167 = ADVANCED_FACE('',(#4168),#4193,.T.);
#4168 = FACE_BOUND('',#4169,.F.);
#4169 = EDGE_LOOP('',(#4170,#4178,#4179,#4187));
#4170 = ORIENTED_EDGE('',*,*,#4171,.F.);
#4171 = EDGE_CURVE('',#3796,#4172,#4174,.T.);
#4172 = VERTEX_POINT('',#4173);
#4173 = CARTESIAN_POINT('',(-0.16,-0.16,-3.));
#4174 = LINE('',#4175,#4176);
#4175 = CARTESIAN_POINT('',(-0.266666666667,-0.266666666667,
    -2.893333333333));
#4176 = VECTOR('',#4177,1.);
#4177 = DIRECTION('',(0.57735026919,0.57735026919,-0.57735026919));
#4178 = ORIENTED_EDGE('',*,*,#3795,.T.);
#4179 = ORIENTED_EDGE('',*,*,#4180,.T.);
#4180 = EDGE_CURVE('',#3788,#4181,#4183,.T.);
#4181 = VERTEX_POINT('',#4182);
#4182 = CARTESIAN_POINT('',(0.16,-0.16,-3.));
#4183 = LINE('',#4184,#4185);
#4184 = CARTESIAN_POINT('',(0.16,-0.16,-3.));
#4185 = VECTOR('',#4186,1.);
#4186 = DIRECTION('',(-0.57735026919,0.57735026919,-0.57735026919));
#4187 = ORIENTED_EDGE('',*,*,#4188,.F.);
#4188 = EDGE_CURVE('',#4172,#4181,#4189,.T.);
#4189 = LINE('',#4190,#4191);
#4190 = CARTESIAN_POINT('',(-0.32,-0.16,-3.));
#4191 = VECTOR('',#4192,1.);
#4192 = DIRECTION('',(1.,0.,0.));
#4193 = PLANE('',#4194);
#4194 = AXIS2_PLACEMENT_3D('',#4195,#4196,#4197);
#4195 = CARTESIAN_POINT('',(-0.32,-0.24,-2.92));
#4196 = DIRECTION('',(1.735167508357E-18,-0.707106781187,-0.707106781187
    ));
#4197 = DIRECTION('',(-1.,-1.226948711654E-18,-1.226948711654E-18));
#4198 = ADVANCED_FACE('',(#4199),#4217,.F.);
#4199 = FACE_BOUND('',#4200,.F.);
#4200 = EDGE_LOOP('',(#4201,#4202,#4203,#4211));
#4201 = ORIENTED_EDGE('',*,*,#4180,.F.);
#4202 = ORIENTED_EDGE('',*,*,#3819,.T.);
#4203 = ORIENTED_EDGE('',*,*,#4204,.T.);
#4204 = EDGE_CURVE('',#3820,#4205,#4207,.T.);
#4205 = VERTEX_POINT('',#4206);
#4206 = CARTESIAN_POINT('',(0.16,0.16,-3.));
#4207 = LINE('',#4208,#4209);
#4208 = CARTESIAN_POINT('',(5.333333333333E-02,5.333333333333E-02,
    -3.106666666667));
#4209 = VECTOR('',#4210,1.);
#4210 = DIRECTION('',(-0.57735026919,-0.57735026919,-0.57735026919));
#4211 = ORIENTED_EDGE('',*,*,#4212,.F.);
#4212 = EDGE_CURVE('',#4181,#4205,#4213,.T.);
#4213 = LINE('',#4214,#4215);
#4214 = CARTESIAN_POINT('',(0.16,-0.32,-3.));
#4215 = VECTOR('',#4216,1.);
#4216 = DIRECTION('',(0.,1.,0.));
#4217 = PLANE('',#4218);
#4218 = AXIS2_PLACEMENT_3D('',#4219,#4220,#4221);
#4219 = CARTESIAN_POINT('',(0.24,-0.32,-2.92));
#4220 = DIRECTION('',(-0.707106781187,1.735167508357E-18,0.707106781187)
  );
#4221 = DIRECTION('',(1.226948711654E-18,1.,-1.226948711654E-18));
#4222 = ADVANCED_FACE('',(#4223),#4241,.F.);
#4223 = FACE_BOUND('',#4224,.T.);
#4224 = EDGE_LOOP('',(#4225,#4233,#4234,#4235));
#4225 = ORIENTED_EDGE('',*,*,#4226,.F.);
#4226 = EDGE_CURVE('',#3844,#4227,#4229,.T.);
#4227 = VERTEX_POINT('',#4228);
#4228 = CARTESIAN_POINT('',(-0.16,0.16,-3.));
#4229 = LINE('',#4230,#4231);
#4230 = CARTESIAN_POINT('',(-0.16,0.16,-3.));
#4231 = VECTOR('',#4232,1.);
#4232 = DIRECTION('',(0.57735026919,-0.57735026919,-0.57735026919));
#4233 = ORIENTED_EDGE('',*,*,#3843,.T.);
#4234 = ORIENTED_EDGE('',*,*,#4204,.T.);
#4235 = ORIENTED_EDGE('',*,*,#4236,.F.);
#4236 = EDGE_CURVE('',#4227,#4205,#4237,.T.);
#4237 = LINE('',#4238,#4239);
#4238 = CARTESIAN_POINT('',(-0.32,0.16,-3.));
#4239 = VECTOR('',#4240,1.);
#4240 = DIRECTION('',(1.,0.,0.));
#4241 = PLANE('',#4242);
#4242 = AXIS2_PLACEMENT_3D('',#4243,#4244,#4245);
#4243 = CARTESIAN_POINT('',(-0.32,0.24,-2.92));
#4244 = DIRECTION('',(-1.735167508357E-18,-0.707106781187,0.707106781187
    ));
#4245 = DIRECTION('',(-1.,1.226948711654E-18,-1.226948711654E-18));
#4246 = ADVANCED_FACE('',(#4247),#4258,.T.);
#4247 = FACE_BOUND('',#4248,.T.);
#4248 = EDGE_LOOP('',(#4249,#4250,#4251,#4252));
#4249 = ORIENTED_EDGE('',*,*,#4171,.F.);
#4250 = ORIENTED_EDGE('',*,*,#3867,.T.);
#4251 = ORIENTED_EDGE('',*,*,#4226,.T.);
#4252 = ORIENTED_EDGE('',*,*,#4253,.F.);
#4253 = EDGE_CURVE('',#4172,#4227,#4254,.T.);
#4254 = LINE('',#4255,#4256);
#4255 = CARTESIAN_POINT('',(-0.16,-0.32,-3.));
#4256 = VECTOR('',#4257,1.);
#4257 = DIRECTION('',(0.,1.,0.));
#4258 = PLANE('',#4259);
#4259 = AXIS2_PLACEMENT_3D('',#4260,#4261,#4262);
#4260 = CARTESIAN_POINT('',(-0.24,-0.32,-2.92));
#4261 = DIRECTION('',(-0.707106781187,-1.735167508357E-18,
    -0.707106781187));
#4262 = DIRECTION('',(-1.226948711654E-18,1.,-1.226948711654E-18));
#4263 = ADVANCED_FACE('',(#4264),#4289,.T.);
#4264 = FACE_BOUND('',#4265,.F.);
#4265 = EDGE_LOOP('',(#4266,#4274,#4275,#4283));
#4266 = ORIENTED_EDGE('',*,*,#4267,.F.);
#4267 = EDGE_CURVE('',#3892,#4268,#4270,.T.);
#4268 = VERTEX_POINT('',#4269);
#4269 = CARTESIAN_POINT('',(-0.16,-2.7,-3.));
#4270 = LINE('',#4271,#4272);
#4271 = CARTESIAN_POINT('',(-0.266666666667,-2.806666666667,
    -2.893333333333));
#4272 = VECTOR('',#4273,1.);
#4273 = DIRECTION('',(0.57735026919,0.57735026919,-0.57735026919));
#4274 = ORIENTED_EDGE('',*,*,#3891,.T.);
#4275 = ORIENTED_EDGE('',*,*,#4276,.T.);
#4276 = EDGE_CURVE('',#3884,#4277,#4279,.T.);
#4277 = VERTEX_POINT('',#4278);
#4278 = CARTESIAN_POINT('',(0.16,-2.7,-3.));
#4279 = LINE('',#4280,#4281);
#4280 = CARTESIAN_POINT('',(0.16,-2.7,-3.));
#4281 = VECTOR('',#4282,1.);
#4282 = DIRECTION('',(-0.57735026919,0.57735026919,-0.57735026919));
#4283 = ORIENTED_EDGE('',*,*,#4284,.F.);
#4284 = EDGE_CURVE('',#4268,#4277,#4285,.T.);
#4285 = LINE('',#4286,#4287);
#4286 = CARTESIAN_POINT('',(-0.32,-2.7,-3.));
#4287 = VECTOR('',#4288,1.);
#4288 = DIRECTION('',(1.,0.,0.));
#4289 = PLANE('',#4290);
#4290 = AXIS2_PLACEMENT_3D('',#4291,#4292,#4293);
#4291 = CARTESIAN_POINT('',(-0.32,-2.78,-2.92));
#4292 = DIRECTION('',(1.735167508357E-18,-0.707106781187,-0.707106781187
    ));
#4293 = DIRECTION('',(-1.,-1.226948711654E-18,-1.226948711654E-18));
#4294 = ADVANCED_FACE('',(#4295),#4313,.F.);
#4295 = FACE_BOUND('',#4296,.F.);
#4296 = EDGE_LOOP('',(#4297,#4298,#4299,#4307));
#4297 = ORIENTED_EDGE('',*,*,#4276,.F.);
#4298 = ORIENTED_EDGE('',*,*,#3915,.T.);
#4299 = ORIENTED_EDGE('',*,*,#4300,.T.);
#4300 = EDGE_CURVE('',#3916,#4301,#4303,.T.);
#4301 = VERTEX_POINT('',#4302);
#4302 = CARTESIAN_POINT('',(0.16,-2.38,-3.));
#4303 = LINE('',#4304,#4305);
#4304 = CARTESIAN_POINT('',(5.333333333333E-02,-2.486666666667,
    -3.106666666667));
#4305 = VECTOR('',#4306,1.);
#4306 = DIRECTION('',(-0.57735026919,-0.57735026919,-0.57735026919));
#4307 = ORIENTED_EDGE('',*,*,#4308,.F.);
#4308 = EDGE_CURVE('',#4277,#4301,#4309,.T.);
#4309 = LINE('',#4310,#4311);
#4310 = CARTESIAN_POINT('',(0.16,-2.86,-3.));
#4311 = VECTOR('',#4312,1.);
#4312 = DIRECTION('',(0.,1.,0.));
#4313 = PLANE('',#4314);
#4314 = AXIS2_PLACEMENT_3D('',#4315,#4316,#4317);
#4315 = CARTESIAN_POINT('',(0.24,-2.86,-2.92));
#4316 = DIRECTION('',(-0.707106781187,1.735167508357E-18,0.707106781187)
  );
#4317 = DIRECTION('',(1.226948711654E-18,1.,-1.226948711654E-18));
#4318 = ADVANCED_FACE('',(#4319),#4337,.F.);
#4319 = FACE_BOUND('',#4320,.T.);
#4320 = EDGE_LOOP('',(#4321,#4329,#4330,#4331));
#4321 = ORIENTED_EDGE('',*,*,#4322,.F.);
#4322 = EDGE_CURVE('',#3940,#4323,#4325,.T.);
#4323 = VERTEX_POINT('',#4324);
#4324 = CARTESIAN_POINT('',(-0.16,-2.38,-3.));
#4325 = LINE('',#4326,#4327);
#4326 = CARTESIAN_POINT('',(-0.16,-2.38,-3.));
#4327 = VECTOR('',#4328,1.);
#4328 = DIRECTION('',(0.57735026919,-0.57735026919,-0.57735026919));
#4329 = ORIENTED_EDGE('',*,*,#3939,.T.);
#4330 = ORIENTED_EDGE('',*,*,#4300,.T.);
#4331 = ORIENTED_EDGE('',*,*,#4332,.F.);
#4332 = EDGE_CURVE('',#4323,#4301,#4333,.T.);
#4333 = LINE('',#4334,#4335);
#4334 = CARTESIAN_POINT('',(-0.32,-2.38,-3.));
#4335 = VECTOR('',#4336,1.);
#4336 = DIRECTION('',(1.,0.,0.));
#4337 = PLANE('',#4338);
#4338 = AXIS2_PLACEMENT_3D('',#4339,#4340,#4341);
#4339 = CARTESIAN_POINT('',(-0.32,-2.3,-2.92));
#4340 = DIRECTION('',(-1.735167508357E-18,-0.707106781187,0.707106781187
    ));
#4341 = DIRECTION('',(-1.,1.226948711654E-18,-1.226948711654E-18));
#4342 = ADVANCED_FACE('',(#4343),#4354,.T.);
#4343 = FACE_BOUND('',#4344,.T.);
#4344 = EDGE_LOOP('',(#4345,#4346,#4347,#4348));
#4345 = ORIENTED_EDGE('',*,*,#4267,.F.);
#4346 = ORIENTED_EDGE('',*,*,#3963,.T.);
#4347 = ORIENTED_EDGE('',*,*,#4322,.T.);
#4348 = ORIENTED_EDGE('',*,*,#4349,.F.);
#4349 = EDGE_CURVE('',#4268,#4323,#4350,.T.);
#4350 = LINE('',#4351,#4352);
#4351 = CARTESIAN_POINT('',(-0.16,-2.86,-3.));
#4352 = VECTOR('',#4353,1.);
#4353 = DIRECTION('',(0.,1.,0.));
#4354 = PLANE('',#4355);
#4355 = AXIS2_PLACEMENT_3D('',#4356,#4357,#4358);
#4356 = CARTESIAN_POINT('',(-0.24,-2.86,-2.92));
#4357 = DIRECTION('',(-0.707106781187,-1.735167508357E-18,
    -0.707106781187));
#4358 = DIRECTION('',(-1.226948711654E-18,1.,-1.226948711654E-18));
#4359 = ADVANCED_FACE('',(#4360),#4385,.F.);
#4360 = FACE_BOUND('',#4361,.T.);
#4361 = EDGE_LOOP('',(#4362,#4370,#4371,#4379));
#4362 = ORIENTED_EDGE('',*,*,#4363,.F.);
#4363 = EDGE_CURVE('',#3989,#4364,#4366,.T.);
#4364 = VERTEX_POINT('',#4365);
#4365 = CARTESIAN_POINT('',(-0.16,-0.16,8.54));
#4366 = LINE('',#4367,#4368);
#4367 = CARTESIAN_POINT('',(-0.266666666667,-0.266666666667,
    8.433333333333));
#4368 = VECTOR('',#4369,1.);
#4369 = DIRECTION('',(0.57735026919,0.57735026919,0.57735026919));
#4370 = ORIENTED_EDGE('',*,*,#3996,.T.);
#4371 = ORIENTED_EDGE('',*,*,#4372,.T.);
#4372 = EDGE_CURVE('',#3980,#4373,#4375,.T.);
#4373 = VERTEX_POINT('',#4374);
#4374 = CARTESIAN_POINT('',(0.16,-0.16,8.54));
#4375 = LINE('',#4376,#4377);
#4376 = CARTESIAN_POINT('',(0.16,-0.16,8.54));
#4377 = VECTOR('',#4378,1.);
#4378 = DIRECTION('',(-0.57735026919,0.57735026919,0.57735026919));
#4379 = ORIENTED_EDGE('',*,*,#4380,.F.);
#4380 = EDGE_CURVE('',#4364,#4373,#4381,.T.);
#4381 = LINE('',#4382,#4383);
#4382 = CARTESIAN_POINT('',(-0.32,-0.16,8.54));
#4383 = VECTOR('',#4384,1.);
#4384 = DIRECTION('',(1.,0.,0.));
#4385 = PLANE('',#4386);
#4386 = AXIS2_PLACEMENT_3D('',#4387,#4388,#4389);
#4387 = CARTESIAN_POINT('',(-0.32,-0.24,8.46));
#4388 = DIRECTION('',(-1.735167508357E-18,0.707106781187,-0.707106781187
    ));
#4389 = DIRECTION('',(-1.,-1.226948711654E-18,1.226948711654E-18));
#4390 = ADVANCED_FACE('',(#4391),#4409,.T.);
#4391 = FACE_BOUND('',#4392,.T.);
#4392 = EDGE_LOOP('',(#4393,#4394,#4395,#4403));
#4393 = ORIENTED_EDGE('',*,*,#4372,.F.);
#4394 = ORIENTED_EDGE('',*,*,#4020,.T.);
#4395 = ORIENTED_EDGE('',*,*,#4396,.T.);
#4396 = EDGE_CURVE('',#4013,#4397,#4399,.T.);
#4397 = VERTEX_POINT('',#4398);
#4398 = CARTESIAN_POINT('',(0.16,0.16,8.54));
#4399 = LINE('',#4400,#4401);
#4400 = CARTESIAN_POINT('',(5.333333333333E-02,5.333333333333E-02,
    8.646666666667));
#4401 = VECTOR('',#4402,1.);
#4402 = DIRECTION('',(-0.57735026919,-0.57735026919,0.57735026919));
#4403 = ORIENTED_EDGE('',*,*,#4404,.F.);
#4404 = EDGE_CURVE('',#4373,#4397,#4405,.T.);
#4405 = LINE('',#4406,#4407);
#4406 = CARTESIAN_POINT('',(0.16,-0.32,8.54));
#4407 = VECTOR('',#4408,1.);
#4408 = DIRECTION('',(0.,1.,0.));
#4409 = PLANE('',#4410);
#4410 = AXIS2_PLACEMENT_3D('',#4411,#4412,#4413);
#4411 = CARTESIAN_POINT('',(0.24,-0.32,8.46));
#4412 = DIRECTION('',(0.707106781187,-1.735167508357E-18,0.707106781187)
  );
#4413 = DIRECTION('',(1.226948711654E-18,1.,1.226948711654E-18));
#4414 = ADVANCED_FACE('',(#4415),#4433,.T.);
#4415 = FACE_BOUND('',#4416,.F.);
#4416 = EDGE_LOOP('',(#4417,#4425,#4426,#4427));
#4417 = ORIENTED_EDGE('',*,*,#4418,.F.);
#4418 = EDGE_CURVE('',#4037,#4419,#4421,.T.);
#4419 = VERTEX_POINT('',#4420);
#4420 = CARTESIAN_POINT('',(-0.16,0.16,8.54));
#4421 = LINE('',#4422,#4423);
#4422 = CARTESIAN_POINT('',(-0.16,0.16,8.54));
#4423 = VECTOR('',#4424,1.);
#4424 = DIRECTION('',(0.57735026919,-0.57735026919,0.57735026919));
#4425 = ORIENTED_EDGE('',*,*,#4044,.T.);
#4426 = ORIENTED_EDGE('',*,*,#4396,.T.);
#4427 = ORIENTED_EDGE('',*,*,#4428,.F.);
#4428 = EDGE_CURVE('',#4419,#4397,#4429,.T.);
#4429 = LINE('',#4430,#4431);
#4430 = CARTESIAN_POINT('',(-0.32,0.16,8.54));
#4431 = VECTOR('',#4432,1.);
#4432 = DIRECTION('',(1.,0.,0.));
#4433 = PLANE('',#4434);
#4434 = AXIS2_PLACEMENT_3D('',#4435,#4436,#4437);
#4435 = CARTESIAN_POINT('',(-0.32,0.24,8.46));
#4436 = DIRECTION('',(1.735167508357E-18,0.707106781187,0.707106781187)
  );
#4437 = DIRECTION('',(-1.,1.226948711654E-18,1.226948711654E-18));
#4438 = ADVANCED_FACE('',(#4439),#4450,.F.);
#4439 = FACE_BOUND('',#4440,.F.);
#4440 = EDGE_LOOP('',(#4441,#4442,#4443,#4444));
#4441 = ORIENTED_EDGE('',*,*,#4363,.F.);
#4442 = ORIENTED_EDGE('',*,*,#4061,.T.);
#4443 = ORIENTED_EDGE('',*,*,#4418,.T.);
#4444 = ORIENTED_EDGE('',*,*,#4445,.F.);
#4445 = EDGE_CURVE('',#4364,#4419,#4446,.T.);
#4446 = LINE('',#4447,#4448);
#4447 = CARTESIAN_POINT('',(-0.16,-0.32,8.54));
#4448 = VECTOR('',#4449,1.);
#4449 = DIRECTION('',(0.,1.,0.));
#4450 = PLANE('',#4451);
#4451 = AXIS2_PLACEMENT_3D('',#4452,#4453,#4454);
#4452 = CARTESIAN_POINT('',(-0.24,-0.32,8.46));
#4453 = DIRECTION('',(0.707106781187,1.735167508357E-18,-0.707106781187)
  );
#4454 = DIRECTION('',(-1.226948711654E-18,1.,1.226948711654E-18));
#4455 = ADVANCED_FACE('',(#4456),#4481,.F.);
#4456 = FACE_BOUND('',#4457,.T.);
#4457 = EDGE_LOOP('',(#4458,#4466,#4467,#4475));
#4458 = ORIENTED_EDGE('',*,*,#4459,.F.);
#4459 = EDGE_CURVE('',#4085,#4460,#4462,.T.);
#4460 = VERTEX_POINT('',#4461);
#4461 = CARTESIAN_POINT('',(-0.16,-2.7,8.54));
#4462 = LINE('',#4463,#4464);
#4463 = CARTESIAN_POINT('',(-0.266666666667,-2.806666666667,
    8.433333333333));
#4464 = VECTOR('',#4465,1.);
#4465 = DIRECTION('',(0.57735026919,0.57735026919,0.57735026919));
#4466 = ORIENTED_EDGE('',*,*,#4092,.T.);
#4467 = ORIENTED_EDGE('',*,*,#4468,.T.);
#4468 = EDGE_CURVE('',#4076,#4469,#4471,.T.);
#4469 = VERTEX_POINT('',#4470);
#4470 = CARTESIAN_POINT('',(0.16,-2.7,8.54));
#4471 = LINE('',#4472,#4473);
#4472 = CARTESIAN_POINT('',(0.16,-2.7,8.54));
#4473 = VECTOR('',#4474,1.);
#4474 = DIRECTION('',(-0.57735026919,0.57735026919,0.57735026919));
#4475 = ORIENTED_EDGE('',*,*,#4476,.F.);
#4476 = EDGE_CURVE('',#4460,#4469,#4477,.T.);
#4477 = LINE('',#4478,#4479);
#4478 = CARTESIAN_POINT('',(-0.32,-2.7,8.54));
#4479 = VECTOR('',#4480,1.);
#4480 = DIRECTION('',(1.,0.,0.));
#4481 = PLANE('',#4482);
#4482 = AXIS2_PLACEMENT_3D('',#4483,#4484,#4485);
#4483 = CARTESIAN_POINT('',(-0.32,-2.78,8.46));
#4484 = DIRECTION('',(-1.735167508357E-18,0.707106781187,-0.707106781187
    ));
#4485 = DIRECTION('',(-1.,-1.226948711654E-18,1.226948711654E-18));
#4486 = ADVANCED_FACE('',(#4487),#4505,.T.);
#4487 = FACE_BOUND('',#4488,.T.);
#4488 = EDGE_LOOP('',(#4489,#4490,#4491,#4499));
#4489 = ORIENTED_EDGE('',*,*,#4468,.F.);
#4490 = ORIENTED_EDGE('',*,*,#4116,.T.);
#4491 = ORIENTED_EDGE('',*,*,#4492,.T.);
#4492 = EDGE_CURVE('',#4109,#4493,#4495,.T.);
#4493 = VERTEX_POINT('',#4494);
#4494 = CARTESIAN_POINT('',(0.16,-2.38,8.54));
#4495 = LINE('',#4496,#4497);
#4496 = CARTESIAN_POINT('',(5.333333333333E-02,-2.486666666667,
    8.646666666667));
#4497 = VECTOR('',#4498,1.);
#4498 = DIRECTION('',(-0.57735026919,-0.57735026919,0.57735026919));
#4499 = ORIENTED_EDGE('',*,*,#4500,.F.);
#4500 = EDGE_CURVE('',#4469,#4493,#4501,.T.);
#4501 = LINE('',#4502,#4503);
#4502 = CARTESIAN_POINT('',(0.16,-2.86,8.54));
#4503 = VECTOR('',#4504,1.);
#4504 = DIRECTION('',(0.,1.,0.));
#4505 = PLANE('',#4506);
#4506 = AXIS2_PLACEMENT_3D('',#4507,#4508,#4509);
#4507 = CARTESIAN_POINT('',(0.24,-2.86,8.46));
#4508 = DIRECTION('',(0.707106781187,-1.735167508357E-18,0.707106781187)
  );
#4509 = DIRECTION('',(1.226948711654E-18,1.,1.226948711654E-18));
#4510 = ADVANCED_FACE('',(#4511),#4529,.T.);
#4511 = FACE_BOUND('',#4512,.F.);
#4512 = EDGE_LOOP('',(#4513,#4521,#4522,#4523));
#4513 = ORIENTED_EDGE('',*,*,#4514,.F.);
#4514 = EDGE_CURVE('',#4133,#4515,#4517,.T.);
#4515 = VERTEX_POINT('',#4516);
#4516 = CARTESIAN_POINT('',(-0.16,-2.38,8.54));
#4517 = LINE('',#4518,#4519);
#4518 = CARTESIAN_POINT('',(-0.16,-2.38,8.54));
#4519 = VECTOR('',#4520,1.);
#4520 = DIRECTION('',(0.57735026919,-0.57735026919,0.57735026919));
#4521 = ORIENTED_EDGE('',*,*,#4140,.T.);
#4522 = ORIENTED_EDGE('',*,*,#4492,.T.);
#4523 = ORIENTED_EDGE('',*,*,#4524,.F.);
#4524 = EDGE_CURVE('',#4515,#4493,#4525,.T.);
#4525 = LINE('',#4526,#4527);
#4526 = CARTESIAN_POINT('',(-0.32,-2.38,8.54));
#4527 = VECTOR('',#4528,1.);
#4528 = DIRECTION('',(1.,0.,0.));
#4529 = PLANE('',#4530);
#4530 = AXIS2_PLACEMENT_3D('',#4531,#4532,#4533);
#4531 = CARTESIAN_POINT('',(-0.32,-2.3,8.46));
#4532 = DIRECTION('',(1.735167508357E-18,0.707106781187,0.707106781187)
  );
#4533 = DIRECTION('',(-1.,1.226948711654E-18,1.226948711654E-18));
#4534 = ADVANCED_FACE('',(#4535),#4546,.F.);
#4535 = FACE_BOUND('',#4536,.F.);
#4536 = EDGE_LOOP('',(#4537,#4538,#4539,#4540));
#4537 = ORIENTED_EDGE('',*,*,#4459,.F.);
#4538 = ORIENTED_EDGE('',*,*,#4157,.T.);
#4539 = ORIENTED_EDGE('',*,*,#4514,.T.);
#4540 = ORIENTED_EDGE('',*,*,#4541,.F.);
#4541 = EDGE_CURVE('',#4460,#4515,#4542,.T.);
#4542 = LINE('',#4543,#4544);
#4543 = CARTESIAN_POINT('',(-0.16,-2.86,8.54));
#4544 = VECTOR('',#4545,1.);
#4545 = DIRECTION('',(0.,1.,0.));
#4546 = PLANE('',#4547);
#4547 = AXIS2_PLACEMENT_3D('',#4548,#4549,#4550);
#4548 = CARTESIAN_POINT('',(-0.24,-2.86,8.46));
#4549 = DIRECTION('',(0.707106781187,1.735167508357E-18,-0.707106781187)
  );
#4550 = DIRECTION('',(-1.226948711654E-18,1.,1.226948711654E-18));
#4551 = ADVANCED_FACE('',(#4552),#4558,.F.);
#4552 = FACE_BOUND('',#4553,.F.);
#4553 = EDGE_LOOP('',(#4554,#4555,#4556,#4557));
#4554 = ORIENTED_EDGE('',*,*,#4253,.F.);
#4555 = ORIENTED_EDGE('',*,*,#4188,.T.);
#4556 = ORIENTED_EDGE('',*,*,#4212,.T.);
#4557 = ORIENTED_EDGE('',*,*,#4236,.F.);
#4558 = PLANE('',#4559);
#4559 = AXIS2_PLACEMENT_3D('',#4560,#4561,#4562);
#4560 = CARTESIAN_POINT('',(-0.32,-0.32,-3.));
#4561 = DIRECTION('',(0.,0.,1.));
#4562 = DIRECTION('',(1.,0.,-0.));
#4563 = ADVANCED_FACE('',(#4564),#4570,.F.);
#4564 = FACE_BOUND('',#4565,.F.);
#4565 = EDGE_LOOP('',(#4566,#4567,#4568,#4569));
#4566 = ORIENTED_EDGE('',*,*,#4349,.F.);
#4567 = ORIENTED_EDGE('',*,*,#4284,.T.);
#4568 = ORIENTED_EDGE('',*,*,#4308,.T.);
#4569 = ORIENTED_EDGE('',*,*,#4332,.F.);
#4570 = PLANE('',#4571);
#4571 = AXIS2_PLACEMENT_3D('',#4572,#4573,#4574);
#4572 = CARTESIAN_POINT('',(-0.32,-2.86,-3.));
#4573 = DIRECTION('',(0.,0.,1.));
#4574 = DIRECTION('',(1.,0.,-0.));
#4575 = ADVANCED_FACE('',(#4576),#4582,.T.);
#4576 = FACE_BOUND('',#4577,.T.);
#4577 = EDGE_LOOP('',(#4578,#4579,#4580,#4581));
#4578 = ORIENTED_EDGE('',*,*,#4428,.F.);
#4579 = ORIENTED_EDGE('',*,*,#4445,.F.);
#4580 = ORIENTED_EDGE('',*,*,#4380,.T.);
#4581 = ORIENTED_EDGE('',*,*,#4404,.T.);
#4582 = PLANE('',#4583);
#4583 = AXIS2_PLACEMENT_3D('',#4584,#4585,#4586);
#4584 = CARTESIAN_POINT('',(-0.32,-0.32,8.54));
#4585 = DIRECTION('',(0.,0.,1.));
#4586 = DIRECTION('',(1.,0.,-0.));
#4587 = ADVANCED_FACE('',(#4588),#4594,.T.);
#4588 = FACE_BOUND('',#4589,.T.);
#4589 = EDGE_LOOP('',(#4590,#4591,#4592,#4593));
#4590 = ORIENTED_EDGE('',*,*,#4524,.F.);
#4591 = ORIENTED_EDGE('',*,*,#4541,.F.);
#4592 = ORIENTED_EDGE('',*,*,#4476,.T.);
#4593 = ORIENTED_EDGE('',*,*,#4500,.T.);
#4594 = PLANE('',#4595);
#4595 = AXIS2_PLACEMENT_3D('',#4596,#4597,#4598);
#4596 = CARTESIAN_POINT('',(-0.32,-2.86,8.54));
#4597 = DIRECTION('',(0.,0.,1.));
#4598 = DIRECTION('',(1.,0.,-0.));
#4599 = ( GEOMETRIC_REPRESENTATION_CONTEXT(3) 
GLOBAL_UNCERTAINTY_ASSIGNED_CONTEXT((#4603)) 
GLOBAL_UNIT_ASSIGNED_CONTEXT((#4600,#4601,#4602)) REPRESENTATION_CONTEXT
('Context #1','3D Context with UNIT and UNCERTAINTY') );
#4600 = ( LENGTH_UNIT() NAMED_UNIT(*) SI_UNIT(.MILLI.,.METRE.) );
#4601 = ( NAMED_UNIT(*) PLANE_ANGLE_UNIT() SI_UNIT($,.RADIAN.) );
#4602 = ( NAMED_UNIT(*) SI_UNIT($,.STERADIAN.) SOLID_ANGLE_UNIT() );
#4603 = UNCERTAINTY_MEASURE_WITH_UNIT(LENGTH_MEASURE(1.E-07),#4600,
  'distance_accuracy_value','confusion accuracy');
#4604 = CONTEXT_DEPENDENT_SHAPE_REPRESENTATION(#4605,#4607);
#4605 = ( REPRESENTATION_RELATIONSHIP('','',#3166,#10) 
REPRESENTATION_RELATIONSHIP_WITH_TRANSFORMATION(#4606) 
SHAPE_REPRESENTATION_RELATIONSHIP() );
#4606 = ITEM_DEFINED_TRANSFORMATION('','',#11,#35);
#4607 = PRODUCT_DEFINITION_SHAPE('Placement','Placement of an item',
  #4608);
#4608 = NEXT_ASSEMBLY_USAGE_OCCURRENCE('6','J2','',#5,#3161,$);
#4609 = PRODUCT_RELATED_PRODUCT_CATEGORY('part',$,(#3163));
#4610 = SHAPE_DEFINITION_REPRESENTATION(#4611,#4617);
#4611 = PRODUCT_DEFINITION_SHAPE('','',#4612);
#4612 = PRODUCT_DEFINITION('design','',#4613,#4616);
#4613 = PRODUCT_DEFINITION_FORMATION('','',#4614);
#4614 = PRODUCT('DisplayDevice_PCB','DisplayDevice_PCB','',(#4615));
#4615 = PRODUCT_CONTEXT('',#2,'mechanical');
#4616 = PRODUCT_DEFINITION_CONTEXT('part definition',#2,'design');
#4617 = ADVANCED_BREP_SHAPE_REPRESENTATION('',(#11,#4618),#6117);
#4618 = MANIFOLD_SOLID_BREP('',#4619);
#4619 = CLOSED_SHELL('',(#4620,#4662,#4693,#4724,#5117,#5510,#5527,#5544
    ,#5561,#5578,#5590,#5607,#5624,#5641,#5658,#5675,#5692,#5709,#5726,
    #5743,#5760,#5777,#5794,#5811,#5828,#5845,#5862,#5879,#5896,#5913,
    #5930,#5947,#5964,#5981,#5998,#6015,#6032,#6049,#6066,#6083,#6100));
#4620 = ADVANCED_FACE('',(#4621),#4657,.T.);
#4621 = FACE_BOUND('',#4622,.T.);
#4622 = EDGE_LOOP('',(#4623,#4633,#4642,#4650));
#4623 = ORIENTED_EDGE('',*,*,#4624,.T.);
#4624 = EDGE_CURVE('',#4625,#4627,#4629,.T.);
#4625 = VERTEX_POINT('',#4626);
#4626 = CARTESIAN_POINT('',(226.15,-47.45,0.));
#4627 = VERTEX_POINT('',#4628);
#4628 = CARTESIAN_POINT('',(226.15,-47.45,1.51));
#4629 = LINE('',#4630,#4631);
#4630 = CARTESIAN_POINT('',(226.15,-47.45,0.));
#4631 = VECTOR('',#4632,1.);
#4632 = DIRECTION('',(0.,0.,1.));
#4633 = ORIENTED_EDGE('',*,*,#4634,.T.);
#4634 = EDGE_CURVE('',#4627,#4635,#4637,.T.);
#4635 = VERTEX_POINT('',#4636);
#4636 = CARTESIAN_POINT('',(229.15,-50.45,1.51));
#4637 = CIRCLE('',#4638,3.000001172987);
#4638 = AXIS2_PLACEMENT_3D('',#4639,#4640,#4641);
#4639 = CARTESIAN_POINT('',(226.14999882701,-50.45000117298,1.51));
#4640 = DIRECTION('',(0.,0.,-1.));
#4641 = DIRECTION('',(3.909953616065E-07,1.,0.));
#4642 = ORIENTED_EDGE('',*,*,#4643,.F.);
#4643 = EDGE_CURVE('',#4644,#4635,#4646,.T.);
#4644 = VERTEX_POINT('',#4645);
#4645 = CARTESIAN_POINT('',(229.15,-50.45,0.));
#4646 = LINE('',#4647,#4648);
#4647 = CARTESIAN_POINT('',(229.15,-50.45,0.));
#4648 = VECTOR('',#4649,1.);
#4649 = DIRECTION('',(0.,0.,1.));
#4650 = ORIENTED_EDGE('',*,*,#4651,.F.);
#4651 = EDGE_CURVE('',#4625,#4644,#4652,.T.);
#4652 = CIRCLE('',#4653,3.000001172987);
#4653 = AXIS2_PLACEMENT_3D('',#4654,#4655,#4656);
#4654 = CARTESIAN_POINT('',(226.14999882701,-50.45000117298,0.));
#4655 = DIRECTION('',(0.,0.,-1.));
#4656 = DIRECTION('',(3.909953616065E-07,1.,0.));
#4657 = CYLINDRICAL_SURFACE('',#4658,3.000001172987);
#4658 = AXIS2_PLACEMENT_3D('',#4659,#4660,#4661);
#4659 = CARTESIAN_POINT('',(226.14999882701,-50.45000117298,0.));
#4660 = DIRECTION('',(0.,0.,-1.));
#4661 = DIRECTION('',(3.909953616065E-07,1.,0.));
#4662 = ADVANCED_FACE('',(#4663),#4688,.T.);
#4663 = FACE_BOUND('',#4664,.T.);
#4664 = EDGE_LOOP('',(#4665,#4675,#4681,#4682));
#4665 = ORIENTED_EDGE('',*,*,#4666,.T.);
#4666 = EDGE_CURVE('',#4667,#4669,#4671,.T.);
#4667 = VERTEX_POINT('',#4668);
#4668 = CARTESIAN_POINT('',(63.05,-47.45,0.));
#4669 = VERTEX_POINT('',#4670);
#4670 = CARTESIAN_POINT('',(63.05,-47.45,1.51));
#4671 = LINE('',#4672,#4673);
#4672 = CARTESIAN_POINT('',(63.05,-47.45,0.));
#4673 = VECTOR('',#4674,1.);
#4674 = DIRECTION('',(0.,0.,1.));
#4675 = ORIENTED_EDGE('',*,*,#4676,.T.);
#4676 = EDGE_CURVE('',#4669,#4627,#4677,.T.);
#4677 = LINE('',#4678,#4679);
#4678 = CARTESIAN_POINT('',(63.05,-47.45,1.51));
#4679 = VECTOR('',#4680,1.);
#4680 = DIRECTION('',(1.,0.,0.));
#4681 = ORIENTED_EDGE('',*,*,#4624,.F.);
#4682 = ORIENTED_EDGE('',*,*,#4683,.F.);
#4683 = EDGE_CURVE('',#4667,#4625,#4684,.T.);
#4684 = LINE('',#4685,#4686);
#4685 = CARTESIAN_POINT('',(63.05,-47.45,0.));
#4686 = VECTOR('',#4687,1.);
#4687 = DIRECTION('',(1.,0.,0.));
#4688 = PLANE('',#4689);
#4689 = AXIS2_PLACEMENT_3D('',#4690,#4691,#4692);
#4690 = CARTESIAN_POINT('',(63.05,-47.45,0.));
#4691 = DIRECTION('',(0.,1.,0.));
#4692 = DIRECTION('',(1.,0.,0.));
#4693 = ADVANCED_FACE('',(#4694),#4719,.T.);
#4694 = FACE_BOUND('',#4695,.T.);
#4695 = EDGE_LOOP('',(#4696,#4697,#4705,#4713));
#4696 = ORIENTED_EDGE('',*,*,#4643,.T.);
#4697 = ORIENTED_EDGE('',*,*,#4698,.T.);
#4698 = EDGE_CURVE('',#4635,#4699,#4701,.T.);
#4699 = VERTEX_POINT('',#4700);
#4700 = CARTESIAN_POINT('',(229.15,-131.75,1.51));
#4701 = LINE('',#4702,#4703);
#4702 = CARTESIAN_POINT('',(229.15,-50.45,1.51));
#4703 = VECTOR('',#4704,1.);
#4704 = DIRECTION('',(0.,-1.,0.));
#4705 = ORIENTED_EDGE('',*,*,#4706,.F.);
#4706 = EDGE_CURVE('',#4707,#4699,#4709,.T.);
#4707 = VERTEX_POINT('',#4708);
#4708 = CARTESIAN_POINT('',(229.15,-131.75,0.));
#4709 = LINE('',#4710,#4711);
#4710 = CARTESIAN_POINT('',(229.15,-131.75,0.));
#4711 = VECTOR('',#4712,1.);
#4712 = DIRECTION('',(0.,0.,1.));
#4713 = ORIENTED_EDGE('',*,*,#4714,.F.);
#4714 = EDGE_CURVE('',#4644,#4707,#4715,.T.);
#4715 = LINE('',#4716,#4717);
#4716 = CARTESIAN_POINT('',(229.15,-50.45,0.));
#4717 = VECTOR('',#4718,1.);
#4718 = DIRECTION('',(0.,-1.,0.));
#4719 = PLANE('',#4720);
#4720 = AXIS2_PLACEMENT_3D('',#4721,#4722,#4723);
#4721 = CARTESIAN_POINT('',(229.15,-50.45,0.));
#4722 = DIRECTION('',(1.,0.,-0.));
#4723 = DIRECTION('',(0.,-1.,0.));
#4724 = ADVANCED_FACE('',(#4725,#4771,#4782,#4793,#4804,#4815,#4826,
    #4837,#4848,#4859,#4870,#4881,#4892,#4903,#4914,#4925,#4936,#4947,
    #4958,#4969,#4980,#4991,#5002,#5013,#5024,#5035,#5046,#5057,#5068,
    #5079,#5090,#5101),#5112,.F.);
#4725 = FACE_BOUND('',#4726,.F.);
#4726 = EDGE_LOOP('',(#4727,#4728,#4729,#4738,#4746,#4755,#4763,#4770));
#4727 = ORIENTED_EDGE('',*,*,#4651,.F.);
#4728 = ORIENTED_EDGE('',*,*,#4683,.F.);
#4729 = ORIENTED_EDGE('',*,*,#4730,.F.);
#4730 = EDGE_CURVE('',#4731,#4667,#4733,.T.);
#4731 = VERTEX_POINT('',#4732);
#4732 = CARTESIAN_POINT('',(60.05,-50.45,0.));
#4733 = CIRCLE('',#4734,3.000001172987);
#4734 = AXIS2_PLACEMENT_3D('',#4735,#4736,#4737);
#4735 = CARTESIAN_POINT('',(63.050001172987,-50.45000117298,0.));
#4736 = DIRECTION('',(0.,0.,-1.));
#4737 = DIRECTION('',(-1.,3.909953616065E-07,0.));
#4738 = ORIENTED_EDGE('',*,*,#4739,.F.);
#4739 = EDGE_CURVE('',#4740,#4731,#4742,.T.);
#4740 = VERTEX_POINT('',#4741);
#4741 = CARTESIAN_POINT('',(60.05,-131.75,0.));
#4742 = LINE('',#4743,#4744);
#4743 = CARTESIAN_POINT('',(60.05,-131.75,0.));
#4744 = VECTOR('',#4745,1.);
#4745 = DIRECTION('',(0.,1.,0.));
#4746 = ORIENTED_EDGE('',*,*,#4747,.F.);
#4747 = EDGE_CURVE('',#4748,#4740,#4750,.T.);
#4748 = VERTEX_POINT('',#4749);
#4749 = CARTESIAN_POINT('',(63.05,-134.75,0.));
#4750 = CIRCLE('',#4751,3.000001172987);
#4751 = AXIS2_PLACEMENT_3D('',#4752,#4753,#4754);
#4752 = CARTESIAN_POINT('',(63.050001172987,-131.749998827,0.));
#4753 = DIRECTION('',(0.,0.,-1.));
#4754 = DIRECTION('',(-3.909953663434E-07,-1.,-0.));
#4755 = ORIENTED_EDGE('',*,*,#4756,.F.);
#4756 = EDGE_CURVE('',#4757,#4748,#4759,.T.);
#4757 = VERTEX_POINT('',#4758);
#4758 = CARTESIAN_POINT('',(226.15,-134.75,0.));
#4759 = LINE('',#4760,#4761);
#4760 = CARTESIAN_POINT('',(226.15,-134.75,0.));
#4761 = VECTOR('',#4762,1.);
#4762 = DIRECTION('',(-1.,0.,0.));
#4763 = ORIENTED_EDGE('',*,*,#4764,.F.);
#4764 = EDGE_CURVE('',#4707,#4757,#4765,.T.);
#4765 = CIRCLE('',#4766,3.000001172987);
#4766 = AXIS2_PLACEMENT_3D('',#4767,#4768,#4769);
#4767 = CARTESIAN_POINT('',(226.14999882701,-131.749998827,0.));
#4768 = DIRECTION('',(0.,0.,-1.));
#4769 = DIRECTION('',(1.,-3.909953710804E-07,0.));
#4770 = ORIENTED_EDGE('',*,*,#4714,.F.);
#4771 = FACE_BOUND('',#4772,.F.);
#4772 = EDGE_LOOP('',(#4773));
#4773 = ORIENTED_EDGE('',*,*,#4774,.F.);
#4774 = EDGE_CURVE('',#4775,#4775,#4777,.T.);
#4775 = VERTEX_POINT('',#4776);
#4776 = CARTESIAN_POINT('',(93.95,-88.,0.));
#4777 = CIRCLE('',#4778,0.95);
#4778 = AXIS2_PLACEMENT_3D('',#4779,#4780,#4781);
#4779 = CARTESIAN_POINT('',(93.,-88.,0.));
#4780 = DIRECTION('',(0.,0.,1.));
#4781 = DIRECTION('',(1.,0.,-0.));
#4782 = FACE_BOUND('',#4783,.F.);
#4783 = EDGE_LOOP('',(#4784));
#4784 = ORIENTED_EDGE('',*,*,#4785,.T.);
#4785 = EDGE_CURVE('',#4786,#4786,#4788,.T.);
#4786 = VERTEX_POINT('',#4787);
#4787 = CARTESIAN_POINT('',(89.19,-86.355,0.));
#4788 = CIRCLE('',#4789,0.425);
#4789 = AXIS2_PLACEMENT_3D('',#4790,#4791,#4792);
#4790 = CARTESIAN_POINT('',(89.19,-85.93,0.));
#4791 = DIRECTION('',(-0.,0.,-1.));
#4792 = DIRECTION('',(-0.,-1.,0.));
#4793 = FACE_BOUND('',#4794,.F.);
#4794 = EDGE_LOOP('',(#4795));
#4795 = ORIENTED_EDGE('',*,*,#4796,.T.);
#4796 = EDGE_CURVE('',#4797,#4797,#4799,.T.);
#4797 = VERTEX_POINT('',#4798);
#4798 = CARTESIAN_POINT('',(96.81,-86.355,0.));
#4799 = CIRCLE('',#4800,0.425);
#4800 = AXIS2_PLACEMENT_3D('',#4801,#4802,#4803);
#4801 = CARTESIAN_POINT('',(96.81,-85.93,0.));
#4802 = DIRECTION('',(-0.,0.,-1.));
#4803 = DIRECTION('',(-0.,-1.,0.));
#4804 = FACE_BOUND('',#4805,.F.);
#4805 = EDGE_LOOP('',(#4806));
#4806 = ORIENTED_EDGE('',*,*,#4807,.F.);
#4807 = EDGE_CURVE('',#4808,#4808,#4810,.T.);
#4808 = VERTEX_POINT('',#4809);
#4809 = CARTESIAN_POINT('',(103.3,-83.5,0.));
#4810 = CIRCLE('',#4811,1.3);
#4811 = AXIS2_PLACEMENT_3D('',#4812,#4813,#4814);
#4812 = CARTESIAN_POINT('',(102.,-83.5,0.));
#4813 = DIRECTION('',(0.,0.,1.));
#4814 = DIRECTION('',(1.,0.,-0.));
#4815 = FACE_BOUND('',#4816,.F.);
#4816 = EDGE_LOOP('',(#4817));
#4817 = ORIENTED_EDGE('',*,*,#4818,.T.);
#4818 = EDGE_CURVE('',#4819,#4819,#4821,.T.);
#4819 = VERTEX_POINT('',#4820);
#4820 = CARTESIAN_POINT('',(158.88,-98.6,0.));
#4821 = CIRCLE('',#4822,0.5);
#4822 = AXIS2_PLACEMENT_3D('',#4823,#4824,#4825);
#4823 = CARTESIAN_POINT('',(158.88,-98.1,0.));
#4824 = DIRECTION('',(-0.,0.,-1.));
#4825 = DIRECTION('',(-0.,-1.,0.));
#4826 = FACE_BOUND('',#4827,.F.);
#4827 = EDGE_LOOP('',(#4828));
#4828 = ORIENTED_EDGE('',*,*,#4829,.T.);
#4829 = EDGE_CURVE('',#4830,#4830,#4832,.T.);
#4830 = VERTEX_POINT('',#4831);
#4831 = CARTESIAN_POINT('',(161.42,-98.6,0.));
#4832 = CIRCLE('',#4833,0.5);
#4833 = AXIS2_PLACEMENT_3D('',#4834,#4835,#4836);
#4834 = CARTESIAN_POINT('',(161.42,-98.1,0.));
#4835 = DIRECTION('',(-0.,0.,-1.));
#4836 = DIRECTION('',(-0.,-1.,0.));
#4837 = FACE_BOUND('',#4838,.F.);
#4838 = EDGE_LOOP('',(#4839));
#4839 = ORIENTED_EDGE('',*,*,#4840,.T.);
#4840 = EDGE_CURVE('',#4841,#4841,#4843,.T.);
#4841 = VERTEX_POINT('',#4842);
#4842 = CARTESIAN_POINT('',(163.96,-98.6,0.));
#4843 = CIRCLE('',#4844,0.5);
#4844 = AXIS2_PLACEMENT_3D('',#4845,#4846,#4847);
#4845 = CARTESIAN_POINT('',(163.96,-98.1,0.));
#4846 = DIRECTION('',(-0.,0.,-1.));
#4847 = DIRECTION('',(-0.,-1.,0.));
#4848 = FACE_BOUND('',#4849,.F.);
#4849 = EDGE_LOOP('',(#4850));
#4850 = ORIENTED_EDGE('',*,*,#4851,.T.);
#4851 = EDGE_CURVE('',#4852,#4852,#4854,.T.);
#4852 = VERTEX_POINT('',#4853);
#4853 = CARTESIAN_POINT('',(166.5,-98.6,0.));
#4854 = CIRCLE('',#4855,0.5);
#4855 = AXIS2_PLACEMENT_3D('',#4856,#4857,#4858);
#4856 = CARTESIAN_POINT('',(166.5,-98.1,0.));
#4857 = DIRECTION('',(-0.,0.,-1.));
#4858 = DIRECTION('',(-0.,-1.,0.));
#4859 = FACE_BOUND('',#4860,.F.);
#4860 = EDGE_LOOP('',(#4861));
#4861 = ORIENTED_EDGE('',*,*,#4862,.T.);
#4862 = EDGE_CURVE('',#4863,#4863,#4865,.T.);
#4863 = VERTEX_POINT('',#4864);
#4864 = CARTESIAN_POINT('',(160.66,-86.388,0.));
#4865 = CIRCLE('',#4866,0.508);
#4866 = AXIS2_PLACEMENT_3D('',#4867,#4868,#4869);
#4867 = CARTESIAN_POINT('',(160.66,-85.88,0.));
#4868 = DIRECTION('',(-0.,0.,-1.));
#4869 = DIRECTION('',(-0.,-1.,0.));
#4870 = FACE_BOUND('',#4871,.F.);
#4871 = EDGE_LOOP('',(#4872));
#4872 = ORIENTED_EDGE('',*,*,#4873,.T.);
#4873 = EDGE_CURVE('',#4874,#4874,#4876,.T.);
#4874 = VERTEX_POINT('',#4875);
#4875 = CARTESIAN_POINT('',(165.74,-86.388,0.));
#4876 = CIRCLE('',#4877,0.508);
#4877 = AXIS2_PLACEMENT_3D('',#4878,#4879,#4880);
#4878 = CARTESIAN_POINT('',(165.74,-85.88,0.));
#4879 = DIRECTION('',(-0.,0.,-1.));
#4880 = DIRECTION('',(-0.,-1.,0.));
#4881 = FACE_BOUND('',#4882,.F.);
#4882 = EDGE_LOOP('',(#4883));
#4883 = ORIENTED_EDGE('',*,*,#4884,.F.);
#4884 = EDGE_CURVE('',#4885,#4885,#4887,.T.);
#4885 = VERTEX_POINT('',#4886);
#4886 = CARTESIAN_POINT('',(84.95,-74.5,0.));
#4887 = CIRCLE('',#4888,1.95);
#4888 = AXIS2_PLACEMENT_3D('',#4889,#4890,#4891);
#4889 = CARTESIAN_POINT('',(83.,-74.5,0.));
#4890 = DIRECTION('',(0.,0.,1.));
#4891 = DIRECTION('',(1.,0.,-0.));
#4892 = FACE_BOUND('',#4893,.F.);
#4893 = EDGE_LOOP('',(#4894));
#4894 = ORIENTED_EDGE('',*,*,#4895,.F.);
#4895 = EDGE_CURVE('',#4896,#4896,#4898,.T.);
#4896 = VERTEX_POINT('',#4897);
#4897 = CARTESIAN_POINT('',(103.3,-65.5,0.));
#4898 = CIRCLE('',#4899,1.3);
#4899 = AXIS2_PLACEMENT_3D('',#4900,#4901,#4902);
#4900 = CARTESIAN_POINT('',(102.,-65.5,0.));
#4901 = DIRECTION('',(0.,0.,1.));
#4902 = DIRECTION('',(1.,0.,-0.));
#4903 = FACE_BOUND('',#4904,.F.);
#4904 = EDGE_LOOP('',(#4905));
#4905 = ORIENTED_EDGE('',*,*,#4906,.T.);
#4906 = EDGE_CURVE('',#4907,#4907,#4909,.T.);
#4907 = VERTEX_POINT('',#4908);
#4908 = CARTESIAN_POINT('',(89.19,-63.495,0.));
#4909 = CIRCLE('',#4910,0.425);
#4910 = AXIS2_PLACEMENT_3D('',#4911,#4912,#4913);
#4911 = CARTESIAN_POINT('',(89.19,-63.07,0.));
#4912 = DIRECTION('',(-0.,0.,-1.));
#4913 = DIRECTION('',(-0.,-1.,0.));
#4914 = FACE_BOUND('',#4915,.F.);
#4915 = EDGE_LOOP('',(#4916));
#4916 = ORIENTED_EDGE('',*,*,#4917,.F.);
#4917 = EDGE_CURVE('',#4918,#4918,#4920,.T.);
#4918 = VERTEX_POINT('',#4919);
#4919 = CARTESIAN_POINT('',(93.95,-61.,0.));
#4920 = CIRCLE('',#4921,0.95);
#4921 = AXIS2_PLACEMENT_3D('',#4922,#4923,#4924);
#4922 = CARTESIAN_POINT('',(93.,-61.,0.));
#4923 = DIRECTION('',(0.,0.,1.));
#4924 = DIRECTION('',(1.,0.,-0.));
#4925 = FACE_BOUND('',#4926,.F.);
#4926 = EDGE_LOOP('',(#4927));
#4927 = ORIENTED_EDGE('',*,*,#4928,.T.);
#4928 = EDGE_CURVE('',#4929,#4929,#4931,.T.);
#4929 = VERTEX_POINT('',#4930);
#4930 = CARTESIAN_POINT('',(96.81,-63.495,0.));
#4931 = CIRCLE('',#4932,0.425);
#4932 = AXIS2_PLACEMENT_3D('',#4933,#4934,#4935);
#4933 = CARTESIAN_POINT('',(96.81,-63.07,0.));
#4934 = DIRECTION('',(-0.,0.,-1.));
#4935 = DIRECTION('',(-0.,-1.,0.));
#4936 = FACE_BOUND('',#4937,.F.);
#4937 = EDGE_LOOP('',(#4938));
#4938 = ORIENTED_EDGE('',*,*,#4939,.T.);
#4939 = EDGE_CURVE('',#4940,#4940,#4942,.T.);
#4940 = VERTEX_POINT('',#4941);
#4941 = CARTESIAN_POINT('',(155.58,-76.228,0.));
#4942 = CIRCLE('',#4943,0.508);
#4943 = AXIS2_PLACEMENT_3D('',#4944,#4945,#4946);
#4944 = CARTESIAN_POINT('',(155.58,-75.72,0.));
#4945 = DIRECTION('',(-0.,0.,-1.));
#4946 = DIRECTION('',(5.594824691024E-14,-1.,-0.));
#4947 = FACE_BOUND('',#4948,.F.);
#4948 = EDGE_LOOP('',(#4949));
#4949 = ORIENTED_EDGE('',*,*,#4950,.T.);
#4950 = EDGE_CURVE('',#4951,#4951,#4953,.T.);
#4951 = VERTEX_POINT('',#4952);
#4952 = CARTESIAN_POINT('',(170.82,-76.228,0.));
#4953 = CIRCLE('',#4954,0.508);
#4954 = AXIS2_PLACEMENT_3D('',#4955,#4956,#4957);
#4955 = CARTESIAN_POINT('',(170.82,-75.72,0.));
#4956 = DIRECTION('',(-0.,0.,-1.));
#4957 = DIRECTION('',(-0.,-1.,0.));
#4958 = FACE_BOUND('',#4959,.F.);
#4959 = EDGE_LOOP('',(#4960));
#4960 = ORIENTED_EDGE('',*,*,#4961,.T.);
#4961 = EDGE_CURVE('',#4962,#4962,#4964,.T.);
#4962 = VERTEX_POINT('',#4963);
#4963 = CARTESIAN_POINT('',(155.58,-73.688,0.));
#4964 = CIRCLE('',#4965,0.508);
#4965 = AXIS2_PLACEMENT_3D('',#4966,#4967,#4968);
#4966 = CARTESIAN_POINT('',(155.58,-73.18,0.));
#4967 = DIRECTION('',(-0.,0.,-1.));
#4968 = DIRECTION('',(5.594824691024E-14,-1.,-0.));
#4969 = FACE_BOUND('',#4970,.F.);
#4970 = EDGE_LOOP('',(#4971));
#4971 = ORIENTED_EDGE('',*,*,#4972,.T.);
#4972 = EDGE_CURVE('',#4973,#4973,#4975,.T.);
#4973 = VERTEX_POINT('',#4974);
#4974 = CARTESIAN_POINT('',(155.58,-71.148,0.));
#4975 = CIRCLE('',#4976,0.508);
#4976 = AXIS2_PLACEMENT_3D('',#4977,#4978,#4979);
#4977 = CARTESIAN_POINT('',(155.58,-70.64,0.));
#4978 = DIRECTION('',(-0.,0.,-1.));
#4979 = DIRECTION('',(5.594824691024E-14,-1.,-0.));
#4980 = FACE_BOUND('',#4981,.F.);
#4981 = EDGE_LOOP('',(#4982));
#4982 = ORIENTED_EDGE('',*,*,#4983,.T.);
#4983 = EDGE_CURVE('',#4984,#4984,#4986,.T.);
#4984 = VERTEX_POINT('',#4985);
#4985 = CARTESIAN_POINT('',(170.82,-73.688,0.));
#4986 = CIRCLE('',#4987,0.508);
#4987 = AXIS2_PLACEMENT_3D('',#4988,#4989,#4990);
#4988 = CARTESIAN_POINT('',(170.82,-73.18,0.));
#4989 = DIRECTION('',(-0.,0.,-1.));
#4990 = DIRECTION('',(-0.,-1.,0.));
#4991 = FACE_BOUND('',#4992,.F.);
#4992 = EDGE_LOOP('',(#4993));
#4993 = ORIENTED_EDGE('',*,*,#4994,.T.);
#4994 = EDGE_CURVE('',#4995,#4995,#4997,.T.);
#4995 = VERTEX_POINT('',#4996);
#4996 = CARTESIAN_POINT('',(170.82,-71.148,0.));
#4997 = CIRCLE('',#4998,0.508);
#4998 = AXIS2_PLACEMENT_3D('',#4999,#5000,#5001);
#4999 = CARTESIAN_POINT('',(170.82,-70.64,0.));
#5000 = DIRECTION('',(-0.,0.,-1.));
#5001 = DIRECTION('',(-0.,-1.,0.));
#5002 = FACE_BOUND('',#5003,.F.);
#5003 = EDGE_LOOP('',(#5004));
#5004 = ORIENTED_EDGE('',*,*,#5005,.T.);
#5005 = EDGE_CURVE('',#5006,#5006,#5008,.T.);
#5006 = VERTEX_POINT('',#5007);
#5007 = CARTESIAN_POINT('',(155.58,-68.608,0.));
#5008 = CIRCLE('',#5009,0.508);
#5009 = AXIS2_PLACEMENT_3D('',#5010,#5011,#5012);
#5010 = CARTESIAN_POINT('',(155.58,-68.1,0.));
#5011 = DIRECTION('',(-0.,0.,-1.));
#5012 = DIRECTION('',(5.594824691024E-14,-1.,-0.));
#5013 = FACE_BOUND('',#5014,.F.);
#5014 = EDGE_LOOP('',(#5015));
#5015 = ORIENTED_EDGE('',*,*,#5016,.T.);
#5016 = EDGE_CURVE('',#5017,#5017,#5019,.T.);
#5017 = VERTEX_POINT('',#5018);
#5018 = CARTESIAN_POINT('',(155.58,-66.068,0.));
#5019 = CIRCLE('',#5020,0.508);
#5020 = AXIS2_PLACEMENT_3D('',#5021,#5022,#5023);
#5021 = CARTESIAN_POINT('',(155.58,-65.56,0.));
#5022 = DIRECTION('',(-0.,0.,-1.));
#5023 = DIRECTION('',(5.594824691024E-14,-1.,-0.));
#5024 = FACE_BOUND('',#5025,.F.);
#5025 = EDGE_LOOP('',(#5026));
#5026 = ORIENTED_EDGE('',*,*,#5027,.T.);
#5027 = EDGE_CURVE('',#5028,#5028,#5030,.T.);
#5028 = VERTEX_POINT('',#5029);
#5029 = CARTESIAN_POINT('',(170.82,-68.608,0.));
#5030 = CIRCLE('',#5031,0.508);
#5031 = AXIS2_PLACEMENT_3D('',#5032,#5033,#5034);
#5032 = CARTESIAN_POINT('',(170.82,-68.1,0.));
#5033 = DIRECTION('',(-0.,0.,-1.));
#5034 = DIRECTION('',(-0.,-1.,0.));
#5035 = FACE_BOUND('',#5036,.F.);
#5036 = EDGE_LOOP('',(#5037));
#5037 = ORIENTED_EDGE('',*,*,#5038,.T.);
#5038 = EDGE_CURVE('',#5039,#5039,#5041,.T.);
#5039 = VERTEX_POINT('',#5040);
#5040 = CARTESIAN_POINT('',(170.82,-66.068,0.));
#5041 = CIRCLE('',#5042,0.508);
#5042 = AXIS2_PLACEMENT_3D('',#5043,#5044,#5045);
#5043 = CARTESIAN_POINT('',(170.82,-65.56,0.));
#5044 = DIRECTION('',(-0.,0.,-1.));
#5045 = DIRECTION('',(-0.,-1.,0.));
#5046 = FACE_BOUND('',#5047,.F.);
#5047 = EDGE_LOOP('',(#5048));
#5048 = ORIENTED_EDGE('',*,*,#5049,.T.);
#5049 = EDGE_CURVE('',#5050,#5050,#5052,.T.);
#5050 = VERTEX_POINT('',#5051);
#5051 = CARTESIAN_POINT('',(179.7,-65.94,0.));
#5052 = CIRCLE('',#5053,0.5);
#5053 = AXIS2_PLACEMENT_3D('',#5054,#5055,#5056);
#5054 = CARTESIAN_POINT('',(179.7,-65.44,0.));
#5055 = DIRECTION('',(-0.,0.,-1.));
#5056 = DIRECTION('',(-0.,-1.,0.));
#5057 = FACE_BOUND('',#5058,.F.);
#5058 = EDGE_LOOP('',(#5059));
#5059 = ORIENTED_EDGE('',*,*,#5060,.T.);
#5060 = EDGE_CURVE('',#5061,#5061,#5063,.T.);
#5061 = VERTEX_POINT('',#5062);
#5062 = CARTESIAN_POINT('',(155.58,-63.528,0.));
#5063 = CIRCLE('',#5064,0.508);
#5064 = AXIS2_PLACEMENT_3D('',#5065,#5066,#5067);
#5065 = CARTESIAN_POINT('',(155.58,-63.02,0.));
#5066 = DIRECTION('',(-0.,0.,-1.));
#5067 = DIRECTION('',(5.594824691024E-14,-1.,-0.));
#5068 = FACE_BOUND('',#5069,.F.);
#5069 = EDGE_LOOP('',(#5070));
#5070 = ORIENTED_EDGE('',*,*,#5071,.T.);
#5071 = EDGE_CURVE('',#5072,#5072,#5074,.T.);
#5072 = VERTEX_POINT('',#5073);
#5073 = CARTESIAN_POINT('',(155.58,-60.988,0.));
#5074 = CIRCLE('',#5075,0.508);
#5075 = AXIS2_PLACEMENT_3D('',#5076,#5077,#5078);
#5076 = CARTESIAN_POINT('',(155.58,-60.48,0.));
#5077 = DIRECTION('',(-0.,0.,-1.));
#5078 = DIRECTION('',(5.594824691024E-14,-1.,-0.));
#5079 = FACE_BOUND('',#5080,.F.);
#5080 = EDGE_LOOP('',(#5081));
#5081 = ORIENTED_EDGE('',*,*,#5082,.T.);
#5082 = EDGE_CURVE('',#5083,#5083,#5085,.T.);
#5083 = VERTEX_POINT('',#5084);
#5084 = CARTESIAN_POINT('',(170.82,-63.528,0.));
#5085 = CIRCLE('',#5086,0.508);
#5086 = AXIS2_PLACEMENT_3D('',#5087,#5088,#5089);
#5087 = CARTESIAN_POINT('',(170.82,-63.02,0.));
#5088 = DIRECTION('',(-0.,0.,-1.));
#5089 = DIRECTION('',(-0.,-1.,0.));
#5090 = FACE_BOUND('',#5091,.F.);
#5091 = EDGE_LOOP('',(#5092));
#5092 = ORIENTED_EDGE('',*,*,#5093,.T.);
#5093 = EDGE_CURVE('',#5094,#5094,#5096,.T.);
#5094 = VERTEX_POINT('',#5095);
#5095 = CARTESIAN_POINT('',(179.7,-63.4,0.));
#5096 = CIRCLE('',#5097,0.5);
#5097 = AXIS2_PLACEMENT_3D('',#5098,#5099,#5100);
#5098 = CARTESIAN_POINT('',(179.7,-62.9,0.));
#5099 = DIRECTION('',(-0.,0.,-1.));
#5100 = DIRECTION('',(-0.,-1.,0.));
#5101 = FACE_BOUND('',#5102,.F.);
#5102 = EDGE_LOOP('',(#5103));
#5103 = ORIENTED_EDGE('',*,*,#5104,.T.);
#5104 = EDGE_CURVE('',#5105,#5105,#5107,.T.);
#5105 = VERTEX_POINT('',#5106);
#5106 = CARTESIAN_POINT('',(170.82,-60.988,0.));
#5107 = CIRCLE('',#5108,0.508);
#5108 = AXIS2_PLACEMENT_3D('',#5109,#5110,#5111);
#5109 = CARTESIAN_POINT('',(170.82,-60.48,0.));
#5110 = DIRECTION('',(-0.,0.,-1.));
#5111 = DIRECTION('',(-0.,-1.,0.));
#5112 = PLANE('',#5113);
#5113 = AXIS2_PLACEMENT_3D('',#5114,#5115,#5116);
#5114 = CARTESIAN_POINT('',(0.,0.,0.));
#5115 = DIRECTION('',(0.,0.,1.));
#5116 = DIRECTION('',(1.,0.,-0.));
#5117 = ADVANCED_FACE('',(#5118,#5164,#5175,#5186,#5197,#5208,#5219,
    #5230,#5241,#5252,#5263,#5274,#5285,#5296,#5307,#5318,#5329,#5340,
    #5351,#5362,#5373,#5384,#5395,#5406,#5417,#5428,#5439,#5450,#5461,
    #5472,#5483,#5494),#5505,.T.);
#5118 = FACE_BOUND('',#5119,.T.);
#5119 = EDGE_LOOP('',(#5120,#5121,#5122,#5131,#5139,#5148,#5156,#5163));
#5120 = ORIENTED_EDGE('',*,*,#4634,.F.);
#5121 = ORIENTED_EDGE('',*,*,#4676,.F.);
#5122 = ORIENTED_EDGE('',*,*,#5123,.F.);
#5123 = EDGE_CURVE('',#5124,#4669,#5126,.T.);
#5124 = VERTEX_POINT('',#5125);
#5125 = CARTESIAN_POINT('',(60.05,-50.45,1.51));
#5126 = CIRCLE('',#5127,3.000001172987);
#5127 = AXIS2_PLACEMENT_3D('',#5128,#5129,#5130);
#5128 = CARTESIAN_POINT('',(63.050001172987,-50.45000117298,1.51));
#5129 = DIRECTION('',(0.,0.,-1.));
#5130 = DIRECTION('',(-1.,3.909953616065E-07,0.));
#5131 = ORIENTED_EDGE('',*,*,#5132,.F.);
#5132 = EDGE_CURVE('',#5133,#5124,#5135,.T.);
#5133 = VERTEX_POINT('',#5134);
#5134 = CARTESIAN_POINT('',(60.05,-131.75,1.51));
#5135 = LINE('',#5136,#5137);
#5136 = CARTESIAN_POINT('',(60.05,-131.75,1.51));
#5137 = VECTOR('',#5138,1.);
#5138 = DIRECTION('',(0.,1.,0.));
#5139 = ORIENTED_EDGE('',*,*,#5140,.F.);
#5140 = EDGE_CURVE('',#5141,#5133,#5143,.T.);
#5141 = VERTEX_POINT('',#5142);
#5142 = CARTESIAN_POINT('',(63.05,-134.75,1.51));
#5143 = CIRCLE('',#5144,3.000001172987);
#5144 = AXIS2_PLACEMENT_3D('',#5145,#5146,#5147);
#5145 = CARTESIAN_POINT('',(63.050001172987,-131.749998827,1.51));
#5146 = DIRECTION('',(0.,0.,-1.));
#5147 = DIRECTION('',(-3.909953663434E-07,-1.,-0.));
#5148 = ORIENTED_EDGE('',*,*,#5149,.F.);
#5149 = EDGE_CURVE('',#5150,#5141,#5152,.T.);
#5150 = VERTEX_POINT('',#5151);
#5151 = CARTESIAN_POINT('',(226.15,-134.75,1.51));
#5152 = LINE('',#5153,#5154);
#5153 = CARTESIAN_POINT('',(226.15,-134.75,1.51));
#5154 = VECTOR('',#5155,1.);
#5155 = DIRECTION('',(-1.,0.,0.));
#5156 = ORIENTED_EDGE('',*,*,#5157,.F.);
#5157 = EDGE_CURVE('',#4699,#5150,#5158,.T.);
#5158 = CIRCLE('',#5159,3.000001172987);
#5159 = AXIS2_PLACEMENT_3D('',#5160,#5161,#5162);
#5160 = CARTESIAN_POINT('',(226.14999882701,-131.749998827,1.51));
#5161 = DIRECTION('',(0.,0.,-1.));
#5162 = DIRECTION('',(1.,-3.909953710804E-07,0.));
#5163 = ORIENTED_EDGE('',*,*,#4698,.F.);
#5164 = FACE_BOUND('',#5165,.T.);
#5165 = EDGE_LOOP('',(#5166));
#5166 = ORIENTED_EDGE('',*,*,#5167,.F.);
#5167 = EDGE_CURVE('',#5168,#5168,#5170,.T.);
#5168 = VERTEX_POINT('',#5169);
#5169 = CARTESIAN_POINT('',(93.95,-88.,1.51));
#5170 = CIRCLE('',#5171,0.95);
#5171 = AXIS2_PLACEMENT_3D('',#5172,#5173,#5174);
#5172 = CARTESIAN_POINT('',(93.,-88.,1.51));
#5173 = DIRECTION('',(0.,0.,1.));
#5174 = DIRECTION('',(1.,0.,-0.));
#5175 = FACE_BOUND('',#5176,.T.);
#5176 = EDGE_LOOP('',(#5177));
#5177 = ORIENTED_EDGE('',*,*,#5178,.T.);
#5178 = EDGE_CURVE('',#5179,#5179,#5181,.T.);
#5179 = VERTEX_POINT('',#5180);
#5180 = CARTESIAN_POINT('',(89.19,-86.355,1.51));
#5181 = CIRCLE('',#5182,0.425);
#5182 = AXIS2_PLACEMENT_3D('',#5183,#5184,#5185);
#5183 = CARTESIAN_POINT('',(89.19,-85.93,1.51));
#5184 = DIRECTION('',(-0.,0.,-1.));
#5185 = DIRECTION('',(-0.,-1.,0.));
#5186 = FACE_BOUND('',#5187,.T.);
#5187 = EDGE_LOOP('',(#5188));
#5188 = ORIENTED_EDGE('',*,*,#5189,.T.);
#5189 = EDGE_CURVE('',#5190,#5190,#5192,.T.);
#5190 = VERTEX_POINT('',#5191);
#5191 = CARTESIAN_POINT('',(96.81,-86.355,1.51));
#5192 = CIRCLE('',#5193,0.425);
#5193 = AXIS2_PLACEMENT_3D('',#5194,#5195,#5196);
#5194 = CARTESIAN_POINT('',(96.81,-85.93,1.51));
#5195 = DIRECTION('',(-0.,0.,-1.));
#5196 = DIRECTION('',(-0.,-1.,0.));
#5197 = FACE_BOUND('',#5198,.T.);
#5198 = EDGE_LOOP('',(#5199));
#5199 = ORIENTED_EDGE('',*,*,#5200,.F.);
#5200 = EDGE_CURVE('',#5201,#5201,#5203,.T.);
#5201 = VERTEX_POINT('',#5202);
#5202 = CARTESIAN_POINT('',(103.3,-83.5,1.51));
#5203 = CIRCLE('',#5204,1.3);
#5204 = AXIS2_PLACEMENT_3D('',#5205,#5206,#5207);
#5205 = CARTESIAN_POINT('',(102.,-83.5,1.51));
#5206 = DIRECTION('',(0.,0.,1.));
#5207 = DIRECTION('',(1.,0.,-0.));
#5208 = FACE_BOUND('',#5209,.T.);
#5209 = EDGE_LOOP('',(#5210));
#5210 = ORIENTED_EDGE('',*,*,#5211,.T.);
#5211 = EDGE_CURVE('',#5212,#5212,#5214,.T.);
#5212 = VERTEX_POINT('',#5213);
#5213 = CARTESIAN_POINT('',(158.88,-98.6,1.51));
#5214 = CIRCLE('',#5215,0.5);
#5215 = AXIS2_PLACEMENT_3D('',#5216,#5217,#5218);
#5216 = CARTESIAN_POINT('',(158.88,-98.1,1.51));
#5217 = DIRECTION('',(-0.,0.,-1.));
#5218 = DIRECTION('',(-0.,-1.,0.));
#5219 = FACE_BOUND('',#5220,.T.);
#5220 = EDGE_LOOP('',(#5221));
#5221 = ORIENTED_EDGE('',*,*,#5222,.T.);
#5222 = EDGE_CURVE('',#5223,#5223,#5225,.T.);
#5223 = VERTEX_POINT('',#5224);
#5224 = CARTESIAN_POINT('',(161.42,-98.6,1.51));
#5225 = CIRCLE('',#5226,0.5);
#5226 = AXIS2_PLACEMENT_3D('',#5227,#5228,#5229);
#5227 = CARTESIAN_POINT('',(161.42,-98.1,1.51));
#5228 = DIRECTION('',(-0.,0.,-1.));
#5229 = DIRECTION('',(-0.,-1.,0.));
#5230 = FACE_BOUND('',#5231,.T.);
#5231 = EDGE_LOOP('',(#5232));
#5232 = ORIENTED_EDGE('',*,*,#5233,.T.);
#5233 = EDGE_CURVE('',#5234,#5234,#5236,.T.);
#5234 = VERTEX_POINT('',#5235);
#5235 = CARTESIAN_POINT('',(163.96,-98.6,1.51));
#5236 = CIRCLE('',#5237,0.5);
#5237 = AXIS2_PLACEMENT_3D('',#5238,#5239,#5240);
#5238 = CARTESIAN_POINT('',(163.96,-98.1,1.51));
#5239 = DIRECTION('',(-0.,0.,-1.));
#5240 = DIRECTION('',(-0.,-1.,0.));
#5241 = FACE_BOUND('',#5242,.T.);
#5242 = EDGE_LOOP('',(#5243));
#5243 = ORIENTED_EDGE('',*,*,#5244,.T.);
#5244 = EDGE_CURVE('',#5245,#5245,#5247,.T.);
#5245 = VERTEX_POINT('',#5246);
#5246 = CARTESIAN_POINT('',(166.5,-98.6,1.51));
#5247 = CIRCLE('',#5248,0.5);
#5248 = AXIS2_PLACEMENT_3D('',#5249,#5250,#5251);
#5249 = CARTESIAN_POINT('',(166.5,-98.1,1.51));
#5250 = DIRECTION('',(-0.,0.,-1.));
#5251 = DIRECTION('',(-0.,-1.,0.));
#5252 = FACE_BOUND('',#5253,.T.);
#5253 = EDGE_LOOP('',(#5254));
#5254 = ORIENTED_EDGE('',*,*,#5255,.T.);
#5255 = EDGE_CURVE('',#5256,#5256,#5258,.T.);
#5256 = VERTEX_POINT('',#5257);
#5257 = CARTESIAN_POINT('',(160.66,-86.388,1.51));
#5258 = CIRCLE('',#5259,0.508);
#5259 = AXIS2_PLACEMENT_3D('',#5260,#5261,#5262);
#5260 = CARTESIAN_POINT('',(160.66,-85.88,1.51));
#5261 = DIRECTION('',(-0.,0.,-1.));
#5262 = DIRECTION('',(-0.,-1.,0.));
#5263 = FACE_BOUND('',#5264,.T.);
#5264 = EDGE_LOOP('',(#5265));
#5265 = ORIENTED_EDGE('',*,*,#5266,.T.);
#5266 = EDGE_CURVE('',#5267,#5267,#5269,.T.);
#5267 = VERTEX_POINT('',#5268);
#5268 = CARTESIAN_POINT('',(165.74,-86.388,1.51));
#5269 = CIRCLE('',#5270,0.508);
#5270 = AXIS2_PLACEMENT_3D('',#5271,#5272,#5273);
#5271 = CARTESIAN_POINT('',(165.74,-85.88,1.51));
#5272 = DIRECTION('',(-0.,0.,-1.));
#5273 = DIRECTION('',(-0.,-1.,0.));
#5274 = FACE_BOUND('',#5275,.T.);
#5275 = EDGE_LOOP('',(#5276));
#5276 = ORIENTED_EDGE('',*,*,#5277,.F.);
#5277 = EDGE_CURVE('',#5278,#5278,#5280,.T.);
#5278 = VERTEX_POINT('',#5279);
#5279 = CARTESIAN_POINT('',(84.95,-74.5,1.51));
#5280 = CIRCLE('',#5281,1.95);
#5281 = AXIS2_PLACEMENT_3D('',#5282,#5283,#5284);
#5282 = CARTESIAN_POINT('',(83.,-74.5,1.51));
#5283 = DIRECTION('',(0.,0.,1.));
#5284 = DIRECTION('',(1.,0.,-0.));
#5285 = FACE_BOUND('',#5286,.T.);
#5286 = EDGE_LOOP('',(#5287));
#5287 = ORIENTED_EDGE('',*,*,#5288,.F.);
#5288 = EDGE_CURVE('',#5289,#5289,#5291,.T.);
#5289 = VERTEX_POINT('',#5290);
#5290 = CARTESIAN_POINT('',(103.3,-65.5,1.51));
#5291 = CIRCLE('',#5292,1.3);
#5292 = AXIS2_PLACEMENT_3D('',#5293,#5294,#5295);
#5293 = CARTESIAN_POINT('',(102.,-65.5,1.51));
#5294 = DIRECTION('',(0.,0.,1.));
#5295 = DIRECTION('',(1.,0.,-0.));
#5296 = FACE_BOUND('',#5297,.T.);
#5297 = EDGE_LOOP('',(#5298));
#5298 = ORIENTED_EDGE('',*,*,#5299,.T.);
#5299 = EDGE_CURVE('',#5300,#5300,#5302,.T.);
#5300 = VERTEX_POINT('',#5301);
#5301 = CARTESIAN_POINT('',(89.19,-63.495,1.51));
#5302 = CIRCLE('',#5303,0.425);
#5303 = AXIS2_PLACEMENT_3D('',#5304,#5305,#5306);
#5304 = CARTESIAN_POINT('',(89.19,-63.07,1.51));
#5305 = DIRECTION('',(-0.,0.,-1.));
#5306 = DIRECTION('',(-0.,-1.,0.));
#5307 = FACE_BOUND('',#5308,.T.);
#5308 = EDGE_LOOP('',(#5309));
#5309 = ORIENTED_EDGE('',*,*,#5310,.F.);
#5310 = EDGE_CURVE('',#5311,#5311,#5313,.T.);
#5311 = VERTEX_POINT('',#5312);
#5312 = CARTESIAN_POINT('',(93.95,-61.,1.51));
#5313 = CIRCLE('',#5314,0.95);
#5314 = AXIS2_PLACEMENT_3D('',#5315,#5316,#5317);
#5315 = CARTESIAN_POINT('',(93.,-61.,1.51));
#5316 = DIRECTION('',(0.,0.,1.));
#5317 = DIRECTION('',(1.,0.,-0.));
#5318 = FACE_BOUND('',#5319,.T.);
#5319 = EDGE_LOOP('',(#5320));
#5320 = ORIENTED_EDGE('',*,*,#5321,.T.);
#5321 = EDGE_CURVE('',#5322,#5322,#5324,.T.);
#5322 = VERTEX_POINT('',#5323);
#5323 = CARTESIAN_POINT('',(96.81,-63.495,1.51));
#5324 = CIRCLE('',#5325,0.425);
#5325 = AXIS2_PLACEMENT_3D('',#5326,#5327,#5328);
#5326 = CARTESIAN_POINT('',(96.81,-63.07,1.51));
#5327 = DIRECTION('',(-0.,0.,-1.));
#5328 = DIRECTION('',(-0.,-1.,0.));
#5329 = FACE_BOUND('',#5330,.T.);
#5330 = EDGE_LOOP('',(#5331));
#5331 = ORIENTED_EDGE('',*,*,#5332,.T.);
#5332 = EDGE_CURVE('',#5333,#5333,#5335,.T.);
#5333 = VERTEX_POINT('',#5334);
#5334 = CARTESIAN_POINT('',(155.58,-76.228,1.51));
#5335 = CIRCLE('',#5336,0.508);
#5336 = AXIS2_PLACEMENT_3D('',#5337,#5338,#5339);
#5337 = CARTESIAN_POINT('',(155.58,-75.72,1.51));
#5338 = DIRECTION('',(-0.,0.,-1.));
#5339 = DIRECTION('',(5.594824691024E-14,-1.,-0.));
#5340 = FACE_BOUND('',#5341,.T.);
#5341 = EDGE_LOOP('',(#5342));
#5342 = ORIENTED_EDGE('',*,*,#5343,.T.);
#5343 = EDGE_CURVE('',#5344,#5344,#5346,.T.);
#5344 = VERTEX_POINT('',#5345);
#5345 = CARTESIAN_POINT('',(170.82,-76.228,1.51));
#5346 = CIRCLE('',#5347,0.508);
#5347 = AXIS2_PLACEMENT_3D('',#5348,#5349,#5350);
#5348 = CARTESIAN_POINT('',(170.82,-75.72,1.51));
#5349 = DIRECTION('',(-0.,0.,-1.));
#5350 = DIRECTION('',(-0.,-1.,0.));
#5351 = FACE_BOUND('',#5352,.T.);
#5352 = EDGE_LOOP('',(#5353));
#5353 = ORIENTED_EDGE('',*,*,#5354,.T.);
#5354 = EDGE_CURVE('',#5355,#5355,#5357,.T.);
#5355 = VERTEX_POINT('',#5356);
#5356 = CARTESIAN_POINT('',(155.58,-73.688,1.51));
#5357 = CIRCLE('',#5358,0.508);
#5358 = AXIS2_PLACEMENT_3D('',#5359,#5360,#5361);
#5359 = CARTESIAN_POINT('',(155.58,-73.18,1.51));
#5360 = DIRECTION('',(-0.,0.,-1.));
#5361 = DIRECTION('',(5.594824691024E-14,-1.,-0.));
#5362 = FACE_BOUND('',#5363,.T.);
#5363 = EDGE_LOOP('',(#5364));
#5364 = ORIENTED_EDGE('',*,*,#5365,.T.);
#5365 = EDGE_CURVE('',#5366,#5366,#5368,.T.);
#5366 = VERTEX_POINT('',#5367);
#5367 = CARTESIAN_POINT('',(155.58,-71.148,1.51));
#5368 = CIRCLE('',#5369,0.508);
#5369 = AXIS2_PLACEMENT_3D('',#5370,#5371,#5372);
#5370 = CARTESIAN_POINT('',(155.58,-70.64,1.51));
#5371 = DIRECTION('',(-0.,0.,-1.));
#5372 = DIRECTION('',(5.594824691024E-14,-1.,-0.));
#5373 = FACE_BOUND('',#5374,.T.);
#5374 = EDGE_LOOP('',(#5375));
#5375 = ORIENTED_EDGE('',*,*,#5376,.T.);
#5376 = EDGE_CURVE('',#5377,#5377,#5379,.T.);
#5377 = VERTEX_POINT('',#5378);
#5378 = CARTESIAN_POINT('',(170.82,-73.688,1.51));
#5379 = CIRCLE('',#5380,0.508);
#5380 = AXIS2_PLACEMENT_3D('',#5381,#5382,#5383);
#5381 = CARTESIAN_POINT('',(170.82,-73.18,1.51));
#5382 = DIRECTION('',(-0.,0.,-1.));
#5383 = DIRECTION('',(-0.,-1.,0.));
#5384 = FACE_BOUND('',#5385,.T.);
#5385 = EDGE_LOOP('',(#5386));
#5386 = ORIENTED_EDGE('',*,*,#5387,.T.);
#5387 = EDGE_CURVE('',#5388,#5388,#5390,.T.);
#5388 = VERTEX_POINT('',#5389);
#5389 = CARTESIAN_POINT('',(170.82,-71.148,1.51));
#5390 = CIRCLE('',#5391,0.508);
#5391 = AXIS2_PLACEMENT_3D('',#5392,#5393,#5394);
#5392 = CARTESIAN_POINT('',(170.82,-70.64,1.51));
#5393 = DIRECTION('',(-0.,0.,-1.));
#5394 = DIRECTION('',(-0.,-1.,0.));
#5395 = FACE_BOUND('',#5396,.T.);
#5396 = EDGE_LOOP('',(#5397));
#5397 = ORIENTED_EDGE('',*,*,#5398,.T.);
#5398 = EDGE_CURVE('',#5399,#5399,#5401,.T.);
#5399 = VERTEX_POINT('',#5400);
#5400 = CARTESIAN_POINT('',(155.58,-68.608,1.51));
#5401 = CIRCLE('',#5402,0.508);
#5402 = AXIS2_PLACEMENT_3D('',#5403,#5404,#5405);
#5403 = CARTESIAN_POINT('',(155.58,-68.1,1.51));
#5404 = DIRECTION('',(-0.,0.,-1.));
#5405 = DIRECTION('',(5.594824691024E-14,-1.,-0.));
#5406 = FACE_BOUND('',#5407,.T.);
#5407 = EDGE_LOOP('',(#5408));
#5408 = ORIENTED_EDGE('',*,*,#5409,.T.);
#5409 = EDGE_CURVE('',#5410,#5410,#5412,.T.);
#5410 = VERTEX_POINT('',#5411);
#5411 = CARTESIAN_POINT('',(155.58,-66.068,1.51));
#5412 = CIRCLE('',#5413,0.508);
#5413 = AXIS2_PLACEMENT_3D('',#5414,#5415,#5416);
#5414 = CARTESIAN_POINT('',(155.58,-65.56,1.51));
#5415 = DIRECTION('',(-0.,0.,-1.));
#5416 = DIRECTION('',(5.594824691024E-14,-1.,-0.));
#5417 = FACE_BOUND('',#5418,.T.);
#5418 = EDGE_LOOP('',(#5419));
#5419 = ORIENTED_EDGE('',*,*,#5420,.T.);
#5420 = EDGE_CURVE('',#5421,#5421,#5423,.T.);
#5421 = VERTEX_POINT('',#5422);
#5422 = CARTESIAN_POINT('',(170.82,-68.608,1.51));
#5423 = CIRCLE('',#5424,0.508);
#5424 = AXIS2_PLACEMENT_3D('',#5425,#5426,#5427);
#5425 = CARTESIAN_POINT('',(170.82,-68.1,1.51));
#5426 = DIRECTION('',(-0.,0.,-1.));
#5427 = DIRECTION('',(-0.,-1.,0.));
#5428 = FACE_BOUND('',#5429,.T.);
#5429 = EDGE_LOOP('',(#5430));
#5430 = ORIENTED_EDGE('',*,*,#5431,.T.);
#5431 = EDGE_CURVE('',#5432,#5432,#5434,.T.);
#5432 = VERTEX_POINT('',#5433);
#5433 = CARTESIAN_POINT('',(170.82,-66.068,1.51));
#5434 = CIRCLE('',#5435,0.508);
#5435 = AXIS2_PLACEMENT_3D('',#5436,#5437,#5438);
#5436 = CARTESIAN_POINT('',(170.82,-65.56,1.51));
#5437 = DIRECTION('',(-0.,0.,-1.));
#5438 = DIRECTION('',(-0.,-1.,0.));
#5439 = FACE_BOUND('',#5440,.T.);
#5440 = EDGE_LOOP('',(#5441));
#5441 = ORIENTED_EDGE('',*,*,#5442,.T.);
#5442 = EDGE_CURVE('',#5443,#5443,#5445,.T.);
#5443 = VERTEX_POINT('',#5444);
#5444 = CARTESIAN_POINT('',(179.7,-65.94,1.51));
#5445 = CIRCLE('',#5446,0.5);
#5446 = AXIS2_PLACEMENT_3D('',#5447,#5448,#5449);
#5447 = CARTESIAN_POINT('',(179.7,-65.44,1.51));
#5448 = DIRECTION('',(-0.,0.,-1.));
#5449 = DIRECTION('',(-0.,-1.,0.));
#5450 = FACE_BOUND('',#5451,.T.);
#5451 = EDGE_LOOP('',(#5452));
#5452 = ORIENTED_EDGE('',*,*,#5453,.T.);
#5453 = EDGE_CURVE('',#5454,#5454,#5456,.T.);
#5454 = VERTEX_POINT('',#5455);
#5455 = CARTESIAN_POINT('',(155.58,-63.528,1.51));
#5456 = CIRCLE('',#5457,0.508);
#5457 = AXIS2_PLACEMENT_3D('',#5458,#5459,#5460);
#5458 = CARTESIAN_POINT('',(155.58,-63.02,1.51));
#5459 = DIRECTION('',(-0.,0.,-1.));
#5460 = DIRECTION('',(5.594824691024E-14,-1.,-0.));
#5461 = FACE_BOUND('',#5462,.T.);
#5462 = EDGE_LOOP('',(#5463));
#5463 = ORIENTED_EDGE('',*,*,#5464,.T.);
#5464 = EDGE_CURVE('',#5465,#5465,#5467,.T.);
#5465 = VERTEX_POINT('',#5466);
#5466 = CARTESIAN_POINT('',(155.58,-60.988,1.51));
#5467 = CIRCLE('',#5468,0.508);
#5468 = AXIS2_PLACEMENT_3D('',#5469,#5470,#5471);
#5469 = CARTESIAN_POINT('',(155.58,-60.48,1.51));
#5470 = DIRECTION('',(-0.,0.,-1.));
#5471 = DIRECTION('',(5.594824691024E-14,-1.,-0.));
#5472 = FACE_BOUND('',#5473,.T.);
#5473 = EDGE_LOOP('',(#5474));
#5474 = ORIENTED_EDGE('',*,*,#5475,.T.);
#5475 = EDGE_CURVE('',#5476,#5476,#5478,.T.);
#5476 = VERTEX_POINT('',#5477);
#5477 = CARTESIAN_POINT('',(170.82,-63.528,1.51));
#5478 = CIRCLE('',#5479,0.508);
#5479 = AXIS2_PLACEMENT_3D('',#5480,#5481,#5482);
#5480 = CARTESIAN_POINT('',(170.82,-63.02,1.51));
#5481 = DIRECTION('',(-0.,0.,-1.));
#5482 = DIRECTION('',(-0.,-1.,0.));
#5483 = FACE_BOUND('',#5484,.T.);
#5484 = EDGE_LOOP('',(#5485));
#5485 = ORIENTED_EDGE('',*,*,#5486,.T.);
#5486 = EDGE_CURVE('',#5487,#5487,#5489,.T.);
#5487 = VERTEX_POINT('',#5488);
#5488 = CARTESIAN_POINT('',(179.7,-63.4,1.51));
#5489 = CIRCLE('',#5490,0.5);
#5490 = AXIS2_PLACEMENT_3D('',#5491,#5492,#5493);
#5491 = CARTESIAN_POINT('',(179.7,-62.9,1.51));
#5492 = DIRECTION('',(-0.,0.,-1.));
#5493 = DIRECTION('',(-0.,-1.,0.));
#5494 = FACE_BOUND('',#5495,.T.);
#5495 = EDGE_LOOP('',(#5496));
#5496 = ORIENTED_EDGE('',*,*,#5497,.T.);
#5497 = EDGE_CURVE('',#5498,#5498,#5500,.T.);
#5498 = VERTEX_POINT('',#5499);
#5499 = CARTESIAN_POINT('',(170.82,-60.988,1.51));
#5500 = CIRCLE('',#5501,0.508);
#5501 = AXIS2_PLACEMENT_3D('',#5502,#5503,#5504);
#5502 = CARTESIAN_POINT('',(170.82,-60.48,1.51));
#5503 = DIRECTION('',(-0.,0.,-1.));
#5504 = DIRECTION('',(-0.,-1.,0.));
#5505 = PLANE('',#5506);
#5506 = AXIS2_PLACEMENT_3D('',#5507,#5508,#5509);
#5507 = CARTESIAN_POINT('',(0.,0.,1.51));
#5508 = DIRECTION('',(0.,0.,1.));
#5509 = DIRECTION('',(1.,0.,-0.));
#5510 = ADVANCED_FACE('',(#5511),#5522,.T.);
#5511 = FACE_BOUND('',#5512,.T.);
#5512 = EDGE_LOOP('',(#5513,#5519,#5520,#5521));
#5513 = ORIENTED_EDGE('',*,*,#5514,.T.);
#5514 = EDGE_CURVE('',#4731,#5124,#5515,.T.);
#5515 = LINE('',#5516,#5517);
#5516 = CARTESIAN_POINT('',(60.05,-50.45,0.));
#5517 = VECTOR('',#5518,1.);
#5518 = DIRECTION('',(0.,0.,1.));
#5519 = ORIENTED_EDGE('',*,*,#5123,.T.);
#5520 = ORIENTED_EDGE('',*,*,#4666,.F.);
#5521 = ORIENTED_EDGE('',*,*,#4730,.F.);
#5522 = CYLINDRICAL_SURFACE('',#5523,3.000001172987);
#5523 = AXIS2_PLACEMENT_3D('',#5524,#5525,#5526);
#5524 = CARTESIAN_POINT('',(63.050001172987,-50.45000117298,0.));
#5525 = DIRECTION('',(0.,0.,-1.));
#5526 = DIRECTION('',(-1.,3.909953616065E-07,0.));
#5527 = ADVANCED_FACE('',(#5528),#5539,.T.);
#5528 = FACE_BOUND('',#5529,.T.);
#5529 = EDGE_LOOP('',(#5530,#5531,#5532,#5538));
#5530 = ORIENTED_EDGE('',*,*,#4706,.T.);
#5531 = ORIENTED_EDGE('',*,*,#5157,.T.);
#5532 = ORIENTED_EDGE('',*,*,#5533,.F.);
#5533 = EDGE_CURVE('',#4757,#5150,#5534,.T.);
#5534 = LINE('',#5535,#5536);
#5535 = CARTESIAN_POINT('',(226.15,-134.75,0.));
#5536 = VECTOR('',#5537,1.);
#5537 = DIRECTION('',(0.,0.,1.));
#5538 = ORIENTED_EDGE('',*,*,#4764,.F.);
#5539 = CYLINDRICAL_SURFACE('',#5540,3.000001172987);
#5540 = AXIS2_PLACEMENT_3D('',#5541,#5542,#5543);
#5541 = CARTESIAN_POINT('',(226.14999882701,-131.749998827,0.));
#5542 = DIRECTION('',(0.,0.,-1.));
#5543 = DIRECTION('',(1.,-3.909953710804E-07,0.));
#5544 = ADVANCED_FACE('',(#5545),#5556,.T.);
#5545 = FACE_BOUND('',#5546,.T.);
#5546 = EDGE_LOOP('',(#5547,#5553,#5554,#5555));
#5547 = ORIENTED_EDGE('',*,*,#5548,.T.);
#5548 = EDGE_CURVE('',#4740,#5133,#5549,.T.);
#5549 = LINE('',#5550,#5551);
#5550 = CARTESIAN_POINT('',(60.05,-131.75,0.));
#5551 = VECTOR('',#5552,1.);
#5552 = DIRECTION('',(0.,0.,1.));
#5553 = ORIENTED_EDGE('',*,*,#5132,.T.);
#5554 = ORIENTED_EDGE('',*,*,#5514,.F.);
#5555 = ORIENTED_EDGE('',*,*,#4739,.F.);
#5556 = PLANE('',#5557);
#5557 = AXIS2_PLACEMENT_3D('',#5558,#5559,#5560);
#5558 = CARTESIAN_POINT('',(60.05,-131.75,0.));
#5559 = DIRECTION('',(-1.,0.,0.));
#5560 = DIRECTION('',(0.,1.,0.));
#5561 = ADVANCED_FACE('',(#5562),#5573,.T.);
#5562 = FACE_BOUND('',#5563,.T.);
#5563 = EDGE_LOOP('',(#5564,#5565,#5566,#5572));
#5564 = ORIENTED_EDGE('',*,*,#5533,.T.);
#5565 = ORIENTED_EDGE('',*,*,#5149,.T.);
#5566 = ORIENTED_EDGE('',*,*,#5567,.F.);
#5567 = EDGE_CURVE('',#4748,#5141,#5568,.T.);
#5568 = LINE('',#5569,#5570);
#5569 = CARTESIAN_POINT('',(63.05,-134.75,0.));
#5570 = VECTOR('',#5571,1.);
#5571 = DIRECTION('',(0.,0.,1.));
#5572 = ORIENTED_EDGE('',*,*,#4756,.F.);
#5573 = PLANE('',#5574);
#5574 = AXIS2_PLACEMENT_3D('',#5575,#5576,#5577);
#5575 = CARTESIAN_POINT('',(226.15,-134.75,0.));
#5576 = DIRECTION('',(0.,-1.,0.));
#5577 = DIRECTION('',(-1.,0.,0.));
#5578 = ADVANCED_FACE('',(#5579),#5585,.T.);
#5579 = FACE_BOUND('',#5580,.T.);
#5580 = EDGE_LOOP('',(#5581,#5582,#5583,#5584));
#5581 = ORIENTED_EDGE('',*,*,#5567,.T.);
#5582 = ORIENTED_EDGE('',*,*,#5140,.T.);
#5583 = ORIENTED_EDGE('',*,*,#5548,.F.);
#5584 = ORIENTED_EDGE('',*,*,#4747,.F.);
#5585 = CYLINDRICAL_SURFACE('',#5586,3.000001172987);
#5586 = AXIS2_PLACEMENT_3D('',#5587,#5588,#5589);
#5587 = CARTESIAN_POINT('',(63.050001172987,-131.749998827,0.));
#5588 = DIRECTION('',(0.,0.,-1.));
#5589 = DIRECTION('',(-3.909953663434E-07,-1.,-0.));
#5590 = ADVANCED_FACE('',(#5591),#5602,.F.);
#5591 = FACE_BOUND('',#5592,.T.);
#5592 = EDGE_LOOP('',(#5593,#5599,#5600,#5601));
#5593 = ORIENTED_EDGE('',*,*,#5594,.T.);
#5594 = EDGE_CURVE('',#4775,#5168,#5595,.T.);
#5595 = LINE('',#5596,#5597);
#5596 = CARTESIAN_POINT('',(93.95,-88.,0.));
#5597 = VECTOR('',#5598,1.);
#5598 = DIRECTION('',(0.,0.,1.));
#5599 = ORIENTED_EDGE('',*,*,#5167,.T.);
#5600 = ORIENTED_EDGE('',*,*,#5594,.F.);
#5601 = ORIENTED_EDGE('',*,*,#4774,.F.);
#5602 = CYLINDRICAL_SURFACE('',#5603,0.95);
#5603 = AXIS2_PLACEMENT_3D('',#5604,#5605,#5606);
#5604 = CARTESIAN_POINT('',(93.,-88.,0.));
#5605 = DIRECTION('',(-0.,-0.,-1.));
#5606 = DIRECTION('',(1.,0.,-0.));
#5607 = ADVANCED_FACE('',(#5608),#5619,.F.);
#5608 = FACE_BOUND('',#5609,.T.);
#5609 = EDGE_LOOP('',(#5610,#5611,#5617,#5618));
#5610 = ORIENTED_EDGE('',*,*,#4785,.T.);
#5611 = ORIENTED_EDGE('',*,*,#5612,.T.);
#5612 = EDGE_CURVE('',#4786,#5179,#5613,.T.);
#5613 = LINE('',#5614,#5615);
#5614 = CARTESIAN_POINT('',(89.19,-86.355,-4.6E-02));
#5615 = VECTOR('',#5616,1.);
#5616 = DIRECTION('',(0.,0.,1.));
#5617 = ORIENTED_EDGE('',*,*,#5178,.F.);
#5618 = ORIENTED_EDGE('',*,*,#5612,.F.);
#5619 = CYLINDRICAL_SURFACE('',#5620,0.425);
#5620 = AXIS2_PLACEMENT_3D('',#5621,#5622,#5623);
#5621 = CARTESIAN_POINT('',(89.19,-85.93,-4.6E-02));
#5622 = DIRECTION('',(-0.,-0.,-1.));
#5623 = DIRECTION('',(-0.,-1.,0.));
#5624 = ADVANCED_FACE('',(#5625),#5636,.F.);
#5625 = FACE_BOUND('',#5626,.T.);
#5626 = EDGE_LOOP('',(#5627,#5628,#5634,#5635));
#5627 = ORIENTED_EDGE('',*,*,#4796,.T.);
#5628 = ORIENTED_EDGE('',*,*,#5629,.T.);
#5629 = EDGE_CURVE('',#4797,#5190,#5630,.T.);
#5630 = LINE('',#5631,#5632);
#5631 = CARTESIAN_POINT('',(96.81,-86.355,-4.6E-02));
#5632 = VECTOR('',#5633,1.);
#5633 = DIRECTION('',(0.,0.,1.));
#5634 = ORIENTED_EDGE('',*,*,#5189,.F.);
#5635 = ORIENTED_EDGE('',*,*,#5629,.F.);
#5636 = CYLINDRICAL_SURFACE('',#5637,0.425);
#5637 = AXIS2_PLACEMENT_3D('',#5638,#5639,#5640);
#5638 = CARTESIAN_POINT('',(96.81,-85.93,-4.6E-02));
#5639 = DIRECTION('',(-0.,-0.,-1.));
#5640 = DIRECTION('',(-0.,-1.,0.));
#5641 = ADVANCED_FACE('',(#5642),#5653,.F.);
#5642 = FACE_BOUND('',#5643,.T.);
#5643 = EDGE_LOOP('',(#5644,#5650,#5651,#5652));
#5644 = ORIENTED_EDGE('',*,*,#5645,.T.);
#5645 = EDGE_CURVE('',#4808,#5201,#5646,.T.);
#5646 = LINE('',#5647,#5648);
#5647 = CARTESIAN_POINT('',(103.3,-83.5,0.));
#5648 = VECTOR('',#5649,1.);
#5649 = DIRECTION('',(0.,0.,1.));
#5650 = ORIENTED_EDGE('',*,*,#5200,.T.);
#5651 = ORIENTED_EDGE('',*,*,#5645,.F.);
#5652 = ORIENTED_EDGE('',*,*,#4807,.F.);
#5653 = CYLINDRICAL_SURFACE('',#5654,1.3);
#5654 = AXIS2_PLACEMENT_3D('',#5655,#5656,#5657);
#5655 = CARTESIAN_POINT('',(102.,-83.5,0.));
#5656 = DIRECTION('',(-0.,-0.,-1.));
#5657 = DIRECTION('',(1.,0.,-0.));
#5658 = ADVANCED_FACE('',(#5659),#5670,.F.);
#5659 = FACE_BOUND('',#5660,.T.);
#5660 = EDGE_LOOP('',(#5661,#5662,#5668,#5669));
#5661 = ORIENTED_EDGE('',*,*,#4818,.T.);
#5662 = ORIENTED_EDGE('',*,*,#5663,.T.);
#5663 = EDGE_CURVE('',#4819,#5212,#5664,.T.);
#5664 = LINE('',#5665,#5666);
#5665 = CARTESIAN_POINT('',(158.88,-98.6,-4.6E-02));
#5666 = VECTOR('',#5667,1.);
#5667 = DIRECTION('',(0.,0.,1.));
#5668 = ORIENTED_EDGE('',*,*,#5211,.F.);
#5669 = ORIENTED_EDGE('',*,*,#5663,.F.);
#5670 = CYLINDRICAL_SURFACE('',#5671,0.5);
#5671 = AXIS2_PLACEMENT_3D('',#5672,#5673,#5674);
#5672 = CARTESIAN_POINT('',(158.88,-98.1,-4.6E-02));
#5673 = DIRECTION('',(-0.,-0.,-1.));
#5674 = DIRECTION('',(-0.,-1.,0.));
#5675 = ADVANCED_FACE('',(#5676),#5687,.F.);
#5676 = FACE_BOUND('',#5677,.T.);
#5677 = EDGE_LOOP('',(#5678,#5679,#5685,#5686));
#5678 = ORIENTED_EDGE('',*,*,#4829,.T.);
#5679 = ORIENTED_EDGE('',*,*,#5680,.T.);
#5680 = EDGE_CURVE('',#4830,#5223,#5681,.T.);
#5681 = LINE('',#5682,#5683);
#5682 = CARTESIAN_POINT('',(161.42,-98.6,-4.6E-02));
#5683 = VECTOR('',#5684,1.);
#5684 = DIRECTION('',(0.,0.,1.));
#5685 = ORIENTED_EDGE('',*,*,#5222,.F.);
#5686 = ORIENTED_EDGE('',*,*,#5680,.F.);
#5687 = CYLINDRICAL_SURFACE('',#5688,0.5);
#5688 = AXIS2_PLACEMENT_3D('',#5689,#5690,#5691);
#5689 = CARTESIAN_POINT('',(161.42,-98.1,-4.6E-02));
#5690 = DIRECTION('',(-0.,-0.,-1.));
#5691 = DIRECTION('',(-0.,-1.,0.));
#5692 = ADVANCED_FACE('',(#5693),#5704,.F.);
#5693 = FACE_BOUND('',#5694,.T.);
#5694 = EDGE_LOOP('',(#5695,#5696,#5702,#5703));
#5695 = ORIENTED_EDGE('',*,*,#4840,.T.);
#5696 = ORIENTED_EDGE('',*,*,#5697,.T.);
#5697 = EDGE_CURVE('',#4841,#5234,#5698,.T.);
#5698 = LINE('',#5699,#5700);
#5699 = CARTESIAN_POINT('',(163.96,-98.6,-4.6E-02));
#5700 = VECTOR('',#5701,1.);
#5701 = DIRECTION('',(0.,0.,1.));
#5702 = ORIENTED_EDGE('',*,*,#5233,.F.);
#5703 = ORIENTED_EDGE('',*,*,#5697,.F.);
#5704 = CYLINDRICAL_SURFACE('',#5705,0.5);
#5705 = AXIS2_PLACEMENT_3D('',#5706,#5707,#5708);
#5706 = CARTESIAN_POINT('',(163.96,-98.1,-4.6E-02));
#5707 = DIRECTION('',(-0.,-0.,-1.));
#5708 = DIRECTION('',(-0.,-1.,0.));
#5709 = ADVANCED_FACE('',(#5710),#5721,.F.);
#5710 = FACE_BOUND('',#5711,.T.);
#5711 = EDGE_LOOP('',(#5712,#5713,#5719,#5720));
#5712 = ORIENTED_EDGE('',*,*,#4851,.T.);
#5713 = ORIENTED_EDGE('',*,*,#5714,.T.);
#5714 = EDGE_CURVE('',#4852,#5245,#5715,.T.);
#5715 = LINE('',#5716,#5717);
#5716 = CARTESIAN_POINT('',(166.5,-98.6,-4.6E-02));
#5717 = VECTOR('',#5718,1.);
#5718 = DIRECTION('',(0.,0.,1.));
#5719 = ORIENTED_EDGE('',*,*,#5244,.F.);
#5720 = ORIENTED_EDGE('',*,*,#5714,.F.);
#5721 = CYLINDRICAL_SURFACE('',#5722,0.5);
#5722 = AXIS2_PLACEMENT_3D('',#5723,#5724,#5725);
#5723 = CARTESIAN_POINT('',(166.5,-98.1,-4.6E-02));
#5724 = DIRECTION('',(-0.,-0.,-1.));
#5725 = DIRECTION('',(-0.,-1.,0.));
#5726 = ADVANCED_FACE('',(#5727),#5738,.F.);
#5727 = FACE_BOUND('',#5728,.T.);
#5728 = EDGE_LOOP('',(#5729,#5730,#5736,#5737));
#5729 = ORIENTED_EDGE('',*,*,#4862,.T.);
#5730 = ORIENTED_EDGE('',*,*,#5731,.T.);
#5731 = EDGE_CURVE('',#4863,#5256,#5732,.T.);
#5732 = LINE('',#5733,#5734);
#5733 = CARTESIAN_POINT('',(160.66,-86.388,-4.6E-02));
#5734 = VECTOR('',#5735,1.);
#5735 = DIRECTION('',(0.,0.,1.));
#5736 = ORIENTED_EDGE('',*,*,#5255,.F.);
#5737 = ORIENTED_EDGE('',*,*,#5731,.F.);
#5738 = CYLINDRICAL_SURFACE('',#5739,0.508);
#5739 = AXIS2_PLACEMENT_3D('',#5740,#5741,#5742);
#5740 = CARTESIAN_POINT('',(160.66,-85.88,-4.6E-02));
#5741 = DIRECTION('',(-0.,-0.,-1.));
#5742 = DIRECTION('',(-0.,-1.,0.));
#5743 = ADVANCED_FACE('',(#5744),#5755,.F.);
#5744 = FACE_BOUND('',#5745,.T.);
#5745 = EDGE_LOOP('',(#5746,#5747,#5753,#5754));
#5746 = ORIENTED_EDGE('',*,*,#4873,.T.);
#5747 = ORIENTED_EDGE('',*,*,#5748,.T.);
#5748 = EDGE_CURVE('',#4874,#5267,#5749,.T.);
#5749 = LINE('',#5750,#5751);
#5750 = CARTESIAN_POINT('',(165.74,-86.388,-4.6E-02));
#5751 = VECTOR('',#5752,1.);
#5752 = DIRECTION('',(0.,0.,1.));
#5753 = ORIENTED_EDGE('',*,*,#5266,.F.);
#5754 = ORIENTED_EDGE('',*,*,#5748,.F.);
#5755 = CYLINDRICAL_SURFACE('',#5756,0.508);
#5756 = AXIS2_PLACEMENT_3D('',#5757,#5758,#5759);
#5757 = CARTESIAN_POINT('',(165.74,-85.88,-4.6E-02));
#5758 = DIRECTION('',(-0.,-0.,-1.));
#5759 = DIRECTION('',(-0.,-1.,0.));
#5760 = ADVANCED_FACE('',(#5761),#5772,.F.);
#5761 = FACE_BOUND('',#5762,.T.);
#5762 = EDGE_LOOP('',(#5763,#5769,#5770,#5771));
#5763 = ORIENTED_EDGE('',*,*,#5764,.T.);
#5764 = EDGE_CURVE('',#4885,#5278,#5765,.T.);
#5765 = LINE('',#5766,#5767);
#5766 = CARTESIAN_POINT('',(84.95,-74.5,0.));
#5767 = VECTOR('',#5768,1.);
#5768 = DIRECTION('',(0.,0.,1.));
#5769 = ORIENTED_EDGE('',*,*,#5277,.T.);
#5770 = ORIENTED_EDGE('',*,*,#5764,.F.);
#5771 = ORIENTED_EDGE('',*,*,#4884,.F.);
#5772 = CYLINDRICAL_SURFACE('',#5773,1.95);
#5773 = AXIS2_PLACEMENT_3D('',#5774,#5775,#5776);
#5774 = CARTESIAN_POINT('',(83.,-74.5,0.));
#5775 = DIRECTION('',(-0.,-0.,-1.));
#5776 = DIRECTION('',(1.,0.,-0.));
#5777 = ADVANCED_FACE('',(#5778),#5789,.F.);
#5778 = FACE_BOUND('',#5779,.T.);
#5779 = EDGE_LOOP('',(#5780,#5786,#5787,#5788));
#5780 = ORIENTED_EDGE('',*,*,#5781,.T.);
#5781 = EDGE_CURVE('',#4896,#5289,#5782,.T.);
#5782 = LINE('',#5783,#5784);
#5783 = CARTESIAN_POINT('',(103.3,-65.5,0.));
#5784 = VECTOR('',#5785,1.);
#5785 = DIRECTION('',(0.,0.,1.));
#5786 = ORIENTED_EDGE('',*,*,#5288,.T.);
#5787 = ORIENTED_EDGE('',*,*,#5781,.F.);
#5788 = ORIENTED_EDGE('',*,*,#4895,.F.);
#5789 = CYLINDRICAL_SURFACE('',#5790,1.3);
#5790 = AXIS2_PLACEMENT_3D('',#5791,#5792,#5793);
#5791 = CARTESIAN_POINT('',(102.,-65.5,0.));
#5792 = DIRECTION('',(-0.,-0.,-1.));
#5793 = DIRECTION('',(1.,0.,-0.));
#5794 = ADVANCED_FACE('',(#5795),#5806,.F.);
#5795 = FACE_BOUND('',#5796,.T.);
#5796 = EDGE_LOOP('',(#5797,#5798,#5804,#5805));
#5797 = ORIENTED_EDGE('',*,*,#4906,.T.);
#5798 = ORIENTED_EDGE('',*,*,#5799,.T.);
#5799 = EDGE_CURVE('',#4907,#5300,#5800,.T.);
#5800 = LINE('',#5801,#5802);
#5801 = CARTESIAN_POINT('',(89.19,-63.495,-4.6E-02));
#5802 = VECTOR('',#5803,1.);
#5803 = DIRECTION('',(0.,0.,1.));
#5804 = ORIENTED_EDGE('',*,*,#5299,.F.);
#5805 = ORIENTED_EDGE('',*,*,#5799,.F.);
#5806 = CYLINDRICAL_SURFACE('',#5807,0.425);
#5807 = AXIS2_PLACEMENT_3D('',#5808,#5809,#5810);
#5808 = CARTESIAN_POINT('',(89.19,-63.07,-4.6E-02));
#5809 = DIRECTION('',(-0.,-0.,-1.));
#5810 = DIRECTION('',(-0.,-1.,0.));
#5811 = ADVANCED_FACE('',(#5812),#5823,.F.);
#5812 = FACE_BOUND('',#5813,.T.);
#5813 = EDGE_LOOP('',(#5814,#5820,#5821,#5822));
#5814 = ORIENTED_EDGE('',*,*,#5815,.T.);
#5815 = EDGE_CURVE('',#4918,#5311,#5816,.T.);
#5816 = LINE('',#5817,#5818);
#5817 = CARTESIAN_POINT('',(93.95,-61.,0.));
#5818 = VECTOR('',#5819,1.);
#5819 = DIRECTION('',(0.,0.,1.));
#5820 = ORIENTED_EDGE('',*,*,#5310,.T.);
#5821 = ORIENTED_EDGE('',*,*,#5815,.F.);
#5822 = ORIENTED_EDGE('',*,*,#4917,.F.);
#5823 = CYLINDRICAL_SURFACE('',#5824,0.95);
#5824 = AXIS2_PLACEMENT_3D('',#5825,#5826,#5827);
#5825 = CARTESIAN_POINT('',(93.,-61.,0.));
#5826 = DIRECTION('',(-0.,-0.,-1.));
#5827 = DIRECTION('',(1.,0.,-0.));
#5828 = ADVANCED_FACE('',(#5829),#5840,.F.);
#5829 = FACE_BOUND('',#5830,.T.);
#5830 = EDGE_LOOP('',(#5831,#5832,#5838,#5839));
#5831 = ORIENTED_EDGE('',*,*,#4928,.T.);
#5832 = ORIENTED_EDGE('',*,*,#5833,.T.);
#5833 = EDGE_CURVE('',#4929,#5322,#5834,.T.);
#5834 = LINE('',#5835,#5836);
#5835 = CARTESIAN_POINT('',(96.81,-63.495,-4.6E-02));
#5836 = VECTOR('',#5837,1.);
#5837 = DIRECTION('',(0.,0.,1.));
#5838 = ORIENTED_EDGE('',*,*,#5321,.F.);
#5839 = ORIENTED_EDGE('',*,*,#5833,.F.);
#5840 = CYLINDRICAL_SURFACE('',#5841,0.425);
#5841 = AXIS2_PLACEMENT_3D('',#5842,#5843,#5844);
#5842 = CARTESIAN_POINT('',(96.81,-63.07,-4.6E-02));
#5843 = DIRECTION('',(-0.,-0.,-1.));
#5844 = DIRECTION('',(-0.,-1.,0.));
#5845 = ADVANCED_FACE('',(#5846),#5857,.F.);
#5846 = FACE_BOUND('',#5847,.T.);
#5847 = EDGE_LOOP('',(#5848,#5849,#5855,#5856));
#5848 = ORIENTED_EDGE('',*,*,#4939,.T.);
#5849 = ORIENTED_EDGE('',*,*,#5850,.T.);
#5850 = EDGE_CURVE('',#4940,#5333,#5851,.T.);
#5851 = LINE('',#5852,#5853);
#5852 = CARTESIAN_POINT('',(155.58,-76.228,-4.6E-02));
#5853 = VECTOR('',#5854,1.);
#5854 = DIRECTION('',(0.,0.,1.));
#5855 = ORIENTED_EDGE('',*,*,#5332,.F.);
#5856 = ORIENTED_EDGE('',*,*,#5850,.F.);
#5857 = CYLINDRICAL_SURFACE('',#5858,0.508);
#5858 = AXIS2_PLACEMENT_3D('',#5859,#5860,#5861);
#5859 = CARTESIAN_POINT('',(155.58,-75.72,-4.6E-02));
#5860 = DIRECTION('',(-0.,0.,-1.));
#5861 = DIRECTION('',(5.594824691024E-14,-1.,-0.));
#5862 = ADVANCED_FACE('',(#5863),#5874,.F.);
#5863 = FACE_BOUND('',#5864,.T.);
#5864 = EDGE_LOOP('',(#5865,#5866,#5872,#5873));
#5865 = ORIENTED_EDGE('',*,*,#4950,.T.);
#5866 = ORIENTED_EDGE('',*,*,#5867,.T.);
#5867 = EDGE_CURVE('',#4951,#5344,#5868,.T.);
#5868 = LINE('',#5869,#5870);
#5869 = CARTESIAN_POINT('',(170.82,-76.228,-4.6E-02));
#5870 = VECTOR('',#5871,1.);
#5871 = DIRECTION('',(0.,0.,1.));
#5872 = ORIENTED_EDGE('',*,*,#5343,.F.);
#5873 = ORIENTED_EDGE('',*,*,#5867,.F.);
#5874 = CYLINDRICAL_SURFACE('',#5875,0.508);
#5875 = AXIS2_PLACEMENT_3D('',#5876,#5877,#5878);
#5876 = CARTESIAN_POINT('',(170.82,-75.72,-4.6E-02));
#5877 = DIRECTION('',(-0.,-0.,-1.));
#5878 = DIRECTION('',(-0.,-1.,0.));
#5879 = ADVANCED_FACE('',(#5880),#5891,.F.);
#5880 = FACE_BOUND('',#5881,.T.);
#5881 = EDGE_LOOP('',(#5882,#5883,#5889,#5890));
#5882 = ORIENTED_EDGE('',*,*,#4961,.T.);
#5883 = ORIENTED_EDGE('',*,*,#5884,.T.);
#5884 = EDGE_CURVE('',#4962,#5355,#5885,.T.);
#5885 = LINE('',#5886,#5887);
#5886 = CARTESIAN_POINT('',(155.58,-73.688,-4.6E-02));
#5887 = VECTOR('',#5888,1.);
#5888 = DIRECTION('',(0.,0.,1.));
#5889 = ORIENTED_EDGE('',*,*,#5354,.F.);
#5890 = ORIENTED_EDGE('',*,*,#5884,.F.);
#5891 = CYLINDRICAL_SURFACE('',#5892,0.508);
#5892 = AXIS2_PLACEMENT_3D('',#5893,#5894,#5895);
#5893 = CARTESIAN_POINT('',(155.58,-73.18,-4.6E-02));
#5894 = DIRECTION('',(-0.,0.,-1.));
#5895 = DIRECTION('',(5.594824691024E-14,-1.,-0.));
#5896 = ADVANCED_FACE('',(#5897),#5908,.F.);
#5897 = FACE_BOUND('',#5898,.T.);
#5898 = EDGE_LOOP('',(#5899,#5900,#5906,#5907));
#5899 = ORIENTED_EDGE('',*,*,#4972,.T.);
#5900 = ORIENTED_EDGE('',*,*,#5901,.T.);
#5901 = EDGE_CURVE('',#4973,#5366,#5902,.T.);
#5902 = LINE('',#5903,#5904);
#5903 = CARTESIAN_POINT('',(155.58,-71.148,-4.6E-02));
#5904 = VECTOR('',#5905,1.);
#5905 = DIRECTION('',(0.,0.,1.));
#5906 = ORIENTED_EDGE('',*,*,#5365,.F.);
#5907 = ORIENTED_EDGE('',*,*,#5901,.F.);
#5908 = CYLINDRICAL_SURFACE('',#5909,0.508);
#5909 = AXIS2_PLACEMENT_3D('',#5910,#5911,#5912);
#5910 = CARTESIAN_POINT('',(155.58,-70.64,-4.6E-02));
#5911 = DIRECTION('',(-0.,0.,-1.));
#5912 = DIRECTION('',(5.594824691024E-14,-1.,-0.));
#5913 = ADVANCED_FACE('',(#5914),#5925,.F.);
#5914 = FACE_BOUND('',#5915,.T.);
#5915 = EDGE_LOOP('',(#5916,#5917,#5923,#5924));
#5916 = ORIENTED_EDGE('',*,*,#4983,.T.);
#5917 = ORIENTED_EDGE('',*,*,#5918,.T.);
#5918 = EDGE_CURVE('',#4984,#5377,#5919,.T.);
#5919 = LINE('',#5920,#5921);
#5920 = CARTESIAN_POINT('',(170.82,-73.688,-4.6E-02));
#5921 = VECTOR('',#5922,1.);
#5922 = DIRECTION('',(0.,0.,1.));
#5923 = ORIENTED_EDGE('',*,*,#5376,.F.);
#5924 = ORIENTED_EDGE('',*,*,#5918,.F.);
#5925 = CYLINDRICAL_SURFACE('',#5926,0.508);
#5926 = AXIS2_PLACEMENT_3D('',#5927,#5928,#5929);
#5927 = CARTESIAN_POINT('',(170.82,-73.18,-4.6E-02));
#5928 = DIRECTION('',(-0.,-0.,-1.));
#5929 = DIRECTION('',(-0.,-1.,0.));
#5930 = ADVANCED_FACE('',(#5931),#5942,.F.);
#5931 = FACE_BOUND('',#5932,.T.);
#5932 = EDGE_LOOP('',(#5933,#5934,#5940,#5941));
#5933 = ORIENTED_EDGE('',*,*,#4994,.T.);
#5934 = ORIENTED_EDGE('',*,*,#5935,.T.);
#5935 = EDGE_CURVE('',#4995,#5388,#5936,.T.);
#5936 = LINE('',#5937,#5938);
#5937 = CARTESIAN_POINT('',(170.82,-71.148,-4.6E-02));
#5938 = VECTOR('',#5939,1.);
#5939 = DIRECTION('',(0.,0.,1.));
#5940 = ORIENTED_EDGE('',*,*,#5387,.F.);
#5941 = ORIENTED_EDGE('',*,*,#5935,.F.);
#5942 = CYLINDRICAL_SURFACE('',#5943,0.508);
#5943 = AXIS2_PLACEMENT_3D('',#5944,#5945,#5946);
#5944 = CARTESIAN_POINT('',(170.82,-70.64,-4.6E-02));
#5945 = DIRECTION('',(-0.,-0.,-1.));
#5946 = DIRECTION('',(-0.,-1.,0.));
#5947 = ADVANCED_FACE('',(#5948),#5959,.F.);
#5948 = FACE_BOUND('',#5949,.T.);
#5949 = EDGE_LOOP('',(#5950,#5951,#5957,#5958));
#5950 = ORIENTED_EDGE('',*,*,#5005,.T.);
#5951 = ORIENTED_EDGE('',*,*,#5952,.T.);
#5952 = EDGE_CURVE('',#5006,#5399,#5953,.T.);
#5953 = LINE('',#5954,#5955);
#5954 = CARTESIAN_POINT('',(155.58,-68.608,-4.6E-02));
#5955 = VECTOR('',#5956,1.);
#5956 = DIRECTION('',(0.,0.,1.));
#5957 = ORIENTED_EDGE('',*,*,#5398,.F.);
#5958 = ORIENTED_EDGE('',*,*,#5952,.F.);
#5959 = CYLINDRICAL_SURFACE('',#5960,0.508);
#5960 = AXIS2_PLACEMENT_3D('',#5961,#5962,#5963);
#5961 = CARTESIAN_POINT('',(155.58,-68.1,-4.6E-02));
#5962 = DIRECTION('',(-0.,0.,-1.));
#5963 = DIRECTION('',(5.594824691024E-14,-1.,-0.));
#5964 = ADVANCED_FACE('',(#5965),#5976,.F.);
#5965 = FACE_BOUND('',#5966,.T.);
#5966 = EDGE_LOOP('',(#5967,#5968,#5974,#5975));
#5967 = ORIENTED_EDGE('',*,*,#5016,.T.);
#5968 = ORIENTED_EDGE('',*,*,#5969,.T.);
#5969 = EDGE_CURVE('',#5017,#5410,#5970,.T.);
#5970 = LINE('',#5971,#5972);
#5971 = CARTESIAN_POINT('',(155.58,-66.068,-4.6E-02));
#5972 = VECTOR('',#5973,1.);
#5973 = DIRECTION('',(0.,0.,1.));
#5974 = ORIENTED_EDGE('',*,*,#5409,.F.);
#5975 = ORIENTED_EDGE('',*,*,#5969,.F.);
#5976 = CYLINDRICAL_SURFACE('',#5977,0.508);
#5977 = AXIS2_PLACEMENT_3D('',#5978,#5979,#5980);
#5978 = CARTESIAN_POINT('',(155.58,-65.56,-4.6E-02));
#5979 = DIRECTION('',(-0.,0.,-1.));
#5980 = DIRECTION('',(5.594824691024E-14,-1.,-0.));
#5981 = ADVANCED_FACE('',(#5982),#5993,.F.);
#5982 = FACE_BOUND('',#5983,.T.);
#5983 = EDGE_LOOP('',(#5984,#5985,#5991,#5992));
#5984 = ORIENTED_EDGE('',*,*,#5027,.T.);
#5985 = ORIENTED_EDGE('',*,*,#5986,.T.);
#5986 = EDGE_CURVE('',#5028,#5421,#5987,.T.);
#5987 = LINE('',#5988,#5989);
#5988 = CARTESIAN_POINT('',(170.82,-68.608,-4.6E-02));
#5989 = VECTOR('',#5990,1.);
#5990 = DIRECTION('',(0.,0.,1.));
#5991 = ORIENTED_EDGE('',*,*,#5420,.F.);
#5992 = ORIENTED_EDGE('',*,*,#5986,.F.);
#5993 = CYLINDRICAL_SURFACE('',#5994,0.508);
#5994 = AXIS2_PLACEMENT_3D('',#5995,#5996,#5997);
#5995 = CARTESIAN_POINT('',(170.82,-68.1,-4.6E-02));
#5996 = DIRECTION('',(-0.,-0.,-1.));
#5997 = DIRECTION('',(-0.,-1.,0.));
#5998 = ADVANCED_FACE('',(#5999),#6010,.F.);
#5999 = FACE_BOUND('',#6000,.T.);
#6000 = EDGE_LOOP('',(#6001,#6002,#6008,#6009));
#6001 = ORIENTED_EDGE('',*,*,#5038,.T.);
#6002 = ORIENTED_EDGE('',*,*,#6003,.T.);
#6003 = EDGE_CURVE('',#5039,#5432,#6004,.T.);
#6004 = LINE('',#6005,#6006);
#6005 = CARTESIAN_POINT('',(170.82,-66.068,-4.6E-02));
#6006 = VECTOR('',#6007,1.);
#6007 = DIRECTION('',(0.,0.,1.));
#6008 = ORIENTED_EDGE('',*,*,#5431,.F.);
#6009 = ORIENTED_EDGE('',*,*,#6003,.F.);
#6010 = CYLINDRICAL_SURFACE('',#6011,0.508);
#6011 = AXIS2_PLACEMENT_3D('',#6012,#6013,#6014);
#6012 = CARTESIAN_POINT('',(170.82,-65.56,-4.6E-02));
#6013 = DIRECTION('',(-0.,-0.,-1.));
#6014 = DIRECTION('',(-0.,-1.,0.));
#6015 = ADVANCED_FACE('',(#6016),#6027,.F.);
#6016 = FACE_BOUND('',#6017,.T.);
#6017 = EDGE_LOOP('',(#6018,#6019,#6025,#6026));
#6018 = ORIENTED_EDGE('',*,*,#5049,.T.);
#6019 = ORIENTED_EDGE('',*,*,#6020,.T.);
#6020 = EDGE_CURVE('',#5050,#5443,#6021,.T.);
#6021 = LINE('',#6022,#6023);
#6022 = CARTESIAN_POINT('',(179.7,-65.94,-4.6E-02));
#6023 = VECTOR('',#6024,1.);
#6024 = DIRECTION('',(0.,0.,1.));
#6025 = ORIENTED_EDGE('',*,*,#5442,.F.);
#6026 = ORIENTED_EDGE('',*,*,#6020,.F.);
#6027 = CYLINDRICAL_SURFACE('',#6028,0.5);
#6028 = AXIS2_PLACEMENT_3D('',#6029,#6030,#6031);
#6029 = CARTESIAN_POINT('',(179.7,-65.44,-4.6E-02));
#6030 = DIRECTION('',(-0.,-0.,-1.));
#6031 = DIRECTION('',(-0.,-1.,0.));
#6032 = ADVANCED_FACE('',(#6033),#6044,.F.);
#6033 = FACE_BOUND('',#6034,.T.);
#6034 = EDGE_LOOP('',(#6035,#6036,#6042,#6043));
#6035 = ORIENTED_EDGE('',*,*,#5060,.T.);
#6036 = ORIENTED_EDGE('',*,*,#6037,.T.);
#6037 = EDGE_CURVE('',#5061,#5454,#6038,.T.);
#6038 = LINE('',#6039,#6040);
#6039 = CARTESIAN_POINT('',(155.58,-63.528,-4.6E-02));
#6040 = VECTOR('',#6041,1.);
#6041 = DIRECTION('',(0.,0.,1.));
#6042 = ORIENTED_EDGE('',*,*,#5453,.F.);
#6043 = ORIENTED_EDGE('',*,*,#6037,.F.);
#6044 = CYLINDRICAL_SURFACE('',#6045,0.508);
#6045 = AXIS2_PLACEMENT_3D('',#6046,#6047,#6048);
#6046 = CARTESIAN_POINT('',(155.58,-63.02,-4.6E-02));
#6047 = DIRECTION('',(-0.,0.,-1.));
#6048 = DIRECTION('',(5.594824691024E-14,-1.,-0.));
#6049 = ADVANCED_FACE('',(#6050),#6061,.F.);
#6050 = FACE_BOUND('',#6051,.T.);
#6051 = EDGE_LOOP('',(#6052,#6053,#6059,#6060));
#6052 = ORIENTED_EDGE('',*,*,#5071,.T.);
#6053 = ORIENTED_EDGE('',*,*,#6054,.T.);
#6054 = EDGE_CURVE('',#5072,#5465,#6055,.T.);
#6055 = LINE('',#6056,#6057);
#6056 = CARTESIAN_POINT('',(155.58,-60.988,-4.6E-02));
#6057 = VECTOR('',#6058,1.);
#6058 = DIRECTION('',(0.,0.,1.));
#6059 = ORIENTED_EDGE('',*,*,#5464,.F.);
#6060 = ORIENTED_EDGE('',*,*,#6054,.F.);
#6061 = CYLINDRICAL_SURFACE('',#6062,0.508);
#6062 = AXIS2_PLACEMENT_3D('',#6063,#6064,#6065);
#6063 = CARTESIAN_POINT('',(155.58,-60.48,-4.6E-02));
#6064 = DIRECTION('',(-0.,0.,-1.));
#6065 = DIRECTION('',(5.594824691024E-14,-1.,-0.));
#6066 = ADVANCED_FACE('',(#6067),#6078,.F.);
#6067 = FACE_BOUND('',#6068,.T.);
#6068 = EDGE_LOOP('',(#6069,#6070,#6076,#6077));
#6069 = ORIENTED_EDGE('',*,*,#5082,.T.);
#6070 = ORIENTED_EDGE('',*,*,#6071,.T.);
#6071 = EDGE_CURVE('',#5083,#5476,#6072,.T.);
#6072 = LINE('',#6073,#6074);
#6073 = CARTESIAN_POINT('',(170.82,-63.528,-4.6E-02));
#6074 = VECTOR('',#6075,1.);
#6075 = DIRECTION('',(0.,0.,1.));
#6076 = ORIENTED_EDGE('',*,*,#5475,.F.);
#6077 = ORIENTED_EDGE('',*,*,#6071,.F.);
#6078 = CYLINDRICAL_SURFACE('',#6079,0.508);
#6079 = AXIS2_PLACEMENT_3D('',#6080,#6081,#6082);
#6080 = CARTESIAN_POINT('',(170.82,-63.02,-4.6E-02));
#6081 = DIRECTION('',(-0.,-0.,-1.));
#6082 = DIRECTION('',(-0.,-1.,0.));
#6083 = ADVANCED_FACE('',(#6084),#6095,.F.);
#6084 = FACE_BOUND('',#6085,.T.);
#6085 = EDGE_LOOP('',(#6086,#6087,#6093,#6094));
#6086 = ORIENTED_EDGE('',*,*,#5093,.T.);
#6087 = ORIENTED_EDGE('',*,*,#6088,.T.);
#6088 = EDGE_CURVE('',#5094,#5487,#6089,.T.);
#6089 = LINE('',#6090,#6091);
#6090 = CARTESIAN_POINT('',(179.7,-63.4,-4.6E-02));
#6091 = VECTOR('',#6092,1.);
#6092 = DIRECTION('',(0.,0.,1.));
#6093 = ORIENTED_EDGE('',*,*,#5486,.F.);
#6094 = ORIENTED_EDGE('',*,*,#6088,.F.);
#6095 = CYLINDRICAL_SURFACE('',#6096,0.5);
#6096 = AXIS2_PLACEMENT_3D('',#6097,#6098,#6099);
#6097 = CARTESIAN_POINT('',(179.7,-62.9,-4.6E-02));
#6098 = DIRECTION('',(-0.,-0.,-1.));
#6099 = DIRECTION('',(-0.,-1.,0.));
#6100 = ADVANCED_FACE('',(#6101),#6112,.F.);
#6101 = FACE_BOUND('',#6102,.T.);
#6102 = EDGE_LOOP('',(#6103,#6104,#6110,#6111));
#6103 = ORIENTED_EDGE('',*,*,#5104,.T.);
#6104 = ORIENTED_EDGE('',*,*,#6105,.T.);
#6105 = EDGE_CURVE('',#5105,#5498,#6106,.T.);
#6106 = LINE('',#6107,#6108);
#6107 = CARTESIAN_POINT('',(170.82,-60.988,-4.6E-02));
#6108 = VECTOR('',#6109,1.);
#6109 = DIRECTION('',(0.,0.,1.));
#6110 = ORIENTED_EDGE('',*,*,#5497,.F.);
#6111 = ORIENTED_EDGE('',*,*,#6105,.F.);
#6112 = CYLINDRICAL_SURFACE('',#6113,0.508);
#6113 = AXIS2_PLACEMENT_3D('',#6114,#6115,#6116);
#6114 = CARTESIAN_POINT('',(170.82,-60.48,-4.6E-02));
#6115 = DIRECTION('',(-0.,-0.,-1.));
#6116 = DIRECTION('',(-0.,-1.,0.));
#6117 = ( GEOMETRIC_REPRESENTATION_CONTEXT(3) 
GLOBAL_UNCERTAINTY_ASSIGNED_CONTEXT((#6121)) 
GLOBAL_UNIT_ASSIGNED_CONTEXT((#6118,#6119,#6120)) REPRESENTATION_CONTEXT
('Context #1','3D Context with UNIT and UNCERTAINTY') );
#6118 = ( LENGTH_UNIT() NAMED_UNIT(*) SI_UNIT(.MILLI.,.METRE.) );
#6119 = ( NAMED_UNIT(*) PLANE_ANGLE_UNIT() SI_UNIT($,.RADIAN.) );
#6120 = ( NAMED_UNIT(*) SI_UNIT($,.STERADIAN.) SOLID_ANGLE_UNIT() );
#6121 = UNCERTAINTY_MEASURE_WITH_UNIT(LENGTH_MEASURE(1.E-07),#6118,
  'distance_accuracy_value','confusion accuracy');
#6122 = CONTEXT_DEPENDENT_SHAPE_REPRESENTATION(#6123,#6125);
#6123 = ( REPRESENTATION_RELATIONSHIP('','',#4617,#10) 
REPRESENTATION_RELATIONSHIP_WITH_TRANSFORMATION(#6124) 
SHAPE_REPRESENTATION_RELATIONSHIP() );
#6124 = ITEM_DEFINED_TRANSFORMATION('','',#11,#39);
#6125 = PRODUCT_DEFINITION_SHAPE('Placement','Placement of an item',
  #6126);
#6126 = NEXT_ASSEMBLY_USAGE_OCCURRENCE('7','=>[0:1:1:5]','',#5,#4612,$);
#6127 = PRODUCT_RELATED_PRODUCT_CATEGORY('part',$,(#4614));
#6128 = MECHANICAL_DESIGN_GEOMETRIC_PRESENTATION_REPRESENTATION('',(
    #6129),#6117);
#6129 = STYLED_ITEM('color',(#6130),#4618);
#6130 = PRESENTATION_STYLE_ASSIGNMENT((#6131));
#6131 = SURFACE_STYLE_USAGE(.BOTH.,#6132);
#6132 = SURFACE_SIDE_STYLE('',(#6133));
#6133 = SURFACE_STYLE_FILL_AREA(#6134);
#6134 = FILL_AREA_STYLE('',(#6135));
#6135 = FILL_AREA_STYLE_COLOUR('',#6136);
#6136 = COLOUR_RGB('',0.313304153717,0.484529207832,0.410020903123);
#6137 = MECHANICAL_DESIGN_GEOMETRIC_PRESENTATION_REPRESENTATION('',(
    #6138,#6146,#6153,#6160,#6167,#6174,#6181,#6188,#6195,#6202,#6209,
    #6216,#6223,#6230,#6238,#6245,#6252,#6260,#6267,#6274,#6281,#6288,
    #6295,#6302,#6309,#6316,#6323,#6330,#6337,#6344,#6351,#6358,#6365,
    #6372,#6379,#6386,#6393,#6400,#6407,#6414,#6421,#6428,#6435,#6442,
    #6449,#6456,#6463,#6470,#6477,#6484,#6491,#6498,#6505,#6512,#6519,
    #6526,#6533,#6540,#6547,#6554,#6561,#6568,#6575,#6582,#6589,#6596,
    #6603,#6610),#2324);
#6138 = STYLED_ITEM('color',(#6139),#59);
#6139 = PRESENTATION_STYLE_ASSIGNMENT((#6140));
#6140 = SURFACE_STYLE_USAGE(.BOTH.,#6141);
#6141 = SURFACE_SIDE_STYLE('',(#6142));
#6142 = SURFACE_STYLE_FILL_AREA(#6143);
#6143 = FILL_AREA_STYLE('',(#6144));
#6144 = FILL_AREA_STYLE_COLOUR('',#6145);
#6145 = COLOUR_RGB('',0.893999996942,0.890999961016,0.813000030345);
#6146 = STYLED_ITEM('color',(#6147),#118);
#6147 = PRESENTATION_STYLE_ASSIGNMENT((#6148));
#6148 = SURFACE_STYLE_USAGE(.BOTH.,#6149);
#6149 = SURFACE_SIDE_STYLE('',(#6150));
#6150 = SURFACE_STYLE_FILL_AREA(#6151);
#6151 = FILL_AREA_STYLE('',(#6152));
#6152 = FILL_AREA_STYLE_COLOUR('',#6145);
#6153 = STYLED_ITEM('color',(#6154),#143);
#6154 = PRESENTATION_STYLE_ASSIGNMENT((#6155));
#6155 = SURFACE_STYLE_USAGE(.BOTH.,#6156);
#6156 = SURFACE_SIDE_STYLE('',(#6157));
#6157 = SURFACE_STYLE_FILL_AREA(#6158);
#6158 = FILL_AREA_STYLE('',(#6159));
#6159 = FILL_AREA_STYLE_COLOUR('',#6145);
#6160 = STYLED_ITEM('color',(#6161),#176);
#6161 = PRESENTATION_STYLE_ASSIGNMENT((#6162));
#6162 = SURFACE_STYLE_USAGE(.BOTH.,#6163);
#6163 = SURFACE_SIDE_STYLE('',(#6164));
#6164 = SURFACE_STYLE_FILL_AREA(#6165);
#6165 = FILL_AREA_STYLE('',(#6166));
#6166 = FILL_AREA_STYLE_COLOUR('',#6145);
#6167 = STYLED_ITEM('color',(#6168),#201);
#6168 = PRESENTATION_STYLE_ASSIGNMENT((#6169));
#6169 = SURFACE_STYLE_USAGE(.BOTH.,#6170);
#6170 = SURFACE_SIDE_STYLE('',(#6171));
#6171 = SURFACE_STYLE_FILL_AREA(#6172);
#6172 = FILL_AREA_STYLE('',(#6173));
#6173 = FILL_AREA_STYLE_COLOUR('',#6145);
#6174 = STYLED_ITEM('color',(#6175),#226);
#6175 = PRESENTATION_STYLE_ASSIGNMENT((#6176));
#6176 = SURFACE_STYLE_USAGE(.BOTH.,#6177);
#6177 = SURFACE_SIDE_STYLE('',(#6178));
#6178 = SURFACE_STYLE_FILL_AREA(#6179);
#6179 = FILL_AREA_STYLE('',(#6180));
#6180 = FILL_AREA_STYLE_COLOUR('',#6145);
#6181 = STYLED_ITEM('color',(#6182),#251);
#6182 = PRESENTATION_STYLE_ASSIGNMENT((#6183));
#6183 = SURFACE_STYLE_USAGE(.BOTH.,#6184);
#6184 = SURFACE_SIDE_STYLE('',(#6185));
#6185 = SURFACE_STYLE_FILL_AREA(#6186);
#6186 = FILL_AREA_STYLE('',(#6187));
#6187 = FILL_AREA_STYLE_COLOUR('',#6145);
#6188 = STYLED_ITEM('color',(#6189),#268);
#6189 = PRESENTATION_STYLE_ASSIGNMENT((#6190));
#6190 = SURFACE_STYLE_USAGE(.BOTH.,#6191);
#6191 = SURFACE_SIDE_STYLE('',(#6192));
#6192 = SURFACE_STYLE_FILL_AREA(#6193);
#6193 = FILL_AREA_STYLE('',(#6194));
#6194 = FILL_AREA_STYLE_COLOUR('',#6145);
#6195 = STYLED_ITEM('color',(#6196),#293);
#6196 = PRESENTATION_STYLE_ASSIGNMENT((#6197));
#6197 = SURFACE_STYLE_USAGE(.BOTH.,#6198);
#6198 = SURFACE_SIDE_STYLE('',(#6199));
#6199 = SURFACE_STYLE_FILL_AREA(#6200);
#6200 = FILL_AREA_STYLE('',(#6201));
#6201 = FILL_AREA_STYLE_COLOUR('',#6145);
#6202 = STYLED_ITEM('color',(#6203),#324);
#6203 = PRESENTATION_STYLE_ASSIGNMENT((#6204));
#6204 = SURFACE_STYLE_USAGE(.BOTH.,#6205);
#6205 = SURFACE_SIDE_STYLE('',(#6206));
#6206 = SURFACE_STYLE_FILL_AREA(#6207);
#6207 = FILL_AREA_STYLE('',(#6208));
#6208 = FILL_AREA_STYLE_COLOUR('',#6145);
#6209 = STYLED_ITEM('color',(#6210),#364);
#6210 = PRESENTATION_STYLE_ASSIGNMENT((#6211));
#6211 = SURFACE_STYLE_USAGE(.BOTH.,#6212);
#6212 = SURFACE_SIDE_STYLE('',(#6213));
#6213 = SURFACE_STYLE_FILL_AREA(#6214);
#6214 = FILL_AREA_STYLE('',(#6215));
#6215 = FILL_AREA_STYLE_COLOUR('',#6145);
#6216 = STYLED_ITEM('color',(#6217),#495);
#6217 = PRESENTATION_STYLE_ASSIGNMENT((#6218));
#6218 = SURFACE_STYLE_USAGE(.BOTH.,#6219);
#6219 = SURFACE_SIDE_STYLE('',(#6220));
#6220 = SURFACE_STYLE_FILL_AREA(#6221);
#6221 = FILL_AREA_STYLE('',(#6222));
#6222 = FILL_AREA_STYLE_COLOUR('',#6145);
#6223 = STYLED_ITEM('color',(#6224),#619);
#6224 = PRESENTATION_STYLE_ASSIGNMENT((#6225));
#6225 = SURFACE_STYLE_USAGE(.BOTH.,#6226);
#6226 = SURFACE_SIDE_STYLE('',(#6227));
#6227 = SURFACE_STYLE_FILL_AREA(#6228);
#6228 = FILL_AREA_STYLE('',(#6229));
#6229 = FILL_AREA_STYLE_COLOUR('',#6145);
#6230 = STYLED_ITEM('color',(#6231),#636);
#6231 = PRESENTATION_STYLE_ASSIGNMENT((#6232));
#6232 = SURFACE_STYLE_USAGE(.BOTH.,#6233);
#6233 = SURFACE_SIDE_STYLE('',(#6234));
#6234 = SURFACE_STYLE_FILL_AREA(#6235);
#6235 = FILL_AREA_STYLE('',(#6236));
#6236 = FILL_AREA_STYLE_COLOUR('',#6237);
#6237 = COLOUR_RGB('',0.136999991899,0.40200001271,0.726999997272);
#6238 = STYLED_ITEM('color',(#6239),#645);
#6239 = PRESENTATION_STYLE_ASSIGNMENT((#6240));
#6240 = SURFACE_STYLE_USAGE(.BOTH.,#6241);
#6241 = SURFACE_SIDE_STYLE('',(#6242));
#6242 = SURFACE_STYLE_FILL_AREA(#6243);
#6243 = FILL_AREA_STYLE('',(#6244));
#6244 = FILL_AREA_STYLE_COLOUR('',#6145);
#6245 = STYLED_ITEM('color',(#6246),#656);
#6246 = PRESENTATION_STYLE_ASSIGNMENT((#6247));
#6247 = SURFACE_STYLE_USAGE(.BOTH.,#6248);
#6248 = SURFACE_SIDE_STYLE('',(#6249));
#6249 = SURFACE_STYLE_FILL_AREA(#6250);
#6250 = FILL_AREA_STYLE('',(#6251));
#6251 = FILL_AREA_STYLE_COLOUR('',#6145);
#6252 = STYLED_ITEM('color',(#6253),#824);
#6253 = PRESENTATION_STYLE_ASSIGNMENT((#6254));
#6254 = SURFACE_STYLE_USAGE(.BOTH.,#6255);
#6255 = SURFACE_SIDE_STYLE('',(#6256));
#6256 = SURFACE_STYLE_FILL_AREA(#6257);
#6257 = FILL_AREA_STYLE('',(#6258));
#6258 = FILL_AREA_STYLE_COLOUR('',#6259);
#6259 = COLOUR_RGB('',0.823999987314,0.819999987296,0.781000009244);
#6260 = STYLED_ITEM('color',(#6261),#855);
#6261 = PRESENTATION_STYLE_ASSIGNMENT((#6262));
#6262 = SURFACE_STYLE_USAGE(.BOTH.,#6263);
#6263 = SURFACE_SIDE_STYLE('',(#6264));
#6264 = SURFACE_STYLE_FILL_AREA(#6265);
#6265 = FILL_AREA_STYLE('',(#6266));
#6266 = FILL_AREA_STYLE_COLOUR('',#6259);
#6267 = STYLED_ITEM('color',(#6268),#886);
#6268 = PRESENTATION_STYLE_ASSIGNMENT((#6269));
#6269 = SURFACE_STYLE_USAGE(.BOTH.,#6270);
#6270 = SURFACE_SIDE_STYLE('',(#6271));
#6271 = SURFACE_STYLE_FILL_AREA(#6272);
#6272 = FILL_AREA_STYLE('',(#6273));
#6273 = FILL_AREA_STYLE_COLOUR('',#6259);
#6274 = STYLED_ITEM('color',(#6275),#917);
#6275 = PRESENTATION_STYLE_ASSIGNMENT((#6276));
#6276 = SURFACE_STYLE_USAGE(.BOTH.,#6277);
#6277 = SURFACE_SIDE_STYLE('',(#6278));
#6278 = SURFACE_STYLE_FILL_AREA(#6279);
#6279 = FILL_AREA_STYLE('',(#6280));
#6280 = FILL_AREA_STYLE_COLOUR('',#6259);
#6281 = STYLED_ITEM('color',(#6282),#1002);
#6282 = PRESENTATION_STYLE_ASSIGNMENT((#6283));
#6283 = SURFACE_STYLE_USAGE(.BOTH.,#6284);
#6284 = SURFACE_SIDE_STYLE('',(#6285));
#6285 = SURFACE_STYLE_FILL_AREA(#6286);
#6286 = FILL_AREA_STYLE('',(#6287));
#6287 = FILL_AREA_STYLE_COLOUR('',#6259);
#6288 = STYLED_ITEM('color',(#6289),#1026);
#6289 = PRESENTATION_STYLE_ASSIGNMENT((#6290));
#6290 = SURFACE_STYLE_USAGE(.BOTH.,#6291);
#6291 = SURFACE_SIDE_STYLE('',(#6292));
#6292 = SURFACE_STYLE_FILL_AREA(#6293);
#6293 = FILL_AREA_STYLE('',(#6294));
#6294 = FILL_AREA_STYLE_COLOUR('',#6259);
#6295 = STYLED_ITEM('color',(#6296),#1104);
#6296 = PRESENTATION_STYLE_ASSIGNMENT((#6297));
#6297 = SURFACE_STYLE_USAGE(.BOTH.,#6298);
#6298 = SURFACE_SIDE_STYLE('',(#6299));
#6299 = SURFACE_STYLE_FILL_AREA(#6300);
#6300 = FILL_AREA_STYLE('',(#6301));
#6301 = FILL_AREA_STYLE_COLOUR('',#6259);
#6302 = STYLED_ITEM('color',(#6303),#1135);
#6303 = PRESENTATION_STYLE_ASSIGNMENT((#6304));
#6304 = SURFACE_STYLE_USAGE(.BOTH.,#6305);
#6305 = SURFACE_SIDE_STYLE('',(#6306));
#6306 = SURFACE_STYLE_FILL_AREA(#6307);
#6307 = FILL_AREA_STYLE('',(#6308));
#6308 = FILL_AREA_STYLE_COLOUR('',#6259);
#6309 = STYLED_ITEM('color',(#6310),#1220);
#6310 = PRESENTATION_STYLE_ASSIGNMENT((#6311));
#6311 = SURFACE_STYLE_USAGE(.BOTH.,#6312);
#6312 = SURFACE_SIDE_STYLE('',(#6313));
#6313 = SURFACE_STYLE_FILL_AREA(#6314);
#6314 = FILL_AREA_STYLE('',(#6315));
#6315 = FILL_AREA_STYLE_COLOUR('',#6259);
#6316 = STYLED_ITEM('color',(#6317),#1244);
#6317 = PRESENTATION_STYLE_ASSIGNMENT((#6318));
#6318 = SURFACE_STYLE_USAGE(.BOTH.,#6319);
#6319 = SURFACE_SIDE_STYLE('',(#6320));
#6320 = SURFACE_STYLE_FILL_AREA(#6321);
#6321 = FILL_AREA_STYLE('',(#6322));
#6322 = FILL_AREA_STYLE_COLOUR('',#6259);
#6323 = STYLED_ITEM('color',(#6324),#1322);
#6324 = PRESENTATION_STYLE_ASSIGNMENT((#6325));
#6325 = SURFACE_STYLE_USAGE(.BOTH.,#6326);
#6326 = SURFACE_SIDE_STYLE('',(#6327));
#6327 = SURFACE_STYLE_FILL_AREA(#6328);
#6328 = FILL_AREA_STYLE('',(#6329));
#6329 = FILL_AREA_STYLE_COLOUR('',#6259);
#6330 = STYLED_ITEM('color',(#6331),#1353);
#6331 = PRESENTATION_STYLE_ASSIGNMENT((#6332));
#6332 = SURFACE_STYLE_USAGE(.BOTH.,#6333);
#6333 = SURFACE_SIDE_STYLE('',(#6334));
#6334 = SURFACE_STYLE_FILL_AREA(#6335);
#6335 = FILL_AREA_STYLE('',(#6336));
#6336 = FILL_AREA_STYLE_COLOUR('',#6259);
#6337 = STYLED_ITEM('color',(#6338),#1384);
#6338 = PRESENTATION_STYLE_ASSIGNMENT((#6339));
#6339 = SURFACE_STYLE_USAGE(.BOTH.,#6340);
#6340 = SURFACE_SIDE_STYLE('',(#6341));
#6341 = SURFACE_STYLE_FILL_AREA(#6342);
#6342 = FILL_AREA_STYLE('',(#6343));
#6343 = FILL_AREA_STYLE_COLOUR('',#6259);
#6344 = STYLED_ITEM('color',(#6345),#1415);
#6345 = PRESENTATION_STYLE_ASSIGNMENT((#6346));
#6346 = SURFACE_STYLE_USAGE(.BOTH.,#6347);
#6347 = SURFACE_SIDE_STYLE('',(#6348));
#6348 = SURFACE_STYLE_FILL_AREA(#6349);
#6349 = FILL_AREA_STYLE('',(#6350));
#6350 = FILL_AREA_STYLE_COLOUR('',#6259);
#6351 = STYLED_ITEM('color',(#6352),#1500);
#6352 = PRESENTATION_STYLE_ASSIGNMENT((#6353));
#6353 = SURFACE_STYLE_USAGE(.BOTH.,#6354);
#6354 = SURFACE_SIDE_STYLE('',(#6355));
#6355 = SURFACE_STYLE_FILL_AREA(#6356);
#6356 = FILL_AREA_STYLE('',(#6357));
#6357 = FILL_AREA_STYLE_COLOUR('',#6259);
#6358 = STYLED_ITEM('color',(#6359),#1524);
#6359 = PRESENTATION_STYLE_ASSIGNMENT((#6360));
#6360 = SURFACE_STYLE_USAGE(.BOTH.,#6361);
#6361 = SURFACE_SIDE_STYLE('',(#6362));
#6362 = SURFACE_STYLE_FILL_AREA(#6363);
#6363 = FILL_AREA_STYLE('',(#6364));
#6364 = FILL_AREA_STYLE_COLOUR('',#6259);
#6365 = STYLED_ITEM('color',(#6366),#1602);
#6366 = PRESENTATION_STYLE_ASSIGNMENT((#6367));
#6367 = SURFACE_STYLE_USAGE(.BOTH.,#6368);
#6368 = SURFACE_SIDE_STYLE('',(#6369));
#6369 = SURFACE_STYLE_FILL_AREA(#6370);
#6370 = FILL_AREA_STYLE('',(#6371));
#6371 = FILL_AREA_STYLE_COLOUR('',#6259);
#6372 = STYLED_ITEM('color',(#6373),#1633);
#6373 = PRESENTATION_STYLE_ASSIGNMENT((#6374));
#6374 = SURFACE_STYLE_USAGE(.BOTH.,#6375);
#6375 = SURFACE_SIDE_STYLE('',(#6376));
#6376 = SURFACE_STYLE_FILL_AREA(#6377);
#6377 = FILL_AREA_STYLE('',(#6378));
#6378 = FILL_AREA_STYLE_COLOUR('',#6259);
#6379 = STYLED_ITEM('color',(#6380),#1718);
#6380 = PRESENTATION_STYLE_ASSIGNMENT((#6381));
#6381 = SURFACE_STYLE_USAGE(.BOTH.,#6382);
#6382 = SURFACE_SIDE_STYLE('',(#6383));
#6383 = SURFACE_STYLE_FILL_AREA(#6384);
#6384 = FILL_AREA_STYLE('',(#6385));
#6385 = FILL_AREA_STYLE_COLOUR('',#6259);
#6386 = STYLED_ITEM('color',(#6387),#1742);
#6387 = PRESENTATION_STYLE_ASSIGNMENT((#6388));
#6388 = SURFACE_STYLE_USAGE(.BOTH.,#6389);
#6389 = SURFACE_SIDE_STYLE('',(#6390));
#6390 = SURFACE_STYLE_FILL_AREA(#6391);
#6391 = FILL_AREA_STYLE('',(#6392));
#6392 = FILL_AREA_STYLE_COLOUR('',#6259);
#6393 = STYLED_ITEM('color',(#6394),#1820);
#6394 = PRESENTATION_STYLE_ASSIGNMENT((#6395));
#6395 = SURFACE_STYLE_USAGE(.BOTH.,#6396);
#6396 = SURFACE_SIDE_STYLE('',(#6397));
#6397 = SURFACE_STYLE_FILL_AREA(#6398);
#6398 = FILL_AREA_STYLE('',(#6399));
#6399 = FILL_AREA_STYLE_COLOUR('',#6259);
#6400 = STYLED_ITEM('color',(#6401),#1837);
#6401 = PRESENTATION_STYLE_ASSIGNMENT((#6402));
#6402 = SURFACE_STYLE_USAGE(.BOTH.,#6403);
#6403 = SURFACE_SIDE_STYLE('',(#6404));
#6404 = SURFACE_STYLE_FILL_AREA(#6405);
#6405 = FILL_AREA_STYLE('',(#6406));
#6406 = FILL_AREA_STYLE_COLOUR('',#6259);
#6407 = STYLED_ITEM('color',(#6408),#1854);
#6408 = PRESENTATION_STYLE_ASSIGNMENT((#6409));
#6409 = SURFACE_STYLE_USAGE(.BOTH.,#6410);
#6410 = SURFACE_SIDE_STYLE('',(#6411));
#6411 = SURFACE_STYLE_FILL_AREA(#6412);
#6412 = FILL_AREA_STYLE('',(#6413));
#6413 = FILL_AREA_STYLE_COLOUR('',#6259);
#6414 = STYLED_ITEM('color',(#6415),#1871);
#6415 = PRESENTATION_STYLE_ASSIGNMENT((#6416));
#6416 = SURFACE_STYLE_USAGE(.BOTH.,#6417);
#6417 = SURFACE_SIDE_STYLE('',(#6418));
#6418 = SURFACE_STYLE_FILL_AREA(#6419);
#6419 = FILL_AREA_STYLE('',(#6420));
#6420 = FILL_AREA_STYLE_COLOUR('',#6259);
#6421 = STYLED_ITEM('color',(#6422),#1888);
#6422 = PRESENTATION_STYLE_ASSIGNMENT((#6423));
#6423 = SURFACE_STYLE_USAGE(.BOTH.,#6424);
#6424 = SURFACE_SIDE_STYLE('',(#6425));
#6425 = SURFACE_STYLE_FILL_AREA(#6426);
#6426 = FILL_AREA_STYLE('',(#6427));
#6427 = FILL_AREA_STYLE_COLOUR('',#6259);
#6428 = STYLED_ITEM('color',(#6429),#1905);
#6429 = PRESENTATION_STYLE_ASSIGNMENT((#6430));
#6430 = SURFACE_STYLE_USAGE(.BOTH.,#6431);
#6431 = SURFACE_SIDE_STYLE('',(#6432));
#6432 = SURFACE_STYLE_FILL_AREA(#6433);
#6433 = FILL_AREA_STYLE('',(#6434));
#6434 = FILL_AREA_STYLE_COLOUR('',#6259);
#6435 = STYLED_ITEM('color',(#6436),#1922);
#6436 = PRESENTATION_STYLE_ASSIGNMENT((#6437));
#6437 = SURFACE_STYLE_USAGE(.BOTH.,#6438);
#6438 = SURFACE_SIDE_STYLE('',(#6439));
#6439 = SURFACE_STYLE_FILL_AREA(#6440);
#6440 = FILL_AREA_STYLE('',(#6441));
#6441 = FILL_AREA_STYLE_COLOUR('',#6259);
#6442 = STYLED_ITEM('color',(#6443),#1939);
#6443 = PRESENTATION_STYLE_ASSIGNMENT((#6444));
#6444 = SURFACE_STYLE_USAGE(.BOTH.,#6445);
#6445 = SURFACE_SIDE_STYLE('',(#6446));
#6446 = SURFACE_STYLE_FILL_AREA(#6447);
#6447 = FILL_AREA_STYLE('',(#6448));
#6448 = FILL_AREA_STYLE_COLOUR('',#6259);
#6449 = STYLED_ITEM('color',(#6450),#1961);
#6450 = PRESENTATION_STYLE_ASSIGNMENT((#6451));
#6451 = SURFACE_STYLE_USAGE(.BOTH.,#6452);
#6452 = SURFACE_SIDE_STYLE('',(#6453));
#6453 = SURFACE_STYLE_FILL_AREA(#6454);
#6454 = FILL_AREA_STYLE('',(#6455));
#6455 = FILL_AREA_STYLE_COLOUR('',#6259);
#6456 = STYLED_ITEM('color',(#6457),#1973);
#6457 = PRESENTATION_STYLE_ASSIGNMENT((#6458));
#6458 = SURFACE_STYLE_USAGE(.BOTH.,#6459);
#6459 = SURFACE_SIDE_STYLE('',(#6460));
#6460 = SURFACE_STYLE_FILL_AREA(#6461);
#6461 = FILL_AREA_STYLE('',(#6462));
#6462 = FILL_AREA_STYLE_COLOUR('',#6259);
#6463 = STYLED_ITEM('color',(#6464),#1985);
#6464 = PRESENTATION_STYLE_ASSIGNMENT((#6465));
#6465 = SURFACE_STYLE_USAGE(.BOTH.,#6466);
#6466 = SURFACE_SIDE_STYLE('',(#6467));
#6467 = SURFACE_STYLE_FILL_AREA(#6468);
#6468 = FILL_AREA_STYLE('',(#6469));
#6469 = FILL_AREA_STYLE_COLOUR('',#6259);
#6470 = STYLED_ITEM('color',(#6471),#2002);
#6471 = PRESENTATION_STYLE_ASSIGNMENT((#6472));
#6472 = SURFACE_STYLE_USAGE(.BOTH.,#6473);
#6473 = SURFACE_SIDE_STYLE('',(#6474));
#6474 = SURFACE_STYLE_FILL_AREA(#6475);
#6475 = FILL_AREA_STYLE('',(#6476));
#6476 = FILL_AREA_STYLE_COLOUR('',#6259);
#6477 = STYLED_ITEM('color',(#6478),#2014);
#6478 = PRESENTATION_STYLE_ASSIGNMENT((#6479));
#6479 = SURFACE_STYLE_USAGE(.BOTH.,#6480);
#6480 = SURFACE_SIDE_STYLE('',(#6481));
#6481 = SURFACE_STYLE_FILL_AREA(#6482);
#6482 = FILL_AREA_STYLE('',(#6483));
#6483 = FILL_AREA_STYLE_COLOUR('',#6259);
#6484 = STYLED_ITEM('color',(#6485),#2031);
#6485 = PRESENTATION_STYLE_ASSIGNMENT((#6486));
#6486 = SURFACE_STYLE_USAGE(.BOTH.,#6487);
#6487 = SURFACE_SIDE_STYLE('',(#6488));
#6488 = SURFACE_STYLE_FILL_AREA(#6489);
#6489 = FILL_AREA_STYLE('',(#6490));
#6490 = FILL_AREA_STYLE_COLOUR('',#6259);
#6491 = STYLED_ITEM('color',(#6492),#2053);
#6492 = PRESENTATION_STYLE_ASSIGNMENT((#6493));
#6493 = SURFACE_STYLE_USAGE(.BOTH.,#6494);
#6494 = SURFACE_SIDE_STYLE('',(#6495));
#6495 = SURFACE_STYLE_FILL_AREA(#6496);
#6496 = FILL_AREA_STYLE('',(#6497));
#6497 = FILL_AREA_STYLE_COLOUR('',#6259);
#6498 = STYLED_ITEM('color',(#6499),#2065);
#6499 = PRESENTATION_STYLE_ASSIGNMENT((#6500));
#6500 = SURFACE_STYLE_USAGE(.BOTH.,#6501);
#6501 = SURFACE_SIDE_STYLE('',(#6502));
#6502 = SURFACE_STYLE_FILL_AREA(#6503);
#6503 = FILL_AREA_STYLE('',(#6504));
#6504 = FILL_AREA_STYLE_COLOUR('',#6259);
#6505 = STYLED_ITEM('color',(#6506),#2082);
#6506 = PRESENTATION_STYLE_ASSIGNMENT((#6507));
#6507 = SURFACE_STYLE_USAGE(.BOTH.,#6508);
#6508 = SURFACE_SIDE_STYLE('',(#6509));
#6509 = SURFACE_STYLE_FILL_AREA(#6510);
#6510 = FILL_AREA_STYLE('',(#6511));
#6511 = FILL_AREA_STYLE_COLOUR('',#6259);
#6512 = STYLED_ITEM('color',(#6513),#2094);
#6513 = PRESENTATION_STYLE_ASSIGNMENT((#6514));
#6514 = SURFACE_STYLE_USAGE(.BOTH.,#6515);
#6515 = SURFACE_SIDE_STYLE('',(#6516));
#6516 = SURFACE_STYLE_FILL_AREA(#6517);
#6517 = FILL_AREA_STYLE('',(#6518));
#6518 = FILL_AREA_STYLE_COLOUR('',#6259);
#6519 = STYLED_ITEM('color',(#6520),#2106);
#6520 = PRESENTATION_STYLE_ASSIGNMENT((#6521));
#6521 = SURFACE_STYLE_USAGE(.BOTH.,#6522);
#6522 = SURFACE_SIDE_STYLE('',(#6523));
#6523 = SURFACE_STYLE_FILL_AREA(#6524);
#6524 = FILL_AREA_STYLE('',(#6525));
#6525 = FILL_AREA_STYLE_COLOUR('',#6259);
#6526 = STYLED_ITEM('color',(#6527),#2123);
#6527 = PRESENTATION_STYLE_ASSIGNMENT((#6528));
#6528 = SURFACE_STYLE_USAGE(.BOTH.,#6529);
#6529 = SURFACE_SIDE_STYLE('',(#6530));
#6530 = SURFACE_STYLE_FILL_AREA(#6531);
#6531 = FILL_AREA_STYLE('',(#6532));
#6532 = FILL_AREA_STYLE_COLOUR('',#6259);
#6533 = STYLED_ITEM('color',(#6534),#2140);
#6534 = PRESENTATION_STYLE_ASSIGNMENT((#6535));
#6535 = SURFACE_STYLE_USAGE(.BOTH.,#6536);
#6536 = SURFACE_SIDE_STYLE('',(#6537));
#6537 = SURFACE_STYLE_FILL_AREA(#6538);
#6538 = FILL_AREA_STYLE('',(#6539));
#6539 = FILL_AREA_STYLE_COLOUR('',#6259);
#6540 = STYLED_ITEM('color',(#6541),#2157);
#6541 = PRESENTATION_STYLE_ASSIGNMENT((#6542));
#6542 = SURFACE_STYLE_USAGE(.BOTH.,#6543);
#6543 = SURFACE_SIDE_STYLE('',(#6544));
#6544 = SURFACE_STYLE_FILL_AREA(#6545);
#6545 = FILL_AREA_STYLE('',(#6546));
#6546 = FILL_AREA_STYLE_COLOUR('',#6259);
#6547 = STYLED_ITEM('color',(#6548),#2179);
#6548 = PRESENTATION_STYLE_ASSIGNMENT((#6549));
#6549 = SURFACE_STYLE_USAGE(.BOTH.,#6550);
#6550 = SURFACE_SIDE_STYLE('',(#6551));
#6551 = SURFACE_STYLE_FILL_AREA(#6552);
#6552 = FILL_AREA_STYLE('',(#6553));
#6553 = FILL_AREA_STYLE_COLOUR('',#6259);
#6554 = STYLED_ITEM('color',(#6555),#2191);
#6555 = PRESENTATION_STYLE_ASSIGNMENT((#6556));
#6556 = SURFACE_STYLE_USAGE(.BOTH.,#6557);
#6557 = SURFACE_SIDE_STYLE('',(#6558));
#6558 = SURFACE_STYLE_FILL_AREA(#6559);
#6559 = FILL_AREA_STYLE('',(#6560));
#6560 = FILL_AREA_STYLE_COLOUR('',#6259);
#6561 = STYLED_ITEM('color',(#6562),#2208);
#6562 = PRESENTATION_STYLE_ASSIGNMENT((#6563));
#6563 = SURFACE_STYLE_USAGE(.BOTH.,#6564);
#6564 = SURFACE_SIDE_STYLE('',(#6565));
#6565 = SURFACE_STYLE_FILL_AREA(#6566);
#6566 = FILL_AREA_STYLE('',(#6567));
#6567 = FILL_AREA_STYLE_COLOUR('',#6259);
#6568 = STYLED_ITEM('color',(#6569),#2220);
#6569 = PRESENTATION_STYLE_ASSIGNMENT((#6570));
#6570 = SURFACE_STYLE_USAGE(.BOTH.,#6571);
#6571 = SURFACE_SIDE_STYLE('',(#6572));
#6572 = SURFACE_STYLE_FILL_AREA(#6573);
#6573 = FILL_AREA_STYLE('',(#6574));
#6574 = FILL_AREA_STYLE_COLOUR('',#6259);
#6575 = STYLED_ITEM('color',(#6576),#2232);
#6576 = PRESENTATION_STYLE_ASSIGNMENT((#6577));
#6577 = SURFACE_STYLE_USAGE(.BOTH.,#6578);
#6578 = SURFACE_SIDE_STYLE('',(#6579));
#6579 = SURFACE_STYLE_FILL_AREA(#6580);
#6580 = FILL_AREA_STYLE('',(#6581));
#6581 = FILL_AREA_STYLE_COLOUR('',#6259);
#6582 = STYLED_ITEM('color',(#6583),#2249);
#6583 = PRESENTATION_STYLE_ASSIGNMENT((#6584));
#6584 = SURFACE_STYLE_USAGE(.BOTH.,#6585);
#6585 = SURFACE_SIDE_STYLE('',(#6586));
#6586 = SURFACE_STYLE_FILL_AREA(#6587);
#6587 = FILL_AREA_STYLE('',(#6588));
#6588 = FILL_AREA_STYLE_COLOUR('',#6259);
#6589 = STYLED_ITEM('color',(#6590),#2271);
#6590 = PRESENTATION_STYLE_ASSIGNMENT((#6591));
#6591 = SURFACE_STYLE_USAGE(.BOTH.,#6592);
#6592 = SURFACE_SIDE_STYLE('',(#6593));
#6593 = SURFACE_STYLE_FILL_AREA(#6594);
#6594 = FILL_AREA_STYLE('',(#6595));
#6595 = FILL_AREA_STYLE_COLOUR('',#6259);
#6596 = STYLED_ITEM('color',(#6597),#2283);
#6597 = PRESENTATION_STYLE_ASSIGNMENT((#6598));
#6598 = SURFACE_STYLE_USAGE(.BOTH.,#6599);
#6599 = SURFACE_SIDE_STYLE('',(#6600));
#6600 = SURFACE_STYLE_FILL_AREA(#6601);
#6601 = FILL_AREA_STYLE('',(#6602));
#6602 = FILL_AREA_STYLE_COLOUR('',#6259);
#6603 = STYLED_ITEM('color',(#6604),#2300);
#6604 = PRESENTATION_STYLE_ASSIGNMENT((#6605));
#6605 = SURFACE_STYLE_USAGE(.BOTH.,#6606);
#6606 = SURFACE_SIDE_STYLE('',(#6607));
#6607 = SURFACE_STYLE_FILL_AREA(#6608);
#6608 = FILL_AREA_STYLE('',(#6609));
#6609 = FILL_AREA_STYLE_COLOUR('',#6259);
#6610 = STYLED_ITEM('color',(#6611),#2312);
#6611 = PRESENTATION_STYLE_ASSIGNMENT((#6612));
#6612 = SURFACE_STYLE_USAGE(.BOTH.,#6613);
#6613 = SURFACE_SIDE_STYLE('',(#6614));
#6614 = SURFACE_STYLE_FILL_AREA(#6615);
#6615 = FILL_AREA_STYLE('',(#6616));
#6616 = FILL_AREA_STYLE_COLOUR('',#6259);
#6617 = MECHANICAL_DESIGN_GEOMETRIC_PRESENTATION_REPRESENTATION('',(
    #6618,#6626,#6633,#6640,#6647,#6654,#6661,#6668,#6675,#6682,#6689,
    #6696,#6703,#6710,#6717,#6724,#6731,#6739,#6746,#6753,#6760,#6767,
    #6774,#6781,#6788,#6795,#6802,#6809,#6816,#6823,#6830,#6837,#6844,
    #6851,#6858,#6865,#6872,#6879,#6886,#6893,#6900,#6907,#6914,#6921,
    #6928,#6935,#6942,#6949,#6956,#6963,#6970,#6977),#4599);
#6618 = STYLED_ITEM('color',(#6619),#3169);
#6619 = PRESENTATION_STYLE_ASSIGNMENT((#6620));
#6620 = SURFACE_STYLE_USAGE(.BOTH.,#6621);
#6621 = SURFACE_SIDE_STYLE('',(#6622));
#6622 = SURFACE_STYLE_FILL_AREA(#6623);
#6623 = FILL_AREA_STYLE('',(#6624));
#6624 = FILL_AREA_STYLE_COLOUR('',#6625);
#6625 = COLOUR_RGB('',0.147999998088,0.144999993226,0.144999993226);
#6626 = STYLED_ITEM('color',(#6627),#3209);
#6627 = PRESENTATION_STYLE_ASSIGNMENT((#6628));
#6628 = SURFACE_STYLE_USAGE(.BOTH.,#6629);
#6629 = SURFACE_SIDE_STYLE('',(#6630));
#6630 = SURFACE_STYLE_FILL_AREA(#6631);
#6631 = FILL_AREA_STYLE('',(#6632));
#6632 = FILL_AREA_STYLE_COLOUR('',#6625);
#6633 = STYLED_ITEM('color',(#6634),#3240);
#6634 = PRESENTATION_STYLE_ASSIGNMENT((#6635));
#6635 = SURFACE_STYLE_USAGE(.BOTH.,#6636);
#6636 = SURFACE_SIDE_STYLE('',(#6637));
#6637 = SURFACE_STYLE_FILL_AREA(#6638);
#6638 = FILL_AREA_STYLE('',(#6639));
#6639 = FILL_AREA_STYLE_COLOUR('',#6625);
#6640 = STYLED_ITEM('color',(#6641),#3271);
#6641 = PRESENTATION_STYLE_ASSIGNMENT((#6642));
#6642 = SURFACE_STYLE_USAGE(.BOTH.,#6643);
#6643 = SURFACE_SIDE_STYLE('',(#6644));
#6644 = SURFACE_STYLE_FILL_AREA(#6645);
#6645 = FILL_AREA_STYLE('',(#6646));
#6646 = FILL_AREA_STYLE_COLOUR('',#6625);
#6647 = STYLED_ITEM('color',(#6648),#3436);
#6648 = PRESENTATION_STYLE_ASSIGNMENT((#6649));
#6649 = SURFACE_STYLE_USAGE(.BOTH.,#6650);
#6650 = SURFACE_SIDE_STYLE('',(#6651));
#6651 = SURFACE_STYLE_FILL_AREA(#6652);
#6652 = FILL_AREA_STYLE('',(#6653));
#6653 = FILL_AREA_STYLE_COLOUR('',#6625);
#6654 = STYLED_ITEM('color',(#6655),#3601);
#6655 = PRESENTATION_STYLE_ASSIGNMENT((#6656));
#6656 = SURFACE_STYLE_USAGE(.BOTH.,#6657);
#6657 = SURFACE_SIDE_STYLE('',(#6658));
#6658 = SURFACE_STYLE_FILL_AREA(#6659);
#6659 = FILL_AREA_STYLE('',(#6660));
#6660 = FILL_AREA_STYLE_COLOUR('',#6625);
#6661 = STYLED_ITEM('color',(#6662),#3618);
#6662 = PRESENTATION_STYLE_ASSIGNMENT((#6663));
#6663 = SURFACE_STYLE_USAGE(.BOTH.,#6664);
#6664 = SURFACE_SIDE_STYLE('',(#6665));
#6665 = SURFACE_STYLE_FILL_AREA(#6666);
#6666 = FILL_AREA_STYLE('',(#6667));
#6667 = FILL_AREA_STYLE_COLOUR('',#6625);
#6668 = STYLED_ITEM('color',(#6669),#3635);
#6669 = PRESENTATION_STYLE_ASSIGNMENT((#6670));
#6670 = SURFACE_STYLE_USAGE(.BOTH.,#6671);
#6671 = SURFACE_SIDE_STYLE('',(#6672));
#6672 = SURFACE_STYLE_FILL_AREA(#6673);
#6673 = FILL_AREA_STYLE('',(#6674));
#6674 = FILL_AREA_STYLE_COLOUR('',#6625);
#6675 = STYLED_ITEM('color',(#6676),#3652);
#6676 = PRESENTATION_STYLE_ASSIGNMENT((#6677));
#6677 = SURFACE_STYLE_USAGE(.BOTH.,#6678);
#6678 = SURFACE_SIDE_STYLE('',(#6679));
#6679 = SURFACE_STYLE_FILL_AREA(#6680);
#6680 = FILL_AREA_STYLE('',(#6681));
#6681 = FILL_AREA_STYLE_COLOUR('',#6625);
#6682 = STYLED_ITEM('color',(#6683),#3669);
#6683 = PRESENTATION_STYLE_ASSIGNMENT((#6684));
#6684 = SURFACE_STYLE_USAGE(.BOTH.,#6685);
#6685 = SURFACE_SIDE_STYLE('',(#6686));
#6686 = SURFACE_STYLE_FILL_AREA(#6687);
#6687 = FILL_AREA_STYLE('',(#6688));
#6688 = FILL_AREA_STYLE_COLOUR('',#6625);
#6689 = STYLED_ITEM('color',(#6690),#3686);
#6690 = PRESENTATION_STYLE_ASSIGNMENT((#6691));
#6691 = SURFACE_STYLE_USAGE(.BOTH.,#6692);
#6692 = SURFACE_SIDE_STYLE('',(#6693));
#6693 = SURFACE_STYLE_FILL_AREA(#6694);
#6694 = FILL_AREA_STYLE('',(#6695));
#6695 = FILL_AREA_STYLE_COLOUR('',#6625);
#6696 = STYLED_ITEM('color',(#6697),#3703);
#6697 = PRESENTATION_STYLE_ASSIGNMENT((#6698));
#6698 = SURFACE_STYLE_USAGE(.BOTH.,#6699);
#6699 = SURFACE_SIDE_STYLE('',(#6700));
#6700 = SURFACE_STYLE_FILL_AREA(#6701);
#6701 = FILL_AREA_STYLE('',(#6702));
#6702 = FILL_AREA_STYLE_COLOUR('',#6625);
#6703 = STYLED_ITEM('color',(#6704),#3720);
#6704 = PRESENTATION_STYLE_ASSIGNMENT((#6705));
#6705 = SURFACE_STYLE_USAGE(.BOTH.,#6706);
#6706 = SURFACE_SIDE_STYLE('',(#6707));
#6707 = SURFACE_STYLE_FILL_AREA(#6708);
#6708 = FILL_AREA_STYLE('',(#6709));
#6709 = FILL_AREA_STYLE_COLOUR('',#6625);
#6710 = STYLED_ITEM('color',(#6711),#3737);
#6711 = PRESENTATION_STYLE_ASSIGNMENT((#6712));
#6712 = SURFACE_STYLE_USAGE(.BOTH.,#6713);
#6713 = SURFACE_SIDE_STYLE('',(#6714));
#6714 = SURFACE_STYLE_FILL_AREA(#6715);
#6715 = FILL_AREA_STYLE('',(#6716));
#6716 = FILL_AREA_STYLE_COLOUR('',#6625);
#6717 = STYLED_ITEM('color',(#6718),#3754);
#6718 = PRESENTATION_STYLE_ASSIGNMENT((#6719));
#6719 = SURFACE_STYLE_USAGE(.BOTH.,#6720);
#6720 = SURFACE_SIDE_STYLE('',(#6721));
#6721 = SURFACE_STYLE_FILL_AREA(#6722);
#6722 = FILL_AREA_STYLE('',(#6723));
#6723 = FILL_AREA_STYLE_COLOUR('',#6625);
#6724 = STYLED_ITEM('color',(#6725),#3771);
#6725 = PRESENTATION_STYLE_ASSIGNMENT((#6726));
#6726 = SURFACE_STYLE_USAGE(.BOTH.,#6727);
#6727 = SURFACE_SIDE_STYLE('',(#6728));
#6728 = SURFACE_STYLE_FILL_AREA(#6729);
#6729 = FILL_AREA_STYLE('',(#6730));
#6730 = FILL_AREA_STYLE_COLOUR('',#6625);
#6731 = STYLED_ITEM('color',(#6732),#3783);
#6732 = PRESENTATION_STYLE_ASSIGNMENT((#6733));
#6733 = SURFACE_STYLE_USAGE(.BOTH.,#6734);
#6734 = SURFACE_SIDE_STYLE('',(#6735));
#6735 = SURFACE_STYLE_FILL_AREA(#6736);
#6736 = FILL_AREA_STYLE('',(#6737));
#6737 = FILL_AREA_STYLE_COLOUR('',#6738);
#6738 = COLOUR_RGB('',0.859000020776,0.737999965183,0.495999988746);
#6739 = STYLED_ITEM('color',(#6740),#3814);
#6740 = PRESENTATION_STYLE_ASSIGNMENT((#6741));
#6741 = SURFACE_STYLE_USAGE(.BOTH.,#6742);
#6742 = SURFACE_SIDE_STYLE('',(#6743));
#6743 = SURFACE_STYLE_FILL_AREA(#6744);
#6744 = FILL_AREA_STYLE('',(#6745));
#6745 = FILL_AREA_STYLE_COLOUR('',#6738);
#6746 = STYLED_ITEM('color',(#6747),#3838);
#6747 = PRESENTATION_STYLE_ASSIGNMENT((#6748));
#6748 = SURFACE_STYLE_USAGE(.BOTH.,#6749);
#6749 = SURFACE_SIDE_STYLE('',(#6750));
#6750 = SURFACE_STYLE_FILL_AREA(#6751);
#6751 = FILL_AREA_STYLE('',(#6752));
#6752 = FILL_AREA_STYLE_COLOUR('',#6738);
#6753 = STYLED_ITEM('color',(#6754),#3862);
#6754 = PRESENTATION_STYLE_ASSIGNMENT((#6755));
#6755 = SURFACE_STYLE_USAGE(.BOTH.,#6756);
#6756 = SURFACE_SIDE_STYLE('',(#6757));
#6757 = SURFACE_STYLE_FILL_AREA(#6758);
#6758 = FILL_AREA_STYLE('',(#6759));
#6759 = FILL_AREA_STYLE_COLOUR('',#6738);
#6760 = STYLED_ITEM('color',(#6761),#3879);
#6761 = PRESENTATION_STYLE_ASSIGNMENT((#6762));
#6762 = SURFACE_STYLE_USAGE(.BOTH.,#6763);
#6763 = SURFACE_SIDE_STYLE('',(#6764));
#6764 = SURFACE_STYLE_FILL_AREA(#6765);
#6765 = FILL_AREA_STYLE('',(#6766));
#6766 = FILL_AREA_STYLE_COLOUR('',#6738);
#6767 = STYLED_ITEM('color',(#6768),#3910);
#6768 = PRESENTATION_STYLE_ASSIGNMENT((#6769));
#6769 = SURFACE_STYLE_USAGE(.BOTH.,#6770);
#6770 = SURFACE_SIDE_STYLE('',(#6771));
#6771 = SURFACE_STYLE_FILL_AREA(#6772);
#6772 = FILL_AREA_STYLE('',(#6773));
#6773 = FILL_AREA_STYLE_COLOUR('',#6738);
#6774 = STYLED_ITEM('color',(#6775),#3934);
#6775 = PRESENTATION_STYLE_ASSIGNMENT((#6776));
#6776 = SURFACE_STYLE_USAGE(.BOTH.,#6777);
#6777 = SURFACE_SIDE_STYLE('',(#6778));
#6778 = SURFACE_STYLE_FILL_AREA(#6779);
#6779 = FILL_AREA_STYLE('',(#6780));
#6780 = FILL_AREA_STYLE_COLOUR('',#6738);
#6781 = STYLED_ITEM('color',(#6782),#3958);
#6782 = PRESENTATION_STYLE_ASSIGNMENT((#6783));
#6783 = SURFACE_STYLE_USAGE(.BOTH.,#6784);
#6784 = SURFACE_SIDE_STYLE('',(#6785));
#6785 = SURFACE_STYLE_FILL_AREA(#6786);
#6786 = FILL_AREA_STYLE('',(#6787));
#6787 = FILL_AREA_STYLE_COLOUR('',#6738);
#6788 = STYLED_ITEM('color',(#6789),#3975);
#6789 = PRESENTATION_STYLE_ASSIGNMENT((#6790));
#6790 = SURFACE_STYLE_USAGE(.BOTH.,#6791);
#6791 = SURFACE_SIDE_STYLE('',(#6792));
#6792 = SURFACE_STYLE_FILL_AREA(#6793);
#6793 = FILL_AREA_STYLE('',(#6794));
#6794 = FILL_AREA_STYLE_COLOUR('',#6738);
#6795 = STYLED_ITEM('color',(#6796),#4006);
#6796 = PRESENTATION_STYLE_ASSIGNMENT((#6797));
#6797 = SURFACE_STYLE_USAGE(.BOTH.,#6798);
#6798 = SURFACE_SIDE_STYLE('',(#6799));
#6799 = SURFACE_STYLE_FILL_AREA(#6800);
#6800 = FILL_AREA_STYLE('',(#6801));
#6801 = FILL_AREA_STYLE_COLOUR('',#6738);
#6802 = STYLED_ITEM('color',(#6803),#4030);
#6803 = PRESENTATION_STYLE_ASSIGNMENT((#6804));
#6804 = SURFACE_STYLE_USAGE(.BOTH.,#6805);
#6805 = SURFACE_SIDE_STYLE('',(#6806));
#6806 = SURFACE_STYLE_FILL_AREA(#6807);
#6807 = FILL_AREA_STYLE('',(#6808));
#6808 = FILL_AREA_STYLE_COLOUR('',#6738);
#6809 = STYLED_ITEM('color',(#6810),#4054);
#6810 = PRESENTATION_STYLE_ASSIGNMENT((#6811));
#6811 = SURFACE_STYLE_USAGE(.BOTH.,#6812);
#6812 = SURFACE_SIDE_STYLE('',(#6813));
#6813 = SURFACE_STYLE_FILL_AREA(#6814);
#6814 = FILL_AREA_STYLE('',(#6815));
#6815 = FILL_AREA_STYLE_COLOUR('',#6738);
#6816 = STYLED_ITEM('color',(#6817),#4071);
#6817 = PRESENTATION_STYLE_ASSIGNMENT((#6818));
#6818 = SURFACE_STYLE_USAGE(.BOTH.,#6819);
#6819 = SURFACE_SIDE_STYLE('',(#6820));
#6820 = SURFACE_STYLE_FILL_AREA(#6821);
#6821 = FILL_AREA_STYLE('',(#6822));
#6822 = FILL_AREA_STYLE_COLOUR('',#6738);
#6823 = STYLED_ITEM('color',(#6824),#4102);
#6824 = PRESENTATION_STYLE_ASSIGNMENT((#6825));
#6825 = SURFACE_STYLE_USAGE(.BOTH.,#6826);
#6826 = SURFACE_SIDE_STYLE('',(#6827));
#6827 = SURFACE_STYLE_FILL_AREA(#6828);
#6828 = FILL_AREA_STYLE('',(#6829));
#6829 = FILL_AREA_STYLE_COLOUR('',#6738);
#6830 = STYLED_ITEM('color',(#6831),#4126);
#6831 = PRESENTATION_STYLE_ASSIGNMENT((#6832));
#6832 = SURFACE_STYLE_USAGE(.BOTH.,#6833);
#6833 = SURFACE_SIDE_STYLE('',(#6834));
#6834 = SURFACE_STYLE_FILL_AREA(#6835);
#6835 = FILL_AREA_STYLE('',(#6836));
#6836 = FILL_AREA_STYLE_COLOUR('',#6738);
#6837 = STYLED_ITEM('color',(#6838),#4150);
#6838 = PRESENTATION_STYLE_ASSIGNMENT((#6839));
#6839 = SURFACE_STYLE_USAGE(.BOTH.,#6840);
#6840 = SURFACE_SIDE_STYLE('',(#6841));
#6841 = SURFACE_STYLE_FILL_AREA(#6842);
#6842 = FILL_AREA_STYLE('',(#6843));
#6843 = FILL_AREA_STYLE_COLOUR('',#6738);
#6844 = STYLED_ITEM('color',(#6845),#4167);
#6845 = PRESENTATION_STYLE_ASSIGNMENT((#6846));
#6846 = SURFACE_STYLE_USAGE(.BOTH.,#6847);
#6847 = SURFACE_SIDE_STYLE('',(#6848));
#6848 = SURFACE_STYLE_FILL_AREA(#6849);
#6849 = FILL_AREA_STYLE('',(#6850));
#6850 = FILL_AREA_STYLE_COLOUR('',#6738);
#6851 = STYLED_ITEM('color',(#6852),#4198);
#6852 = PRESENTATION_STYLE_ASSIGNMENT((#6853));
#6853 = SURFACE_STYLE_USAGE(.BOTH.,#6854);
#6854 = SURFACE_SIDE_STYLE('',(#6855));
#6855 = SURFACE_STYLE_FILL_AREA(#6856);
#6856 = FILL_AREA_STYLE('',(#6857));
#6857 = FILL_AREA_STYLE_COLOUR('',#6738);
#6858 = STYLED_ITEM('color',(#6859),#4222);
#6859 = PRESENTATION_STYLE_ASSIGNMENT((#6860));
#6860 = SURFACE_STYLE_USAGE(.BOTH.,#6861);
#6861 = SURFACE_SIDE_STYLE('',(#6862));
#6862 = SURFACE_STYLE_FILL_AREA(#6863);
#6863 = FILL_AREA_STYLE('',(#6864));
#6864 = FILL_AREA_STYLE_COLOUR('',#6738);
#6865 = STYLED_ITEM('color',(#6866),#4246);
#6866 = PRESENTATION_STYLE_ASSIGNMENT((#6867));
#6867 = SURFACE_STYLE_USAGE(.BOTH.,#6868);
#6868 = SURFACE_SIDE_STYLE('',(#6869));
#6869 = SURFACE_STYLE_FILL_AREA(#6870);
#6870 = FILL_AREA_STYLE('',(#6871));
#6871 = FILL_AREA_STYLE_COLOUR('',#6738);
#6872 = STYLED_ITEM('color',(#6873),#4263);
#6873 = PRESENTATION_STYLE_ASSIGNMENT((#6874));
#6874 = SURFACE_STYLE_USAGE(.BOTH.,#6875);
#6875 = SURFACE_SIDE_STYLE('',(#6876));
#6876 = SURFACE_STYLE_FILL_AREA(#6877);
#6877 = FILL_AREA_STYLE('',(#6878));
#6878 = FILL_AREA_STYLE_COLOUR('',#6738);
#6879 = STYLED_ITEM('color',(#6880),#4294);
#6880 = PRESENTATION_STYLE_ASSIGNMENT((#6881));
#6881 = SURFACE_STYLE_USAGE(.BOTH.,#6882);
#6882 = SURFACE_SIDE_STYLE('',(#6883));
#6883 = SURFACE_STYLE_FILL_AREA(#6884);
#6884 = FILL_AREA_STYLE('',(#6885));
#6885 = FILL_AREA_STYLE_COLOUR('',#6738);
#6886 = STYLED_ITEM('color',(#6887),#4318);
#6887 = PRESENTATION_STYLE_ASSIGNMENT((#6888));
#6888 = SURFACE_STYLE_USAGE(.BOTH.,#6889);
#6889 = SURFACE_SIDE_STYLE('',(#6890));
#6890 = SURFACE_STYLE_FILL_AREA(#6891);
#6891 = FILL_AREA_STYLE('',(#6892));
#6892 = FILL_AREA_STYLE_COLOUR('',#6738);
#6893 = STYLED_ITEM('color',(#6894),#4342);
#6894 = PRESENTATION_STYLE_ASSIGNMENT((#6895));
#6895 = SURFACE_STYLE_USAGE(.BOTH.,#6896);
#6896 = SURFACE_SIDE_STYLE('',(#6897));
#6897 = SURFACE_STYLE_FILL_AREA(#6898);
#6898 = FILL_AREA_STYLE('',(#6899));
#6899 = FILL_AREA_STYLE_COLOUR('',#6738);
#6900 = STYLED_ITEM('color',(#6901),#4359);
#6901 = PRESENTATION_STYLE_ASSIGNMENT((#6902));
#6902 = SURFACE_STYLE_USAGE(.BOTH.,#6903);
#6903 = SURFACE_SIDE_STYLE('',(#6904));
#6904 = SURFACE_STYLE_FILL_AREA(#6905);
#6905 = FILL_AREA_STYLE('',(#6906));
#6906 = FILL_AREA_STYLE_COLOUR('',#6738);
#6907 = STYLED_ITEM('color',(#6908),#4390);
#6908 = PRESENTATION_STYLE_ASSIGNMENT((#6909));
#6909 = SURFACE_STYLE_USAGE(.BOTH.,#6910);
#6910 = SURFACE_SIDE_STYLE('',(#6911));
#6911 = SURFACE_STYLE_FILL_AREA(#6912);
#6912 = FILL_AREA_STYLE('',(#6913));
#6913 = FILL_AREA_STYLE_COLOUR('',#6738);
#6914 = STYLED_ITEM('color',(#6915),#4414);
#6915 = PRESENTATION_STYLE_ASSIGNMENT((#6916));
#6916 = SURFACE_STYLE_USAGE(.BOTH.,#6917);
#6917 = SURFACE_SIDE_STYLE('',(#6918));
#6918 = SURFACE_STYLE_FILL_AREA(#6919);
#6919 = FILL_AREA_STYLE('',(#6920));
#6920 = FILL_AREA_STYLE_COLOUR('',#6738);
#6921 = STYLED_ITEM('color',(#6922),#4438);
#6922 = PRESENTATION_STYLE_ASSIGNMENT((#6923));
#6923 = SURFACE_STYLE_USAGE(.BOTH.,#6924);
#6924 = SURFACE_SIDE_STYLE('',(#6925));
#6925 = SURFACE_STYLE_FILL_AREA(#6926);
#6926 = FILL_AREA_STYLE('',(#6927));
#6927 = FILL_AREA_STYLE_COLOUR('',#6738);
#6928 = STYLED_ITEM('color',(#6929),#4455);
#6929 = PRESENTATION_STYLE_ASSIGNMENT((#6930));
#6930 = SURFACE_STYLE_USAGE(.BOTH.,#6931);
#6931 = SURFACE_SIDE_STYLE('',(#6932));
#6932 = SURFACE_STYLE_FILL_AREA(#6933);
#6933 = FILL_AREA_STYLE('',(#6934));
#6934 = FILL_AREA_STYLE_COLOUR('',#6738);
#6935 = STYLED_ITEM('color',(#6936),#4486);
#6936 = PRESENTATION_STYLE_ASSIGNMENT((#6937));
#6937 = SURFACE_STYLE_USAGE(.BOTH.,#6938);
#6938 = SURFACE_SIDE_STYLE('',(#6939));
#6939 = SURFACE_STYLE_FILL_AREA(#6940);
#6940 = FILL_AREA_STYLE('',(#6941));
#6941 = FILL_AREA_STYLE_COLOUR('',#6738);
#6942 = STYLED_ITEM('color',(#6943),#4510);
#6943 = PRESENTATION_STYLE_ASSIGNMENT((#6944));
#6944 = SURFACE_STYLE_USAGE(.BOTH.,#6945);
#6945 = SURFACE_SIDE_STYLE('',(#6946));
#6946 = SURFACE_STYLE_FILL_AREA(#6947);
#6947 = FILL_AREA_STYLE('',(#6948));
#6948 = FILL_AREA_STYLE_COLOUR('',#6738);
#6949 = STYLED_ITEM('color',(#6950),#4534);
#6950 = PRESENTATION_STYLE_ASSIGNMENT((#6951));
#6951 = SURFACE_STYLE_USAGE(.BOTH.,#6952);
#6952 = SURFACE_SIDE_STYLE('',(#6953));
#6953 = SURFACE_STYLE_FILL_AREA(#6954);
#6954 = FILL_AREA_STYLE('',(#6955));
#6955 = FILL_AREA_STYLE_COLOUR('',#6738);
#6956 = STYLED_ITEM('color',(#6957),#4551);
#6957 = PRESENTATION_STYLE_ASSIGNMENT((#6958));
#6958 = SURFACE_STYLE_USAGE(.BOTH.,#6959);
#6959 = SURFACE_SIDE_STYLE('',(#6960));
#6960 = SURFACE_STYLE_FILL_AREA(#6961);
#6961 = FILL_AREA_STYLE('',(#6962));
#6962 = FILL_AREA_STYLE_COLOUR('',#6738);
#6963 = STYLED_ITEM('color',(#6964),#4563);
#6964 = PRESENTATION_STYLE_ASSIGNMENT((#6965));
#6965 = SURFACE_STYLE_USAGE(.BOTH.,#6966);
#6966 = SURFACE_SIDE_STYLE('',(#6967));
#6967 = SURFACE_STYLE_FILL_AREA(#6968);
#6968 = FILL_AREA_STYLE('',(#6969));
#6969 = FILL_AREA_STYLE_COLOUR('',#6738);
#6970 = STYLED_ITEM('color',(#6971),#4575);
#6971 = PRESENTATION_STYLE_ASSIGNMENT((#6972));
#6972 = SURFACE_STYLE_USAGE(.BOTH.,#6973);
#6973 = SURFACE_SIDE_STYLE('',(#6974));
#6974 = SURFACE_STYLE_FILL_AREA(#6975);
#6975 = FILL_AREA_STYLE('',(#6976));
#6976 = FILL_AREA_STYLE_COLOUR('',#6738);
#6977 = STYLED_ITEM('color',(#6978),#4587);
#6978 = PRESENTATION_STYLE_ASSIGNMENT((#6979));
#6979 = SURFACE_STYLE_USAGE(.BOTH.,#6980);
#6980 = SURFACE_SIDE_STYLE('',(#6981));
#6981 = SURFACE_STYLE_FILL_AREA(#6982);
#6982 = FILL_AREA_STYLE('',(#6983));
#6983 = FILL_AREA_STYLE_COLOUR('',#6738);
#6984 = MECHANICAL_DESIGN_GEOMETRIC_PRESENTATION_REPRESENTATION('',(
    #6985,#6992,#6999,#7006,#7013,#7020,#7027,#7034,#7042,#7049,#7056,
    #7063,#7070,#7077,#7085,#7092,#7099,#7106,#7113,#7120,#7127,#7134,
    #7141,#7148,#7155,#7162),#3133);
#6985 = STYLED_ITEM('color',(#6986),#2345);
#6986 = PRESENTATION_STYLE_ASSIGNMENT((#6987));
#6987 = SURFACE_STYLE_USAGE(.BOTH.,#6988);
#6988 = SURFACE_SIDE_STYLE('',(#6989));
#6989 = SURFACE_STYLE_FILL_AREA(#6990);
#6990 = FILL_AREA_STYLE('',(#6991));
#6991 = FILL_AREA_STYLE_COLOUR('',#6259);
#6992 = STYLED_ITEM('color',(#6993),#2385);
#6993 = PRESENTATION_STYLE_ASSIGNMENT((#6994));
#6994 = SURFACE_STYLE_USAGE(.BOTH.,#6995);
#6995 = SURFACE_SIDE_STYLE('',(#6996));
#6996 = SURFACE_STYLE_FILL_AREA(#6997);
#6997 = FILL_AREA_STYLE('',(#6998));
#6998 = FILL_AREA_STYLE_COLOUR('',#6259);
#6999 = STYLED_ITEM('color',(#7000),#2468);
#7000 = PRESENTATION_STYLE_ASSIGNMENT((#7001));
#7001 = SURFACE_STYLE_USAGE(.BOTH.,#7002);
#7002 = SURFACE_SIDE_STYLE('',(#7003));
#7003 = SURFACE_STYLE_FILL_AREA(#7004);
#7004 = FILL_AREA_STYLE('',(#7005));
#7005 = FILL_AREA_STYLE_COLOUR('',#6259);
#7006 = STYLED_ITEM('color',(#7007),#2493);
#7007 = PRESENTATION_STYLE_ASSIGNMENT((#7008));
#7008 = SURFACE_STYLE_USAGE(.BOTH.,#7009);
#7009 = SURFACE_SIDE_STYLE('',(#7010));
#7010 = SURFACE_STYLE_FILL_AREA(#7011);
#7011 = FILL_AREA_STYLE('',(#7012));
#7012 = FILL_AREA_STYLE_COLOUR('',#6259);
#7013 = STYLED_ITEM('color',(#7014),#2518);
#7014 = PRESENTATION_STYLE_ASSIGNMENT((#7015));
#7015 = SURFACE_STYLE_USAGE(.BOTH.,#7016);
#7016 = SURFACE_SIDE_STYLE('',(#7017));
#7017 = SURFACE_STYLE_FILL_AREA(#7018);
#7018 = FILL_AREA_STYLE('',(#7019));
#7019 = FILL_AREA_STYLE_COLOUR('',#6259);
#7020 = STYLED_ITEM('color',(#7021),#2585);
#7021 = PRESENTATION_STYLE_ASSIGNMENT((#7022));
#7022 = SURFACE_STYLE_USAGE(.BOTH.,#7023);
#7023 = SURFACE_SIDE_STYLE('',(#7024));
#7024 = SURFACE_STYLE_FILL_AREA(#7025);
#7025 = FILL_AREA_STYLE('',(#7026));
#7026 = FILL_AREA_STYLE_COLOUR('',#6259);
#7027 = STYLED_ITEM('color',(#7028),#2602);
#7028 = PRESENTATION_STYLE_ASSIGNMENT((#7029));
#7029 = SURFACE_STYLE_USAGE(.BOTH.,#7030);
#7030 = SURFACE_SIDE_STYLE('',(#7031));
#7031 = SURFACE_STYLE_FILL_AREA(#7032);
#7032 = FILL_AREA_STYLE('',(#7033));
#7033 = FILL_AREA_STYLE_COLOUR('',#6259);
#7034 = STYLED_ITEM('color',(#7035),#2619);
#7035 = PRESENTATION_STYLE_ASSIGNMENT((#7036));
#7036 = SURFACE_STYLE_USAGE(.BOTH.,#7037);
#7037 = SURFACE_SIDE_STYLE('',(#7038));
#7038 = SURFACE_STYLE_FILL_AREA(#7039);
#7039 = FILL_AREA_STYLE('',(#7040));
#7040 = FILL_AREA_STYLE_COLOUR('',#7041);
#7041 = COLOUR_RGB('',0.894999966383,0.890999961016,0.813000030345);
#7042 = STYLED_ITEM('color',(#7043),#2668);
#7043 = PRESENTATION_STYLE_ASSIGNMENT((#7044));
#7044 = SURFACE_STYLE_USAGE(.BOTH.,#7045);
#7045 = SURFACE_SIDE_STYLE('',(#7046));
#7046 = SURFACE_STYLE_FILL_AREA(#7047);
#7047 = FILL_AREA_STYLE('',(#7048));
#7048 = FILL_AREA_STYLE_COLOUR('',#6259);
#7049 = STYLED_ITEM('color',(#7050),#2685);
#7050 = PRESENTATION_STYLE_ASSIGNMENT((#7051));
#7051 = SURFACE_STYLE_USAGE(.BOTH.,#7052);
#7052 = SURFACE_SIDE_STYLE('',(#7053));
#7053 = SURFACE_STYLE_FILL_AREA(#7054);
#7054 = FILL_AREA_STYLE('',(#7055));
#7055 = FILL_AREA_STYLE_COLOUR('',#6259);
#7056 = STYLED_ITEM('color',(#7057),#2702);
#7057 = PRESENTATION_STYLE_ASSIGNMENT((#7058));
#7058 = SURFACE_STYLE_USAGE(.BOTH.,#7059);
#7059 = SURFACE_SIDE_STYLE('',(#7060));
#7060 = SURFACE_STYLE_FILL_AREA(#7061);
#7061 = FILL_AREA_STYLE('',(#7062));
#7062 = FILL_AREA_STYLE_COLOUR('',#7041);
#7063 = STYLED_ITEM('color',(#7064),#2751);
#7064 = PRESENTATION_STYLE_ASSIGNMENT((#7065));
#7065 = SURFACE_STYLE_USAGE(.BOTH.,#7066);
#7066 = SURFACE_SIDE_STYLE('',(#7067));
#7067 = SURFACE_STYLE_FILL_AREA(#7068);
#7068 = FILL_AREA_STYLE('',(#7069));
#7069 = FILL_AREA_STYLE_COLOUR('',#7041);
#7070 = STYLED_ITEM('color',(#7071),#2768);
#7071 = PRESENTATION_STYLE_ASSIGNMENT((#7072));
#7072 = SURFACE_STYLE_USAGE(.BOTH.,#7073);
#7073 = SURFACE_SIDE_STYLE('',(#7074));
#7074 = SURFACE_STYLE_FILL_AREA(#7075);
#7075 = FILL_AREA_STYLE('',(#7076));
#7076 = FILL_AREA_STYLE_COLOUR('',#6259);
#7077 = STYLED_ITEM('color',(#7078),#2837);
#7078 = PRESENTATION_STYLE_ASSIGNMENT((#7079));
#7079 = SURFACE_STYLE_USAGE(.BOTH.,#7080);
#7080 = SURFACE_SIDE_STYLE('',(#7081));
#7081 = SURFACE_STYLE_FILL_AREA(#7082);
#7082 = FILL_AREA_STYLE('',(#7083));
#7083 = FILL_AREA_STYLE_COLOUR('',#7084);
#7084 = COLOUR_RGB('',8.200000279077E-02,8.600000121357E-02,
  9.399999706163E-02);
#7085 = STYLED_ITEM('color',(#7086),#2868);
#7086 = PRESENTATION_STYLE_ASSIGNMENT((#7087));
#7087 = SURFACE_STYLE_USAGE(.BOTH.,#7088);
#7088 = SURFACE_SIDE_STYLE('',(#7089));
#7089 = SURFACE_STYLE_FILL_AREA(#7090);
#7090 = FILL_AREA_STYLE('',(#7091));
#7091 = FILL_AREA_STYLE_COLOUR('',#7084);
#7092 = STYLED_ITEM('color',(#7093),#2892);
#7093 = PRESENTATION_STYLE_ASSIGNMENT((#7094));
#7094 = SURFACE_STYLE_USAGE(.BOTH.,#7095);
#7095 = SURFACE_SIDE_STYLE('',(#7096));
#7096 = SURFACE_STYLE_FILL_AREA(#7097);
#7097 = FILL_AREA_STYLE('',(#7098));
#7098 = FILL_AREA_STYLE_COLOUR('',#6259);
#7099 = STYLED_ITEM('color',(#7100),#2961);
#7100 = PRESENTATION_STYLE_ASSIGNMENT((#7101));
#7101 = SURFACE_STYLE_USAGE(.BOTH.,#7102);
#7102 = SURFACE_SIDE_STYLE('',(#7103));
#7103 = SURFACE_STYLE_FILL_AREA(#7104);
#7104 = FILL_AREA_STYLE('',(#7105));
#7105 = FILL_AREA_STYLE_COLOUR('',#7084);
#7106 = STYLED_ITEM('color',(#7107),#2985);
#7107 = PRESENTATION_STYLE_ASSIGNMENT((#7108));
#7108 = SURFACE_STYLE_USAGE(.BOTH.,#7109);
#7109 = SURFACE_SIDE_STYLE('',(#7110));
#7110 = SURFACE_STYLE_FILL_AREA(#7111);
#7111 = FILL_AREA_STYLE('',(#7112));
#7112 = FILL_AREA_STYLE_COLOUR('',#6259);
#7113 = STYLED_ITEM('color',(#7114),#3002);
#7114 = PRESENTATION_STYLE_ASSIGNMENT((#7115));
#7115 = SURFACE_STYLE_USAGE(.BOTH.,#7116);
#7116 = SURFACE_SIDE_STYLE('',(#7117));
#7117 = SURFACE_STYLE_FILL_AREA(#7118);
#7118 = FILL_AREA_STYLE('',(#7119));
#7119 = FILL_AREA_STYLE_COLOUR('',#6259);
#7120 = STYLED_ITEM('color',(#7121),#3019);
#7121 = PRESENTATION_STYLE_ASSIGNMENT((#7122));
#7122 = SURFACE_STYLE_USAGE(.BOTH.,#7123);
#7123 = SURFACE_SIDE_STYLE('',(#7124));
#7124 = SURFACE_STYLE_FILL_AREA(#7125);
#7125 = FILL_AREA_STYLE('',(#7126));
#7126 = FILL_AREA_STYLE_COLOUR('',#6259);
#7127 = STYLED_ITEM('color',(#7128),#3036);
#7128 = PRESENTATION_STYLE_ASSIGNMENT((#7129));
#7129 = SURFACE_STYLE_USAGE(.BOTH.,#7130);
#7130 = SURFACE_SIDE_STYLE('',(#7131));
#7131 = SURFACE_STYLE_FILL_AREA(#7132);
#7132 = FILL_AREA_STYLE('',(#7133));
#7133 = FILL_AREA_STYLE_COLOUR('',#6259);
#7134 = STYLED_ITEM('color',(#7135),#3053);
#7135 = PRESENTATION_STYLE_ASSIGNMENT((#7136));
#7136 = SURFACE_STYLE_USAGE(.BOTH.,#7137);
#7137 = SURFACE_SIDE_STYLE('',(#7138));
#7138 = SURFACE_STYLE_FILL_AREA(#7139);
#7139 = FILL_AREA_STYLE('',(#7140));
#7140 = FILL_AREA_STYLE_COLOUR('',#6259);
#7141 = STYLED_ITEM('color',(#7142),#3070);
#7142 = PRESENTATION_STYLE_ASSIGNMENT((#7143));
#7143 = SURFACE_STYLE_USAGE(.BOTH.,#7144);
#7144 = SURFACE_SIDE_STYLE('',(#7145));
#7145 = SURFACE_STYLE_FILL_AREA(#7146);
#7146 = FILL_AREA_STYLE('',(#7147));
#7147 = FILL_AREA_STYLE_COLOUR('',#6259);
#7148 = STYLED_ITEM('color',(#7149),#3087);
#7149 = PRESENTATION_STYLE_ASSIGNMENT((#7150));
#7150 = SURFACE_STYLE_USAGE(.BOTH.,#7151);
#7151 = SURFACE_SIDE_STYLE('',(#7152));
#7152 = SURFACE_STYLE_FILL_AREA(#7153);
#7153 = FILL_AREA_STYLE('',(#7154));
#7154 = FILL_AREA_STYLE_COLOUR('',#6259);
#7155 = STYLED_ITEM('color',(#7156),#3104);
#7156 = PRESENTATION_STYLE_ASSIGNMENT((#7157));
#7157 = SURFACE_STYLE_USAGE(.BOTH.,#7158);
#7158 = SURFACE_SIDE_STYLE('',(#7159));
#7159 = SURFACE_STYLE_FILL_AREA(#7160);
#7160 = FILL_AREA_STYLE('',(#7161));
#7161 = FILL_AREA_STYLE_COLOUR('',#7084);
#7162 = STYLED_ITEM('color',(#7163),#3121);
#7163 = PRESENTATION_STYLE_ASSIGNMENT((#7164));
#7164 = SURFACE_STYLE_USAGE(.BOTH.,#7165);
#7165 = SURFACE_SIDE_STYLE('',(#7166));
#7166 = SURFACE_STYLE_FILL_AREA(#7167);
#7167 = FILL_AREA_STYLE('',(#7168));
#7168 = FILL_AREA_STYLE_COLOUR('',#7084);
ENDSEC;
END-ISO-10303-21;
